{
"type": "FeatureCollection",
"name": "nyc_pizza_new",
"features": [
{ "type": "Feature", "properties": { "id": "08f2a13408c92135031438f23b9e1983", "name": "Tony Sopranos Pizza & Ristorante", "confidence": 0.99497955735766175, "socials": [ "https://www.facebook.com/154687674608968" ] }, "geometry": { "type": "Point", "coordinates": [ -74.985158, 40.0000789 ] } },
{ "type": "Feature", "properties": { "id": "08f2a1340c78c28d03683cb12705ec33", "name": "Pats Select Pizza and Grill", "confidence": 0.99497955735766175, "socials": [ "https://www.facebook.com/102500822403190" ] }, "geometry": { "type": "Point", "coordinates": [ -74.9724893, 40.0070554 ] } },
{ "type": "Feature", "properties": { "id": "08f2a134018c24ad03773c06da155fed", "name": "Bella Pizza Cafe", "confidence": 0.99497955735766175, "socials": [ "https://www.facebook.com/100996899356916" ] }, "geometry": { "type": "Point", "coordinates": [ -74.9730598, 40.0316774 ] } },
{ "type": "Feature", "properties": { "id": "08f2a1340012d16e03e830d3c1ad2241", "name": "The Original's Restaurant & Bar", "confidence": 0.77, "socials": null }, "geometry": { "type": "Point", "coordinates": [ -74.990105, 40.048931 ] } },
{ "type": "Feature", "properties": { "id": "08f2a1340446999103bb48a6befa34d7", "name": "Artigiano Pizza", "confidence": 0.98296875, "socials": [ "https://www.facebook.com/113955251969474" ] }, "geometry": { "type": "Point", "coordinates": [ -74.9871664, 40.0646329 ] } },
{ "type": "Feature", "properties": { "id": "08f2a1340409c420037fc3e124778da2", "name": "The Original Charlie's Pizzeria", "confidence": 0.97817198851157294, "socials": [ "https://www.facebook.com/101997719108563" ] }, "geometry": { "type": "Point", "coordinates": [ -74.9859709, 40.0648544 ] } },
{ "type": "Feature", "properties": { "id": "08f2a1340409d8a2035612508f1e770b", "name": "Papa John's Pizza", "confidence": 0.77, "socials": null }, "geometry": { "type": "Point", "coordinates": [ -74.9849357, 40.0646285 ] } },
{ "type": "Feature", "properties": { "id": "08f2a1340408ed28030586f3d0a1b7d5", "name": "Charlie's Pizzeria", "confidence": 0.77, "socials": null }, "geometry": { "type": "Point", "coordinates": [ -74.9848026, 40.0646994 ] } },
{ "type": "Feature", "properties": { "id": "08f2a134048592e503a984732d6297c9", "name": "Camila's Pizzeria II", "confidence": 0.99497955735766175, "socials": [ "https://www.facebook.com/281739985973715" ] }, "geometry": { "type": "Point", "coordinates": [ -74.971164, 40.0670883 ] } },
{ "type": "Feature", "properties": { "id": "08f2a1340c70095b0375fe6e07c94941", "name": "Mikes Pizza & Sub Shop", "confidence": 0.97817198851157294, "socials": [ "https://www.facebook.com/243312893236415" ] }, "geometry": { "type": "Point", "coordinates": [ -74.9686022, 40.0082396 ] } },
{ "type": "Feature", "properties": { "id": "08f2a1340c021309035615e4d8b321c0", "name": "Pizza Hut Express", "confidence": 0.93837369560937189, "socials": [ "https://www.facebook.com/1459492464097074" ] }, "geometry": { "type": "Point", "coordinates": [ -74.9610391, 40.0112577 ] } },
{ "type": "Feature", "properties": { "id": "08f2a1340c15328c030eae61f6d41bcc", "name": "Capixabas Pizza", "confidence": 0.99497955735766175, "socials": [ "https://www.facebook.com/102487254951981" ] }, "geometry": { "type": "Point", "coordinates": [ -74.9602885, 40.0109316 ] } },
{ "type": "Feature", "properties": { "id": "08f2a1340c17395c03832b5336195adb", "name": "Pizza Hut Express", "confidence": 0.77, "socials": null }, "geometry": { "type": "Point", "coordinates": [ -74.958774, 40.011923 ] } },
{ "type": "Feature", "properties": { "id": "08f2a13401a40c4c03f611a95c626766", "name": "Milanese Pizza", "confidence": 0.35051546391752575, "socials": [ "https://www.facebook.com/426965478077739" ] }, "geometry": { "type": "Point", "coordinates": [ -74.9655049, 40.024061 ] } },
{ "type": "Feature", "properties": { "id": "08f2a1342b514b1603fe0405cf58735a", "name": "Tony's Pizza Delran", "confidence": 0.47268106734434556, "socials": [ "https://www.facebook.com/1565526133768958" ] }, "geometry": { "type": "Point", "coordinates": [ -74.9429055, 40.0176761 ] } },
{ "type": "Feature", "properties": { "id": "08f2a1342b19b934038c33ff40e4d2af", "name": "Pizza Amore", "confidence": 0.97817198851157294, "socials": [ "https://www.facebook.com/104945246215523" ] }, "geometry": { "type": "Point", "coordinates": [ -74.9367515, 40.0135244 ] } },
{ "type": "Feature", "properties": { "id": "08f2a1342d09480003039be97d7499c9", "name": "Topspin Pizzeria", "confidence": 0.35051546391752575, "socials": [ "https://www.facebook.com/391514441211700" ] }, "geometry": { "type": "Point", "coordinates": [ -74.89531, 40.03257 ] } },
{ "type": "Feature", "properties": { "id": "08f2a13401825215034b4693958b8bd3", "name": "Milanese Pizza", "confidence": 0.97817198851157294, "socials": [ "https://www.facebook.com/106295620776701" ] }, "geometry": { "type": "Point", "coordinates": [ -74.9685871, 40.0349008 ] } },
{ "type": "Feature", "properties": { "id": "08f2a1342ac9c4310313c77d638c8d19", "name": "Arnieri's Pizzeria", "confidence": 0.97817198851157294, "socials": [ "https://www.facebook.com/102084866539207" ] }, "geometry": { "type": "Point", "coordinates": [ -74.9569149, 40.0371011 ] } },
{ "type": "Feature", "properties": { "id": "08f2a1342acad24d03112a7abe4e361a", "name": "Angelo's Pizza", "confidence": 0.99497955735766175, "socials": [ "https://www.facebook.com/119276734752822" ] }, "geometry": { "type": "Point", "coordinates": [ -74.9535566, 40.0369724 ] } },
{ "type": "Feature", "properties": { "id": "08f2a134058688140372c875731c721e", "name": "Vinny's Pizza", "confidence": 0.99497955735766175, "socials": [ "https://www.facebook.com/169137949922075" ] }, "geometry": { "type": "Point", "coordinates": [ -74.9526777, 40.0503687 ] } },
{ "type": "Feature", "properties": { "id": "08f2a134048408c203d90cb0f30ff12f", "name": "Luca Pizza", "confidence": 0.99497955735766175, "socials": [ "https://www.facebook.com/116203821737813" ] }, "geometry": { "type": "Point", "coordinates": [ -74.970059, 40.068377 ] } },
{ "type": "Feature", "properties": { "id": "08f2a1342359087503de8d1f61400dda", "name": "Champ's Pizza", "confidence": 0.77, "socials": null }, "geometry": { "type": "Point", "coordinates": [ -74.965424, 40.071635 ] } },
{ "type": "Feature", "properties": { "id": "08f2a134235b54b40363c41e661566d8", "name": "Champs Pizza", "confidence": 0.77, "socials": null }, "geometry": { "type": "Point", "coordinates": [ -74.96418, 40.07244 ] } },
{ "type": "Feature", "properties": { "id": "08f2a134222d4cec0348f0f2f8642493", "name": "Champ's Pizza", "confidence": 0.97817198851157294, "socials": [ "https://www.facebook.com/308247077056" ] }, "geometry": { "type": "Point", "coordinates": [ -74.9676116, 40.0745095 ] } },
{ "type": "Feature", "properties": { "id": "08f2a1342236b24e0333ac632a1daddd", "name": "Bella Vita Pizza & Pasta", "confidence": 0.31588785046728973, "socials": [ "https://www.facebook.com/255361831323589" ] }, "geometry": { "type": "Point", "coordinates": [ -74.95886, 40.07569 ] } },
{ "type": "Feature", "properties": { "id": "08f2a1342236b243039020b987ee336a", "name": "Original Apple Pizza", "confidence": 0.99497955735766175, "socials": [ "https://www.facebook.com/834930473229325" ] }, "geometry": { "type": "Point", "coordinates": [ -74.9587579, 40.0756472 ] } },
{ "type": "Feature", "properties": { "id": "08f2a13423d2586103990d2c45056f78", "name": "Apollo's Family Pizzeria", "confidence": 0.99497955735766175, "socials": [ "https://www.facebook.com/185219251543591" ] }, "geometry": { "type": "Point", "coordinates": [ -74.9498091, 40.0778057 ] } },
{ "type": "Feature", "properties": { "id": "08f2a13428d49ab103859c4b8dde7520", "name": "Supremos", "confidence": 0.99497955735766175, "socials": [ "https://www.facebook.com/1690508544512922" ] }, "geometry": { "type": "Point", "coordinates": [ -74.9169993, 40.0373335 ] } },
{ "type": "Feature", "properties": { "id": "08f2a1342c210c5c03c9d61423289b2f", "name": "Gaetano's Penny Packer", "confidence": 0.87645687645687642, "socials": [ "https://www.facebook.com/531790416939554" ] }, "geometry": { "type": "Point", "coordinates": [ -74.9056, 40.04227 ] } },
{ "type": "Feature", "properties": { "id": "08f2a1342ccc9b8a03f27a966b5fc00e", "name": "The Deli & Pizza Shop", "confidence": 0.99497955735766175, "socials": [ "https://www.facebook.com/185969438118758" ] }, "geometry": { "type": "Point", "coordinates": [ -74.9094779, 40.0533646 ] } },
{ "type": "Feature", "properties": { "id": "08f2a1342c330b26030753fce99fc45b", "name": "Vincenzo's", "confidence": 0.99497955735766175, "socials": [ "https://www.facebook.com/235242876668467" ] }, "geometry": { "type": "Point", "coordinates": [ -74.9015267, 40.0456888 ] } },
{ "type": "Feature", "properties": { "id": "08f2a1342ca234550399bba4bfd26f68", "name": "Domino's Pizza", "confidence": 0.99497955735766175, "socials": [ "https://www.facebook.com/486432178092025" ] }, "geometry": { "type": "Point", "coordinates": [ -74.894414, 40.0478256 ] } },
{ "type": "Feature", "properties": { "id": "08f2a1342c9505b4038531e1a8a54010", "name": "Crazy Cow Steak and Pizza", "confidence": 0.97817198851157294, "socials": [ "https://www.facebook.com/488627111309328" ] }, "geometry": { "type": "Point", "coordinates": [ -74.8953703, 40.0558097 ] } },
{ "type": "Feature", "properties": { "id": "08f2a135534950cc03c2799d1a1644fc", "name": "Jersey Bagel Cafe", "confidence": 0.99497955735766175, "socials": [ "https://www.facebook.com/1609457529065831" ] }, "geometry": { "type": "Point", "coordinates": [ -74.8921952, 40.0530974 ] } },
{ "type": "Feature", "properties": { "id": "08f2a135535832d50361fb991a2ebe62", "name": "Pizza Hut", "confidence": 0.99497955735766175, "socials": [ "https://www.facebook.com/861102790930592" ] }, "geometry": { "type": "Point", "coordinates": [ -74.889578, 40.0549728 ] } },
{ "type": "Feature", "properties": { "id": "08f2a13421764ad903a1b068dc43daf4", "name": "Riccardo's Pizza & Restaurant", "confidence": 0.99497955735766175, "socials": [ "https://www.facebook.com/107606399397557" ] }, "geometry": { "type": "Point", "coordinates": [ -74.9240126, 40.063252 ] } },
{ "type": "Feature", "properties": { "id": "08f2a1355a05530c035623e16c8caea0", "name": "East Ridge Pizzeria", "confidence": 0.99497955735766175, "socials": [ "https://www.facebook.com/122719680748900" ] }, "geometry": { "type": "Point", "coordinates": [ -74.8728288, 40.0117776 ] } },
{ "type": "Feature", "properties": { "id": "08f2a1342da0392203485d94b7c36066", "name": "Little Caesars", "confidence": 0.99497955735766175, "socials": [ "https://www.facebook.com/348438945324662" ] }, "geometry": { "type": "Point", "coordinates": [ -74.8795682, 40.029198 ] } },
{ "type": "Feature", "properties": { "id": "08f2a1355e25473403b93b57ca1feb3d", "name": "Pepperoni's Pizza and Ice Cream", "confidence": 0.99497955735766175, "socials": [ "https://www.facebook.com/104997534609531" ] }, "geometry": { "type": "Point", "coordinates": [ -74.8569742, 40.0232304 ] } },
{ "type": "Feature", "properties": { "id": "08f2a1355e223d5d03522c3f908c0ecc", "name": "Di Francesco Pizza", "confidence": 0.99497955735766175, "socials": [ "https://www.facebook.com/110277502648211" ] }, "geometry": { "type": "Point", "coordinates": [ -74.8571241, 40.0257669 ] } },
{ "type": "Feature", "properties": { "id": "08f2a1354a8b2929033be5749920d1bb", "name": "Papa Johns Pizza", "confidence": 0.99497955735766175, "socials": [ "https://www.facebook.com/471080472763136" ] }, "geometry": { "type": "Point", "coordinates": [ -74.7963261, 40.0049881 ] } },
{ "type": "Feature", "properties": { "id": "08f2a1355daeeb2a03e25c52c968d69e", "name": "Pizza Hut", "confidence": 0.99497955735766175, "socials": [ "https://www.facebook.com/103085687870780" ] }, "geometry": { "type": "Point", "coordinates": [ -74.8050584, 40.0113067 ] } },
{ "type": "Feature", "properties": { "id": "08f2a1354e6d80cb0360cdd211f2e07e", "name": "Pizza Hut", "confidence": 0.41176470588235292, "socials": [ "https://www.facebook.com/164637606897070" ] }, "geometry": { "type": "Point", "coordinates": [ -74.7971, 40.008095 ] } },
{ "type": "Feature", "properties": { "id": "08f2a13553299b400323881285aab697", "name": "Riccardo's Pizza & Restaurant", "confidence": 0.97817198851157294, "socials": [ "https://www.facebook.com/101665879610045" ] }, "geometry": { "type": "Point", "coordinates": [ -74.8785212, 40.0416168 ] } },
{ "type": "Feature", "properties": { "id": "08f2a1355328121103e51cb5106c9b3b", "name": "Papa Johns Pizza", "confidence": 0.99497955735766175, "socials": [ "https://www.facebook.com/511640762033763" ] }, "geometry": { "type": "Point", "coordinates": [ -74.8776473, 40.0422979 ] } },
{ "type": "Feature", "properties": { "id": "08f2a135530ee0dc035f5f89676face6", "name": "Pizza Wings Steaks & Things", "confidence": 0.97817198851157294, "socials": [ "https://www.facebook.com/140835612594865" ] }, "geometry": { "type": "Point", "coordinates": [ -74.877197, 40.0479977 ] } },
{ "type": "Feature", "properties": { "id": "08f2a1355380b72e03686288ef0bc305", "name": "Brother's Pizza", "confidence": 0.77, "socials": null }, "geometry": { "type": "Point", "coordinates": [ -74.8682347, 40.0547163 ] } },
{ "type": "Feature", "properties": { "id": "08f2a1355113271e03ae8a64b9992b25", "name": "Pizza Village", "confidence": 0.99497955735766175, "socials": [ "https://www.facebook.com/159934927362091" ] }, "geometry": { "type": "Point", "coordinates": [ -74.8458156, 40.0552576 ] } },
{ "type": "Feature", "properties": { "id": "08f2a1355116389c03b9252db0069e67", "name": "Pizza 541", "confidence": 0.77, "socials": null }, "geometry": { "type": "Point", "coordinates": [ -74.8416909, 40.0524243 ] } },
{ "type": "Feature", "properties": { "id": "08f2a135518c3a1e0353875e88da8310", "name": "Pizza 541", "confidence": 0.97817198851157294, "socials": [ "https://www.facebook.com/2177461355858793" ] }, "geometry": { "type": "Point", "coordinates": [ -74.8408374, 40.0541178 ] } },
{ "type": "Feature", "properties": { "id": "08f2a1355078068e0314a9507d4b2496", "name": "Rino's Ristorante & Pizzeria", "confidence": 0.77, "socials": null }, "geometry": { "type": "Point", "coordinates": [ -74.873284, 40.0664659 ] } },
{ "type": "Feature", "properties": { "id": "08f2a13550784b1d03a812ee30fb285f", "name": "Rino's Pizzeria and Restaurant", "confidence": 0.99497955735766175, "socials": [ "https://www.facebook.com/919475461554046" ] }, "geometry": { "type": "Point", "coordinates": [ -74.8724046, 40.0668807 ] } },
{ "type": "Feature", "properties": { "id": "08f2a135508d9a1b03bbfcf3c3997a89", "name": "Villa Rosa Restaurant & Pizzeria", "confidence": 0.77, "socials": null }, "geometry": { "type": "Point", "coordinates": [ -74.8570484, 40.0711751 ] } },
{ "type": "Feature", "properties": { "id": "08f2a135508ca3a103617a5e7ac0e766", "name": "Villa Rosa Pizzeria & Restaurant", "confidence": 0.71069587628865982, "socials": [ "https://www.facebook.com/247529698630417" ] }, "geometry": { "type": "Point", "coordinates": [ -74.8566723, 40.0711904 ] } },
{ "type": "Feature", "properties": { "id": "08f2a13550b834a003933314c5c98701", "name": "Domino's Pizza", "confidence": 0.99497955735766175, "socials": [ "https://www.facebook.com/168138236691465" ] }, "geometry": { "type": "Point", "coordinates": [ -74.8547934, 40.0696192 ] } },
{ "type": "Feature", "properties": { "id": "08f2a13550845305035bde481bd2457c", "name": "Toscana's Pizzeria & Restaurant 2", "confidence": 0.77, "socials": null }, "geometry": { "type": "Point", "coordinates": [ -74.8515584, 40.0724826 ] } },
{ "type": "Feature", "properties": { "id": "08f2a135508458d6035729e5b4d7bc9e", "name": "Elite Pizzeria", "confidence": 0.77, "socials": null }, "geometry": { "type": "Point", "coordinates": [ -74.851572, 40.072661 ] } },
{ "type": "Feature", "properties": { "id": "08f2a1355c89301a03d8f53b51906ef2", "name": "Chuck E. Cheese's", "confidence": 0.77, "socials": null }, "geometry": { "type": "Point", "coordinates": [ -74.8289799, 40.0392638 ] } },
{ "type": "Feature", "properties": { "id": "08f2a13551af017403089c3023c42969", "name": "Villa Pizza", "confidence": 0.97817198851157294, "socials": [ "https://www.facebook.com/200247573345597" ] }, "geometry": { "type": "Point", "coordinates": [ -74.8384632, 40.0480636 ] } },
{ "type": "Feature", "properties": { "id": "08f2a1354a99d9b6037bd7f418be50bb", "name": "Sals Pizzeria Fairground Plaza", "confidence": 0.35051546391752575, "socials": [ "https://www.facebook.com/111537665551857" ] }, "geometry": { "type": "Point", "coordinates": [ -74.7941956, 40.0058705 ] } },
{ "type": "Feature", "properties": { "id": "08f2a1354a98171103aff7195f22b74a", "name": "Sal's Pizza", "confidence": 0.9961633011413521, "socials": [ "https://www.facebook.com/475656676124567" ] }, "geometry": { "type": "Point", "coordinates": [ -74.7937231, 40.0058899 ] } },
{ "type": "Feature", "properties": { "id": "08f2a1356b099608034298b3eef544ee", "name": "Pizza Barn", "confidence": 0.97817198851157294, "socials": [ "https://www.facebook.com/109023745055722" ] }, "geometry": { "type": "Point", "coordinates": [ -74.7320776, 40.0177622 ] } },
{ "type": "Feature", "properties": { "id": "08f2a1356b09960803254abc0afe8b19", "name": "Sammy's PIZZA BARN", "confidence": 0.71069587628865982, "socials": [ "https://www.facebook.com/1534918780092230" ] }, "geometry": { "type": "Point", "coordinates": [ -74.7320776, 40.0177622 ] } },
{ "type": "Feature", "properties": { "id": "08f2a1356e068cf103a83ae646532aae", "name": "Kate & Al's Pizza", "confidence": 0.97817198851157294, "socials": [ "https://www.facebook.com/891151770917585" ] }, "geometry": { "type": "Point", "coordinates": [ -74.7251901, 40.0530768 ] } },
{ "type": "Feature", "properties": { "id": "08f2a1356e0624a203d314ccf6a6cfd0", "name": "Pete's Old Fashion Tomato Pies", "confidence": 0.97817198851157294, "socials": [ "https://www.facebook.com/124186124287279" ] }, "geometry": { "type": "Point", "coordinates": [ -74.7263517, 40.0541076 ] } },
{ "type": "Feature", "properties": { "id": "08f2a13568995d5d03c95b2fb7d86bd3", "name": "Cara Mia's Pizza LLC", "confidence": 0.57790927021696248, "socials": [ "https://www.facebook.com/1707999936081494" ] }, "geometry": { "type": "Point", "coordinates": [ -74.708144, 40.0465568 ] } },
{ "type": "Feature", "properties": { "id": "08f2a13561449c8503cc992152843f39", "name": "Europa Pizza & Restaurant", "confidence": 0.99497955735766175, "socials": [ "https://www.facebook.com/119980658018099" ] }, "geometry": { "type": "Point", "coordinates": [ -74.7229937, 40.0729624 ] } },
{ "type": "Feature", "properties": { "id": "08f2a1356d7330c903f26e1e474d9a41", "name": "JobsTown Pizza & Grill", "confidence": 0.97817198851157294, "socials": [ "https://www.facebook.com/219595348235533" ] }, "geometry": { "type": "Point", "coordinates": [ -74.6907479, 40.0368226 ] } },
{ "type": "Feature", "properties": { "id": "08f2a1356d7330c9033bc99994cef57f", "name": "JobsTown Pizza", "confidence": 0.77, "socials": null }, "geometry": { "type": "Point", "coordinates": [ -74.6904945, 40.0368109 ] } },
{ "type": "Feature", "properties": { "id": "08f2a1319c344792031fb89224ee74ac", "name": "Yordana's Pizza", "confidence": 0.97817198851157294, "socials": [ "https://www.facebook.com/80210400015" ] }, "geometry": { "type": "Point", "coordinates": [ -74.6180399, 40.0336599 ] } },
{ "type": "Feature", "properties": { "id": "08f2a1319caa364503dd1031164dc83c", "name": "Papa Johns Pizza", "confidence": 0.99497955735766175, "socials": [ "https://www.facebook.com/553278167858384" ] }, "geometry": { "type": "Point", "coordinates": [ -74.6174455, 40.0387889 ] } },
{ "type": "Feature", "properties": { "id": "08f2a131836b2a53038090fb47b89e03", "name": "Espositos", "confidence": 0.35051546391752575, "socials": [ "https://www.facebook.com/407994159994293" ] }, "geometry": { "type": "Point", "coordinates": [ -74.6082899, 40.0372633 ] } },
{ "type": "Feature", "properties": { "id": "08f2a1319c8c801a033ad2b410bb933e", "name": "Quick and Delicious. By: Mamma Floras", "confidence": 0.98331870061457416, "socials": [ "https://www.facebook.com/590569287687304" ] }, "geometry": { "type": "Point", "coordinates": [ -74.6181718, 40.0426794 ] } },
{ "type": "Feature", "properties": { "id": "08f2a1319cbb3498034421aca4b17fe9", "name": "Romeos Pizza & Italian Rest.", "confidence": 0.31588785046728973, "socials": [ "https://www.facebook.com/239972872750124" ] }, "geometry": { "type": "Point", "coordinates": [ -74.61775, 40.04294 ] } },
{ "type": "Feature", "properties": { "id": "08f2a13183b483910316c6c652685c71", "name": "Pizza Hut", "confidence": 0.99497955735766175, "socials": [ "https://www.facebook.com/1698726303729138" ] }, "geometry": { "type": "Point", "coordinates": [ -74.5800127, 40.0385872 ] } },
{ "type": "Feature", "properties": { "id": "08f2a13183b2d6580349eae5daa50883", "name": "Domino's Pizza", "confidence": 0.99497955735766175, "socials": [ "https://www.facebook.com/185311474963486" ] }, "geometry": { "type": "Point", "coordinates": [ -74.5804039, 40.0415911 ] } },
{ "type": "Feature", "properties": { "id": "08f2a131814e84c903c17d949b5fe7bd", "name": "3 Brothers Pizza and Restaurant", "confidence": 0.97817198851157294, "socials": [ "https://www.facebook.com/103486506378668" ] }, "geometry": { "type": "Point", "coordinates": [ -74.5771587, 40.0422552 ] } },
{ "type": "Feature", "properties": { "id": "08f2a131ae58630103ecb3328374abe3", "name": "Anthony's Italian Restaurant", "confidence": 0.77, "socials": null }, "geometry": { "type": "Point", "coordinates": [ -74.5355299, 40.0677191 ] } },
{ "type": "Feature", "properties": { "id": "08f2a13431055a8b03cbd49ec8d16f4b", "name": "Pizza City", "confidence": 0.97817198851157294, "socials": [ "https://www.facebook.com/116166855070813" ] }, "geometry": { "type": "Point", "coordinates": [ -74.995094, 40.0809158 ] } },
{ "type": "Feature", "properties": { "id": "08f2a13422090d5e030ba9ae83ef0d90", "name": "Speedy's Pizza", "confidence": 0.99497955735766175, "socials": [ "https://www.facebook.com/313797102126333" ] }, "geometry": { "type": "Point", "coordinates": [ -74.9729544, 40.0844066 ] } },
{ "type": "Feature", "properties": { "id": "08f2a1342219a469037e98d3ca361a9f", "name": "Joe Santucci's Square Pizza Bar & Grill", "confidence": 0.99497955735766175, "socials": [ "https://www.facebook.com/1657998424436719" ] }, "geometry": { "type": "Point", "coordinates": [ -74.9712624, 40.0858999 ] } },
{ "type": "Feature", "properties": { "id": "08f2a13435329286033ece0ce166b8cc", "name": "Pat's Pizzeria", "confidence": 0.77, "socials": null }, "geometry": { "type": "Point", "coordinates": [ -74.97651, 40.096125 ] } },
{ "type": "Feature", "properties": { "id": "08f2a13435375951035f231618b5b3be", "name": "Pat's Pizzeria", "confidence": 0.97817198851157294, "socials": [ "https://www.facebook.com/111737605530410" ] }, "geometry": { "type": "Point", "coordinates": [ -74.975187, 40.0956257 ] } },
{ "type": "Feature", "properties": { "id": "08f2a13434155a5d030dd9aee420c720", "name": "Momma Mia's Pizzeria", "confidence": 0.97817198851157294, "socials": [ "https://www.facebook.com/652139281804981" ] }, "geometry": { "type": "Point", "coordinates": [ -74.9951283, 40.1201531 ] } },
{ "type": "Feature", "properties": { "id": "08f2a1351a18db800351de72d9f843ce", "name": "Angela's Pizza ll", "confidence": 0.97817198851157294, "socials": [ "https://www.facebook.com/208440545924278" ] }, "geometry": { "type": "Point", "coordinates": [ -74.986187, 40.1401869 ] } },
{ "type": "Feature", "properties": { "id": "08f2a1351a893a030360aff3f2ad09b2", "name": "Mama Russo's Pizzeria", "confidence": 0.77, "socials": null }, "geometry": { "type": "Point", "coordinates": [ -74.9828341, 40.1438477 ] } },
{ "type": "Feature", "properties": { "id": "08f2a1351a893ac10339ebe5c76e1eec", "name": "Mama Russo's Pizzeria", "confidence": 0.98331870061457416, "socials": [ "https://www.facebook.com/101629408279808" ] }, "geometry": { "type": "Point", "coordinates": [ -74.9827801, 40.1439473 ] } },
{ "type": "Feature", "properties": { "id": "08f2a1351a893a22034b7d5a452ee0e9", "name": "Goombahs Pizzeria", "confidence": 0.77, "socials": null }, "geometry": { "type": "Point", "coordinates": [ -74.982732, 40.144019 ] } },
{ "type": "Feature", "properties": { "id": "08f2a1351a893a23039f343ea416f643", "name": "Chicco's Pizza", "confidence": 0.77, "socials": null }, "geometry": { "type": "Point", "coordinates": [ -74.98273, 40.1440168 ] } },
{ "type": "Feature", "properties": { "id": "08f2a135ad2694dc0333d99b1c2932c1", "name": "La VERA Pizzeria Feasterville", "confidence": 0.99497955735766175, "socials": [ "https://www.facebook.com/453697611460466" ] }, "geometry": { "type": "Point", "coordinates": [ -74.9944088, 40.1456142 ] } },
{ "type": "Feature", "properties": { "id": "08f2a135ad275caa0367a197b1052a71", "name": "Domino's Pizza", "confidence": 0.99497955735766175, "socials": [ "https://www.facebook.com/575567229154472" ] }, "geometry": { "type": "Point", "coordinates": [ -74.9958706, 40.1473923 ] } },
{ "type": "Feature", "properties": { "id": "08f2a135ad20516503a373b8e969eb5c", "name": "Papa John's Pizza", "confidence": 0.99497955735766175, "socials": [ "https://www.facebook.com/110253241277702" ] }, "geometry": { "type": "Point", "coordinates": [ -74.9976364, 40.1487967 ] } },
{ "type": "Feature", "properties": { "id": "08f2a135ad0750da03f8762406269413", "name": "Big Sam's Pizza", "confidence": 0.92595108695652173, "socials": [ "https://www.facebook.com/1099151750191620" ] }, "geometry": { "type": "Point", "coordinates": [ -74.9981402, 40.155229 ] } },
{ "type": "Feature", "properties": { "id": "08f2a1351e74ab5d032be71dc75de1b6", "name": "Johnny's Famous Pizza", "confidence": 0.47268106734434556, "socials": [ "https://www.facebook.com/109568458094322" ] }, "geometry": { "type": "Point", "coordinates": [ -74.9752408, 40.1510163 ] } },
{ "type": "Feature", "properties": { "id": "08f2a1351e74aac1031687c71a0aaa4a", "name": "A&G Pizzeria Locale", "confidence": 0.97817198851157294, "socials": [ "https://www.facebook.com/179125761947566" ] }, "geometry": { "type": "Point", "coordinates": [ -74.9750989, 40.1509336 ] } },
{ "type": "Feature", "properties": { "id": "08f2a1351e0dc22d039c265a48746fa3", "name": "Trevose Pizza", "confidence": 0.97817198851157294, "socials": [ "https://www.facebook.com/107072519091104" ] }, "geometry": { "type": "Point", "coordinates": [ -74.9741267, 40.1543322 ] } },
{ "type": "Feature", "properties": { "id": "08f2a135ad844b91033caf7bc79fc676", "name": "Nina's II Pizza", "confidence": 0.97817198851157294, "socials": [ "https://www.facebook.com/344268342358717" ] }, "geometry": { "type": "Point", "coordinates": [ -74.9900394, 40.1598523 ] } },
{ "type": "Feature", "properties": { "id": "08f2a13422146ae5033167c476577934", "name": "Sbarro", "confidence": 0.99497955735766175, "socials": [ "https://www.facebook.com/111081240298133" ] }, "geometry": { "type": "Point", "coordinates": [ -74.9628456, 40.0846118 ] } },
{ "type": "Feature", "properties": { "id": "08f2a13420728a8b03c029c6f2fd6ddf", "name": "Napoli's Pizzeria", "confidence": 0.9961633011413521, "socials": [ "https://www.facebook.com/385395594956725" ] }, "geometry": { "type": "Point", "coordinates": [ -74.9419429, 40.0819055 ] } },
{ "type": "Feature", "properties": { "id": "08f2a13426304aac03470e6e8b6e1b5c", "name": "Aldo's Pizzeria", "confidence": 0.99497955735766175, "socials": [ "https://www.facebook.com/100280279477020" ] }, "geometry": { "type": "Point", "coordinates": [ -74.9482292, 40.0984584 ] } },
{ "type": "Feature", "properties": { "id": "08f2a1342606085b03ebe23821c226a4", "name": "Sofiabella Pizzeria", "confidence": 0.99497955735766175, "socials": [ "https://www.facebook.com/201006916756212" ] }, "geometry": { "type": "Point", "coordinates": [ -74.9495702, 40.1014672 ] } },
{ "type": "Feature", "properties": { "id": "08f2a1342615938903c0754f99e86cc5", "name": "Pizza Hut", "confidence": 0.99497955735766175, "socials": [ "https://www.facebook.com/106338984662064" ] }, "geometry": { "type": "Point", "coordinates": [ -74.9497063, 40.1020581 ] } },
{ "type": "Feature", "properties": { "id": "08f2a134268da50903cf0ae92ad7f3b8", "name": "All Star Pizza", "confidence": 0.9961633011413521, "socials": [ "https://www.facebook.com/215395602327902" ] }, "geometry": { "type": "Point", "coordinates": [ -74.948852, 40.1050059 ] } },
{ "type": "Feature", "properties": { "id": "08f2a13426c2536a03757b80086c2fa5", "name": "Prisco's Lil' Taste of Philly", "confidence": 0.77, "socials": null }, "geometry": { "type": "Point", "coordinates": [ -74.954797, 40.1109026 ] } },
{ "type": "Feature", "properties": { "id": "08f2a13426c2325803ec863de1b5485d", "name": "Singas Famous Pizza", "confidence": 0.97817198851157294, "socials": [ "https://www.facebook.com/102328812622954" ] }, "geometry": { "type": "Point", "coordinates": [ -74.9549164, 40.1111 ] } },
{ "type": "Feature", "properties": { "id": "08f2a13426c252c50392870ccd950e8d", "name": "Singas Famous Pizza", "confidence": 0.77, "socials": null }, "geometry": { "type": "Point", "coordinates": [ -74.9541199, 40.1114888 ] } },
{ "type": "Feature", "properties": { "id": "08f2a13426d7306203b9a22fb5b92a1f", "name": "Papa John's Pizza", "confidence": 0.99497955735766175, "socials": [ "https://www.facebook.com/203664476312194" ] }, "geometry": { "type": "Point", "coordinates": [ -74.9520861, 40.1117565 ] } },
{ "type": "Feature", "properties": { "id": "08f2a13426b20b29038c4efb2e30e5e9", "name": "Old Roman Pizza", "confidence": 0.77, "socials": null }, "geometry": { "type": "Point", "coordinates": [ -74.9392201, 40.104352 ] } },
{ "type": "Feature", "properties": { "id": "08f2a1342448dd660389c0f5880769bc", "name": "Old Friends Pizza", "confidence": 0.97817198851157294, "socials": [ "https://www.facebook.com/1498634933700749" ] }, "geometry": { "type": "Point", "coordinates": [ -74.9377875, 40.1053884 ] } },
{ "type": "Feature", "properties": { "id": "08f2a135192ebd8003a85cfe6242e188", "name": "Adriatic Pizza and Pasta", "confidence": 0.21337126600284495, "socials": [ "https://www.facebook.com/104791887688072" ] }, "geometry": { "type": "Point", "coordinates": [ -74.937884, 40.110998 ] } },
{ "type": "Feature", "properties": { "id": "08f2a1342448dd66035332141c2ab582", "name": "Old Friends Pizza", "confidence": 0.77, "socials": null }, "geometry": { "type": "Point", "coordinates": [ -74.937706, 40.105347 ] } },
{ "type": "Feature", "properties": { "id": "08f2a1342458e8c903bf81a1064003a1", "name": "Stefano's II Brick Oven Pizza", "confidence": 0.97817198851157294, "socials": [ "https://www.facebook.com/1049811108392906" ] }, "geometry": { "type": "Point", "coordinates": [ -74.9366613, 40.1082621 ] } },
{ "type": "Feature", "properties": { "id": "08f2a13424192db103b6492e6fa71034", "name": "Vincenzo's Pizza", "confidence": 0.99497955735766175, "socials": [ "https://www.facebook.com/119734711375960" ] }, "geometry": { "type": "Point", "coordinates": [ -74.9284874, 40.1071833 ] } },
{ "type": "Feature", "properties": { "id": "08f2a1351921e54e03ed8be7be06245e", "name": "La Cena Pizza Galloway", "confidence": 0.93837369560937189, "socials": [ "https://www.facebook.com/104113055805605" ] }, "geometry": { "type": "Point", "coordinates": [ -74.9385508, 40.1139716 ] } },
{ "type": "Feature", "properties": { "id": "08f2a1351921ed2e0385d0bd1bf35a54", "name": "La Cena Take Out", "confidence": 0.77, "socials": null }, "geometry": { "type": "Point", "coordinates": [ -74.9385505, 40.1139719 ] } },
{ "type": "Feature", "properties": { "id": "08f2a135192506c0035d97e966c5b54a", "name": "Domino's Pizza", "confidence": 0.35051546391752575, "socials": [ "https://www.facebook.com/111196488914738" ] }, "geometry": { "type": "Point", "coordinates": [ -74.936551, 40.111796 ] } },
{ "type": "Feature", "properties": { "id": "08f2a13425028cdd03722c13099ab3d9", "name": "Friendly Pizza", "confidence": 0.77, "socials": null }, "geometry": { "type": "Point", "coordinates": [ -74.9065476, 40.0861148 ] } },
{ "type": "Feature", "properties": { "id": "08f2a13425151500034ea6f4aa680f93", "name": "La Vera Pizza", "confidence": 0.99497955735766175, "socials": [ "https://www.facebook.com/1434605003422181" ] }, "geometry": { "type": "Point", "coordinates": [ -74.9050551, 40.0865819 ] } },
{ "type": "Feature", "properties": { "id": "08f2a1342096513103ba845440f6c1af", "name": "The Original Charlie's Pizza - Bensalem", "confidence": 0.77, "socials": null }, "geometry": { "type": "Point", "coordinates": [ -74.9233434, 40.0918779 ] } },
{ "type": "Feature", "properties": { "id": "08f2a13425c18a69037645b64a7a0c1c", "name": "Sarappo's Pizza", "confidence": 0.77, "socials": null }, "geometry": { "type": "Point", "coordinates": [ -74.911435693502426, 40.093667730689049 ] } },
{ "type": "Feature", "properties": { "id": "08f2a13425d427a003f4c73821db2df2", "name": "Gaetano's", "confidence": 0.99497955735766175, "socials": [ "https://www.facebook.com/162248604108624" ] }, "geometry": { "type": "Point", "coordinates": [ -74.907108, 40.0941191 ] } },
{ "type": "Feature", "properties": { "id": "08f2a13425d42963035e173219a96812", "name": "Sandwich Club Croydon", "confidence": 0.97817198851157294, "socials": [ "https://www.facebook.com/503974429670377" ] }, "geometry": { "type": "Point", "coordinates": [ -74.9065961, 40.094381 ] } },
{ "type": "Feature", "properties": { "id": "08f2a13425144c2503e4155dfbb8b766", "name": "Croydon Pizza", "confidence": 0.99497955735766175, "socials": [ "https://www.facebook.com/113949625303689" ] }, "geometry": { "type": "Point", "coordinates": [ -74.9033698, 40.0871232 ] } },
{ "type": "Feature", "properties": { "id": "08f2a13424b9c4da03b3e2a6674b6a00", "name": "Randazzo's Pizzeria", "confidence": 0.99497955735766175, "socials": [ "https://www.facebook.com/1629857107289405" ] }, "geometry": { "type": "Point", "coordinates": [ -74.9163962, 40.104065 ] } },
{ "type": "Feature", "properties": { "id": "08f2a1350aa96391036d1645ddeef478", "name": "Tony's King of Pizza", "confidence": 0.77, "socials": null }, "geometry": { "type": "Point", "coordinates": [ -74.9050815, 40.12117 ] } },
{ "type": "Feature", "properties": { "id": "08f2a1351b8ca74e03bf1b58457a25d4", "name": "Frank's Pizza", "confidence": 0.97817198851157294, "socials": [ "https://www.facebook.com/115703945119751" ] }, "geometry": { "type": "Point", "coordinates": [ -74.9632961, 40.1225545 ] } },
{ "type": "Feature", "properties": { "id": "08f2a135187147a9036e8fd9b80049cf", "name": "Bertucci's Brick Oven Pizza & Pasta", "confidence": 0.77, "socials": null }, "geometry": { "type": "Point", "coordinates": [ -74.9631164, 40.1375707 ] } },
{ "type": "Feature", "properties": { "id": "08f2a135180f6aca03398a75b37999fc", "name": "Uno Pizzeria & Grill", "confidence": 0.9961633011413521, "socials": [ "https://www.facebook.com/256713781039756" ] }, "geometry": { "type": "Point", "coordinates": [ -74.9578721, 40.1384697 ] } },
{ "type": "Feature", "properties": { "id": "08f2a13518a938800368b5aec9aeefa1", "name": "Pizza Zeppole", "confidence": 0.31588785046728973, "socials": [ "https://www.facebook.com/593059317734221" ] }, "geometry": { "type": "Point", "coordinates": [ -74.950757, 40.137436 ] } },
{ "type": "Feature", "properties": { "id": "08f2a13518a44b1403aecbb7927441a6", "name": "Sarappo's Pizza", "confidence": 0.99497955735766175, "socials": [ "https://www.facebook.com/1486424008242163" ] }, "geometry": { "type": "Point", "coordinates": [ -74.9420005, 40.1354906 ] } },
{ "type": "Feature", "properties": { "id": "08f2a1351e3307490345910c854e66e6", "name": "Porfirios Pizza & Pasta III", "confidence": 0.77, "socials": null }, "geometry": { "type": "Point", "coordinates": [ -74.967279, 40.15348 ] } },
{ "type": "Feature", "properties": { "id": "08f2a1351e32111a03c77b9fd5d42894", "name": "Marina's Pizza", "confidence": 0.92595108695652173, "socials": [ "https://www.facebook.com/262906840233608" ] }, "geometry": { "type": "Point", "coordinates": [ -74.9653576, 40.1529749 ] } },
{ "type": "Feature", "properties": { "id": "08f2a1351e050b5e035fad680ad20c9a", "name": "Casanova's Kitchen", "confidence": 0.99497955735766175, "socials": [ "https://www.facebook.com/155040887930" ] }, "geometry": { "type": "Point", "coordinates": [ -74.9703407, 40.1553601 ] } },
{ "type": "Feature", "properties": { "id": "08f2a1351d508b05030fba53c40c2a5d", "name": "The Valley Pizza", "confidence": 0.9961633011413521, "socials": [ "https://www.facebook.com/194655797230227" ] }, "geometry": { "type": "Point", "coordinates": [ -74.9341441, 40.1447474 ] } },
{ "type": "Feature", "properties": { "id": "08f2a1351d21d86903ea11e6d917ba49", "name": "Dianas Pizza & Restaurant", "confidence": 0.71069587628865982, "socials": [ "https://www.facebook.com/1046653162119337" ] }, "geometry": { "type": "Point", "coordinates": [ -74.9237094, 40.1323287 ] } },
{ "type": "Feature", "properties": { "id": "08f2a1351d20e486037af7af5e557fd2", "name": "Diana's Pizza", "confidence": 0.77, "socials": null }, "geometry": { "type": "Point", "coordinates": [ -74.923681, 40.132509 ] } },
{ "type": "Feature", "properties": { "id": "08f2a1350a16caaa03c90ef699d82ca9", "name": "CAMILAS PIZZA INC", "confidence": 0.77, "socials": null }, "geometry": { "type": "Point", "coordinates": [ -74.904514, 40.1233431 ] } },
{ "type": "Feature", "properties": { "id": "08f2a13508c95c0a03820a0003466801", "name": "Domino's", "confidence": 0.99497955735766175, "socials": [ "https://www.facebook.com/111630722209464" ] }, "geometry": { "type": "Point", "coordinates": [ -74.888399, 40.1322654 ] } },
{ "type": "Feature", "properties": { "id": "08f2a13508d89068037e8509ee82f681", "name": "Village Pizza & Steak", "confidence": 0.77, "socials": null }, "geometry": { "type": "Point", "coordinates": [ -74.8846455, 40.1328546 ] } },
{ "type": "Feature", "properties": { "id": "08f2a13508d1298103074224199b07de", "name": "La Vera Pizza No 2", "confidence": 0.99497955735766175, "socials": [ "https://www.facebook.com/1407182659532513" ] }, "geometry": { "type": "Point", "coordinates": [ -74.8830914, 40.1350727 ] } },
{ "type": "Feature", "properties": { "id": "08f2a1350371e0000308e76772fe0af3", "name": "Frey's Deli and Pizza", "confidence": 0.71069587628865982, "socials": [ "https://www.facebook.com/135736020423249" ] }, "geometry": { "type": "Point", "coordinates": [ -74.919937, 40.156433 ] } },
{ "type": "Feature", "properties": { "id": "08f2a1350370548b03b6bce30c6de401", "name": "Trenton Tomato Pies", "confidence": 0.98582594999015549, "socials": [ "https://www.facebook.com/116209224812389" ] }, "geometry": { "type": "Point", "coordinates": [ -74.9181933, 40.1569636 ] } },
{ "type": "Feature", "properties": { "id": "08f2a1350300ab80033b6ae51ebb436a", "name": "Penndel Pizza", "confidence": 0.97817198851157294, "socials": [ "https://www.facebook.com/169773706458956" ] }, "geometry": { "type": "Point", "coordinates": [ -74.9123934, 40.1586141 ] } },
{ "type": "Feature", "properties": { "id": "08f2a1350302b1890323bc48c4ce8888", "name": "Evo's Pizza", "confidence": 0.99497955735766175, "socials": [ "https://www.facebook.com/107791315403547" ] }, "geometry": { "type": "Point", "coordinates": [ -74.9109727, 40.1590709 ] } },
{ "type": "Feature", "properties": { "id": "08f2a13503035acb0308cc7aede21f4f", "name": "Zeeno's Pizza", "confidence": 0.99497955735766175, "socials": [ "https://www.facebook.com/115815558440629" ] }, "geometry": { "type": "Point", "coordinates": [ -74.9117854, 40.1606932 ] } },
{ "type": "Feature", "properties": { "id": "08f2a135016b54250336588084ae3413", "name": "Porfirio's Pizza and Pasta", "confidence": 0.98582594999015549, "socials": [ "https://www.facebook.com/112849880115254" ] }, "geometry": { "type": "Point", "coordinates": [ -74.8947731, 40.1563324 ] } },
{ "type": "Feature", "properties": { "id": "08f2a135133825090317fdddfc72ddff", "name": "Jeff's Pizzeria & Grill", "confidence": 0.77, "socials": null }, "geometry": { "type": "Point", "coordinates": [ -74.987338, 40.1700394 ] } },
{ "type": "Feature", "properties": { "id": "08f2a1351300a6500345ca8fa06ed74e", "name": "Giovanni's Pizzeria", "confidence": 0.99497955735766175, "socials": [ "https://www.facebook.com/112361463621865" ] }, "geometry": { "type": "Point", "coordinates": [ -74.9876596, 40.1740512 ] } },
{ "type": "Feature", "properties": { "id": "08f2a1351300a28203ffaff446816ac3", "name": "Holland Pizzeria", "confidence": 0.77, "socials": null }, "geometry": { "type": "Point", "coordinates": [ -74.987553, 40.174123 ] } },
{ "type": "Feature", "properties": { "id": "08f2a13513142d040363f19b82977dee", "name": "Jersey's Tomato Pies & Bistro", "confidence": 0.99497955735766175, "socials": [ "https://www.facebook.com/228540293936411" ] }, "geometry": { "type": "Point", "coordinates": [ -74.9837587, 40.175773 ] } },
{ "type": "Feature", "properties": { "id": "08f2a1351106ad54030b2662e1ee1f6d", "name": "Enzo's Pizzeria", "confidence": 0.99497955735766175, "socials": [ "https://www.facebook.com/223201444363902" ] }, "geometry": { "type": "Point", "coordinates": [ -74.9545175, 40.1739073 ] } },
{ "type": "Feature", "properties": { "id": "08f2a13514255ca20302290591259caa", "name": "Aldo's Restaurant", "confidence": 0.77, "socials": null }, "geometry": { "type": "Point", "coordinates": [ -74.956097, 40.203364 ] } },
{ "type": "Feature", "properties": { "id": "08f2a13514266ce0032872e960ef804b", "name": "Aldo's Ristorante Italiano", "confidence": 0.77, "socials": null }, "geometry": { "type": "Point", "coordinates": [ -74.954268, 40.204129 ] } },
{ "type": "Feature", "properties": { "id": "08f2a1351435a64303a9c62124eb4e8c", "name": "Aldo's Restaurant", "confidence": 0.77, "socials": null }, "geometry": { "type": "Point", "coordinates": [ -74.9549799, 40.2045605 ] } },
{ "type": "Feature", "properties": { "id": "08f2a13502a3698a033a3cf1a436b456", "name": "Brothers Pizza", "confidence": 0.99497955735766175, "socials": [ "https://www.facebook.com/169873413044928" ] }, "geometry": { "type": "Point", "coordinates": [ -74.9178988, 40.1769162 ] } },
{ "type": "Feature", "properties": { "id": "08f2a13502ba33b60305212b944c3d7b", "name": "Pizza Pie II", "confidence": 0.99497955735766175, "socials": [ "https://www.facebook.com/727175430682244" ] }, "geometry": { "type": "Point", "coordinates": [ -74.918796, 40.1781288 ] } },
{ "type": "Feature", "properties": { "id": "08f2a135005742ea0388793639c062d7", "name": "Peppi's Pizza and Pasta", "confidence": 0.99497955735766175, "socials": [ "https://www.facebook.com/144889192374042" ] }, "geometry": { "type": "Point", "coordinates": [ -74.9051081, 40.1822361 ] } },
{ "type": "Feature", "properties": { "id": "08f2a135005754030366d7136588647d", "name": "SAL ILLIANO", "confidence": 0.77, "socials": null }, "geometry": { "type": "Point", "coordinates": [ -74.9050409, 40.1821519 ] } },
{ "type": "Feature", "properties": { "id": "08f2a13500b4e8b10346ff5bc0c58271", "name": "Franco's Pizzeria & Italian Ristorante", "confidence": 0.77, "socials": null }, "geometry": { "type": "Point", "coordinates": [ -74.883507, 40.175851 ] } },
{ "type": "Feature", "properties": { "id": "08f2a13532300a9203e80cc0e0099b37", "name": "Domino's Pizza", "confidence": 0.99497955735766175, "socials": [ "https://www.facebook.com/1420292448276830" ] }, "geometry": { "type": "Point", "coordinates": [ -74.9415623, 40.2270544 ] } },
{ "type": "Feature", "properties": { "id": "08f2a13532a96ac10372fff34a2b4a7a", "name": "Marco's Pizzeria", "confidence": 0.99497955735766175, "socials": [ "https://www.facebook.com/143507528993942" ] }, "geometry": { "type": "Point", "coordinates": [ -74.9413123, 40.2302733 ] } },
{ "type": "Feature", "properties": { "id": "08f2a13532aac51003bb2354c79d709c", "name": "Meglio Pizzeria", "confidence": 0.99497955735766175, "socials": [ "https://www.facebook.com/134468459937701" ] }, "geometry": { "type": "Point", "coordinates": [ -74.9382292, 40.2298967 ] } },
{ "type": "Feature", "properties": { "id": "08f2a1353212454c033a7466c651a288", "name": "MOD Pizza", "confidence": 0.99497955735766175, "socials": [ "https://www.facebook.com/105756821005999" ] }, "geometry": { "type": "Point", "coordinates": [ -74.9428248, 40.235967 ] } },
{ "type": "Feature", "properties": { "id": "08f2a13532856514031d000886c7c890", "name": "Jules Thin Crust", "confidence": 0.99497955735766175, "socials": [ "https://www.facebook.com/119984384679280" ] }, "geometry": { "type": "Point", "coordinates": [ -74.9378756, 40.2358091 ] } },
{ "type": "Feature", "properties": { "id": "08f2a13532bae155036ab0c23383e045", "name": "Mom Mom's Take N Bake", "confidence": 0.77, "socials": null }, "geometry": { "type": "Point", "coordinates": [ -74.9365184, 40.2324015 ] } },
{ "type": "Feature", "properties": { "id": "08f2a1353285e08b036cd8522f8919e2", "name": "Newtown Pizza", "confidence": 0.97817198851157294, "socials": [ "https://www.facebook.com/181935028586964" ] }, "geometry": { "type": "Point", "coordinates": [ -74.9373599, 40.2346658 ] } },
{ "type": "Feature", "properties": { "id": "08f2a1353021379803cc3b88ab137c71", "name": "Francesco's Pizzeria", "confidence": 0.97817198851157294, "socials": [ "https://www.facebook.com/300256360464315" ] }, "geometry": { "type": "Point", "coordinates": [ -74.9160635, 40.2252431 ] } },
{ "type": "Feature", "properties": { "id": "08f2a122410ecd81037c9df0b1b77df8", "name": "Dominick's Pizza", "confidence": 0.99497955735766175, "socials": [ "https://www.facebook.com/294336503965853" ] }, "geometry": { "type": "Point", "coordinates": [ -74.9940781, 40.2830771 ] } },
{ "type": "Feature", "properties": { "id": "08f2a122667b36c003254db17aa3b257", "name": "HG Wood Fired Pizza", "confidence": 0.99497955735766175, "socials": [ "https://www.facebook.com/164174490894373" ] }, "geometry": { "type": "Point", "coordinates": [ -74.9798151, 40.3579824 ] } },
{ "type": "Feature", "properties": { "id": "08f2a122644e54d40322f0956cf9a9dd", "name": "Spatolas Pizza", "confidence": 0.99497955735766175, "socials": [ "https://www.facebook.com/143845215736351" ] }, "geometry": { "type": "Point", "coordinates": [ -74.950299, 40.3616375 ] } },
{ "type": "Feature", "properties": { "id": "08f2a1226441183603e3c1d305bf532c", "name": "Market Pizza", "confidence": 0.99497955735766175, "socials": [ "https://www.facebook.com/533308973374077" ] }, "geometry": { "type": "Point", "coordinates": [ -74.9510841, 40.3636111 ] } },
{ "type": "Feature", "properties": { "id": "08f2a12264411990037c233a7eb3bce0", "name": "New Hope Pizza", "confidence": 0.77, "socials": null }, "geometry": { "type": "Point", "coordinates": [ -74.9508796, 40.3636448 ] } },
{ "type": "Feature", "properties": { "id": "08f2a122644861900366f97aecf5ef7d", "name": "Local Harvest Pizza", "confidence": 0.77, "socials": null }, "geometry": { "type": "Point", "coordinates": [ -74.9544, 40.363787 ] } },
{ "type": "Feature", "properties": { "id": "08f2a1226458384603f7d8e3b01661f0", "name": "Russo's Pizza", "confidence": 0.97817198851157294, "socials": [ "https://www.facebook.com/100808385113045" ] }, "geometry": { "type": "Point", "coordinates": [ -74.952047, 40.3657622 ] } },
{ "type": "Feature", "properties": { "id": "08f2a12264cee32d03124b417673a1f2", "name": "Nicola's Pizza", "confidence": 0.97817198851157294, "socials": [ "https://www.facebook.com/371062943081578" ] }, "geometry": { "type": "Point", "coordinates": [ -74.9417608, 40.36637 ] } },
{ "type": "Feature", "properties": { "id": "08f2a12359a8ec5e03094462e6548eda", "name": "Liberty Hall Pizza", "confidence": 0.92595108695652173, "socials": [ "https://www.facebook.com/508935422552697" ] }, "geometry": { "type": "Point", "coordinates": [ -74.9484139, 40.3760773 ] } },
{ "type": "Feature", "properties": { "id": "08f2a12359aa80c603c8c903cbb53339", "name": "Catanzareti Pizza & Italian Restaurant", "confidence": 0.97817198851157294, "socials": [ "https://www.facebook.com/115772475110434" ] }, "geometry": { "type": "Point", "coordinates": [ -74.946905, 40.3764413 ] } },
{ "type": "Feature", "properties": { "id": "08f2a1234e8db04203dc615ae153724d", "name": "Antonio's Pizza", "confidence": 0.97817198851157294, "socials": [ "https://www.facebook.com/106548437567688" ] }, "geometry": { "type": "Point", "coordinates": [ -74.9069046, 40.4006334 ] } },
{ "type": "Feature", "properties": { "id": "08f2a1350926e28303b9f85f60a3e8b7", "name": "Itri Wood Fired", "confidence": 0.99497955735766175, "socials": [ "https://www.facebook.com/1089593651169127" ] }, "geometry": { "type": "Point", "coordinates": [ -74.858698, 40.0958388 ] } },
{ "type": "Feature", "properties": { "id": "08f2a13554c9ac2d035bb5e5039437d8", "name": "Carnival III Pizza and Grill", "confidence": 0.99497955735766175, "socials": [ "https://www.facebook.com/104054818277942" ] }, "geometry": { "type": "Point", "coordinates": [ -74.8575343, 40.0953466 ] } },
{ "type": "Feature", "properties": { "id": "08f2a13509620db403a5d6d904cdcc24", "name": "Little Caesars Pizza", "confidence": 0.97817198851157294, "socials": [ "https://www.facebook.com/108461254897685" ] }, "geometry": { "type": "Point", "coordinates": [ -74.8719115, 40.1018914 ] } },
{ "type": "Feature", "properties": { "id": "08f2a135094a68300365078da5cf6904", "name": "Pops pizza & beer", "confidence": 0.71069587628865982, "socials": [ "https://www.facebook.com/243012782444372" ] }, "geometry": { "type": "Point", "coordinates": [ -74.878721, 40.109585 ] } },
{ "type": "Feature", "properties": { "id": "08f2a1350959918c0384fa69ad3b4c45", "name": "Pop's Pizza", "confidence": 0.87645687645687642, "socials": [ "https://www.facebook.com/108189799223407" ] }, "geometry": { "type": "Point", "coordinates": [ -74.8786142, 40.1096276 ] } },
{ "type": "Feature", "properties": { "id": "08f2a13509620db4033856ca365f0c23", "name": "Little Caesars", "confidence": 0.77, "socials": null }, "geometry": { "type": "Point", "coordinates": [ -74.87182617, 40.10174272 ] } },
{ "type": "Feature", "properties": { "id": "08f2a13509061a48030f92fa9d2a6a01", "name": "Porfirio's Pizza And Pasta", "confidence": 0.97817198851157294, "socials": [ "https://www.facebook.com/509897342405512" ] }, "geometry": { "type": "Point", "coordinates": [ -74.8608525, 40.1040455 ] } },
{ "type": "Feature", "properties": { "id": "08f2a13509061a4803cdefb09573636a", "name": "Porfirio's Pizza & Pasta", "confidence": 0.77, "socials": null }, "geometry": { "type": "Point", "coordinates": [ -74.8607417, 40.1039987 ] } },
{ "type": "Feature", "properties": { "id": "08f2a13509a6e7ab0325138d4d5b348e", "name": "Pizza Boys", "confidence": 0.29137199434229144, "socials": [ "https://www.facebook.com/235206166540493" ] }, "geometry": { "type": "Point", "coordinates": [ -74.850639, 40.101433 ] } },
{ "type": "Feature", "properties": { "id": "08f2a13509a6e721035f31aefc9a345d", "name": "Beni's Pizza", "confidence": 0.99497955735766175, "socials": [ "https://www.facebook.com/711254658957179" ] }, "geometry": { "type": "Point", "coordinates": [ -74.8506979, 40.1014968 ] } },
{ "type": "Feature", "properties": { "id": "08f2a13509b90483036229e5f4856fd8", "name": "Italian Family Pizzeria", "confidence": 0.99497955735766175, "socials": [ "https://www.facebook.com/269437536784907" ] }, "geometry": { "type": "Point", "coordinates": [ -74.8581918, 40.1068202 ] } },
{ "type": "Feature", "properties": { "id": "08f2a13509b1072403e918efc2d35cd2", "name": "Gabriela Tomato Pie", "confidence": 0.99497955735766175, "socials": [ "https://www.facebook.com/161125180737204" ] }, "geometry": { "type": "Point", "coordinates": [ -74.8536406, 40.1070012 ] } },
{ "type": "Feature", "properties": { "id": "08f2a1357271655a03f63b369225fdd9", "name": "Pizza Town & Grill", "confidence": 0.97817198851157294, "socials": [ "https://www.facebook.com/933691530111221" ] }, "geometry": { "type": "Point", "coordinates": [ -74.8434281, 40.1051547 ] } },
{ "type": "Feature", "properties": { "id": "08f2a135727165230385bde7515ce39f", "name": "Pizza Town & Grill", "confidence": 0.77, "socials": null }, "geometry": { "type": "Point", "coordinates": [ -74.8436017, 40.1052487 ] } },
{ "type": "Feature", "properties": { "id": "08f2a135724650c8032c3416e99d1c1f", "name": "Apollo Pizza", "confidence": 0.97817198851157294, "socials": [ "https://www.facebook.com/115521785137770" ] }, "geometry": { "type": "Point", "coordinates": [ -74.8419731, 40.1077288 ] } },
{ "type": "Feature", "properties": { "id": "08f2a13573696c6b039a36b2c9fc0ea0", "name": "Perfetto's Pizza", "confidence": 0.99497955735766175, "socials": [ "https://www.facebook.com/106721541598130" ] }, "geometry": { "type": "Point", "coordinates": [ -74.8335165, 40.0845728 ] } },
{ "type": "Feature", "properties": { "id": "08f2a135732f470003caa4e77a02f273", "name": "Luigi's Pizza Delite", "confidence": 0.99497955735766175, "socials": [ "https://www.facebook.com/384397461425077" ] }, "geometry": { "type": "Point", "coordinates": [ -74.8193133, 40.0801333 ] } },
{ "type": "Feature", "properties": { "id": "08f2a135732f007103ce5086f71cbacc", "name": "Luigis Pizza Fresca", "confidence": 0.71069587628865982, "socials": [ "https://www.facebook.com/816147505134068" ] }, "geometry": { "type": "Point", "coordinates": [ -74.81915, 40.08006 ] } },
{ "type": "Feature", "properties": { "id": "08f2a13570d22cec03fffd70c1c79dfd", "name": "Barone's Pizza Grill", "confidence": 0.77, "socials": null }, "geometry": { "type": "Point", "coordinates": [ -74.8057861328125, 40.119644165039098 ] } },
{ "type": "Feature", "properties": { "id": "08f2a13570d2010b03c2d83e876b9031", "name": "Quick And Delicious", "confidence": 0.77, "socials": null }, "geometry": { "type": "Point", "coordinates": [ -74.8052786, 40.1199154 ] } },
{ "type": "Feature", "properties": { "id": "08f2a13570d246110348ced42091aceb", "name": "Groovy Pizza & Cafe", "confidence": 0.97817198851157294, "socials": [ "https://www.facebook.com/102113091241097" ] }, "geometry": { "type": "Point", "coordinates": [ -74.805159, 40.1198513 ] } },
{ "type": "Feature", "properties": { "id": "08f2a1350801b6e5032a015d20ab6016", "name": "Little Rocky's Pizza", "confidence": 0.99497955735766175, "socials": [ "https://www.facebook.com/326537527440057" ] }, "geometry": { "type": "Point", "coordinates": [ -74.8822709, 40.1228392 ] } },
{ "type": "Feature", "properties": { "id": "08f2a1350c44b0a503beddc12a3e1823", "name": "Anthony's Pizza", "confidence": 0.77, "socials": null }, "geometry": { "type": "Point", "coordinates": [ -74.8752609, 40.1411487 ] } },
{ "type": "Feature", "properties": { "id": "08f2a1350c44b0a503b2c6460d0d5610", "name": "Anthony's Pizza", "confidence": 0.97817198851157294, "socials": [ "https://www.facebook.com/118599574822681" ] }, "geometry": { "type": "Point", "coordinates": [ -74.8752129, 40.1410626 ] } },
{ "type": "Feature", "properties": { "id": "08f2a1350c66b31003581022962d1a7a", "name": "Joe's Pizza", "confidence": 0.99497955735766175, "socials": [ "https://www.facebook.com/316004208436720" ] }, "geometry": { "type": "Point", "coordinates": [ -74.87133, 40.1340265 ] } },
{ "type": "Feature", "properties": { "id": "08f2a1350c06a31003ab71a61b443caa", "name": "Yordana's Pizza and Pasta", "confidence": 0.97817198851157294, "socials": [ "https://www.facebook.com/365404380180002" ] }, "geometry": { "type": "Point", "coordinates": [ -74.8635885, 40.1398733 ] } },
{ "type": "Feature", "properties": { "id": "08f2a1352b6a66990389f765290a39bc", "name": "Luigi's Pizzarama", "confidence": 0.99497955735766175, "socials": [ "https://www.facebook.com/1007574462634179" ] }, "geometry": { "type": "Point", "coordinates": [ -74.849337, 40.1394339 ] } },
{ "type": "Feature", "properties": { "id": "08f2a1352b7a3b94033ed0ef95bb3f4c", "name": "Pizza and Grill", "confidence": 0.99497955735766175, "socials": [ "https://www.facebook.com/102028928135460" ] }, "geometry": { "type": "Point", "coordinates": [ -74.8468129, 40.1414837 ] } },
{ "type": "Feature", "properties": { "id": "08f2a1352b7a3b940328b5757975382c", "name": "Mauricio’s Pizza & Grill", "confidence": 0.77, "socials": null }, "geometry": { "type": "Point", "coordinates": [ -74.8466958, 40.1413912 ] } },
{ "type": "Feature", "properties": { "id": "08f2a1352b7a00ca03dbf206f3ceebd2", "name": "Us Empire Pizzeria", "confidence": 0.35051546391752575, "socials": [ "https://www.facebook.com/251146715582826" ] }, "geometry": { "type": "Point", "coordinates": [ -74.8466085, 40.1416764 ] } },
{ "type": "Feature", "properties": { "id": "08f2a135018e4180036083a79e6e317b", "name": "Buffalo Chicken Pizza", "confidence": 0.47268106734434556, "socials": [ "https://www.facebook.com/134859896598890" ] }, "geometry": { "type": "Point", "coordinates": [ -74.875068, 40.1656654 ] } },
{ "type": "Feature", "properties": { "id": "08f2a1350182b129036df380fe02089d", "name": "Crespo's Fratellis Pizzeria", "confidence": 0.99497955735766175, "socials": [ "https://www.facebook.com/1190788137603047" ] }, "geometry": { "type": "Point", "coordinates": [ -74.8732354, 40.16561 ] } },
{ "type": "Feature", "properties": { "id": "08f2a1350180c1800396c56d7f24d276", "name": "Fiore's Paesano's Pizzeria", "confidence": 0.31588785046728973, "socials": [ "https://www.facebook.com/240659009325642" ] }, "geometry": { "type": "Point", "coordinates": [ -74.87298, 40.16568 ] } },
{ "type": "Feature", "properties": { "id": "08f2a1350c92328d033456b304d5229f", "name": "John Lucas", "confidence": 0.99497955735766175, "socials": [ "https://www.facebook.com/890490817693313" ] }, "geometry": { "type": "Point", "coordinates": [ -74.8560385, 40.1513657 ] } },
{ "type": "Feature", "properties": { "id": "08f2a1352a14995103e4d6fde064272f", "name": "Adriatic Pizza", "confidence": 0.77, "socials": null }, "geometry": { "type": "Point", "coordinates": [ -74.848017, 40.160569 ] } },
{ "type": "Feature", "properties": { "id": "08f2a1352a168bac0343ff76ecb1d358", "name": "Papa John's Pizza", "confidence": 0.99497955735766175, "socials": [ "https://www.facebook.com/186525388056107" ] }, "geometry": { "type": "Point", "coordinates": [ -74.8470138, 40.1615645 ] } },
{ "type": "Feature", "properties": { "id": "08f2a135764a439b03e47dab6c3ee664", "name": "A & S Pizza & Pasta", "confidence": 0.99497955735766175, "socials": [ "https://www.facebook.com/1515544942079830" ] }, "geometry": { "type": "Point", "coordinates": [ -74.8351002, 40.1292421 ] } },
{ "type": "Feature", "properties": { "id": "08f2a1352b352aa9034c862a4aa0cae9", "name": "Sport's Pizza Italian Cuisine", "confidence": 0.99497955735766175, "socials": [ "https://www.facebook.com/114037531960215" ] }, "geometry": { "type": "Point", "coordinates": [ -74.8325264, 40.1364864 ] } },
{ "type": "Feature", "properties": { "id": "08f2a1352bb2d66303b94f4349da0489", "name": "Pasta On Time", "confidence": 0.99497955735766175, "socials": [ "https://www.facebook.com/1477834192488088" ] }, "geometry": { "type": "Point", "coordinates": [ -74.8225187, 40.1439701 ] } },
{ "type": "Feature", "properties": { "id": "08f2a1352979886203abbe520e0ba049", "name": "Little Caesars", "confidence": 0.99497955735766175, "socials": [ "https://www.facebook.com/101691392884945" ] }, "geometry": { "type": "Point", "coordinates": [ -74.8190352, 40.1412977 ] } },
{ "type": "Feature", "properties": { "id": "08f2a13576a7473303b0fc3014804334", "name": "Rocco's Pizza & Italian Restaurant", "confidence": 0.97817198851157294, "socials": [ "https://www.facebook.com/130618626954721" ] }, "geometry": { "type": "Point", "coordinates": [ -74.808713, 40.1228551 ] } },
{ "type": "Feature", "properties": { "id": "08f2a135294f12c003f5da6afd016933", "name": "Ariana's Pizzeria & Italian Restaurant", "confidence": 0.99497955735766175, "socials": [ "https://www.facebook.com/301640106637964" ] }, "geometry": { "type": "Point", "coordinates": [ -74.8205585, 40.144923 ] } },
{ "type": "Feature", "properties": { "id": "08f2a13528aec7480346b532e65800bc", "name": "Parkway Pizza", "confidence": 0.97817198851157294, "socials": [ "https://www.facebook.com/115697248459770" ] }, "geometry": { "type": "Point", "coordinates": [ -74.8132639, 40.1577734 ] } },
{ "type": "Feature", "properties": { "id": "08f2a13528a5d84c0340f00f6034efcc", "name": "Pasquales Bar", "confidence": 0.99497955735766175, "socials": [ "https://www.facebook.com/228029730660614" ] }, "geometry": { "type": "Point", "coordinates": [ -74.8107924, 40.1573681 ] } },
{ "type": "Feature", "properties": { "id": "08f2a135757aa62603874d342e9348ed", "name": "Mario and Franks 1 - Florence, NJ", "confidence": 0.97817198851157294, "socials": [ "https://www.facebook.com/102436926514738" ] }, "geometry": { "type": "Point", "coordinates": [ -74.7858934, 40.1058311 ] } },
{ "type": "Feature", "properties": { "id": "08f2a13575d08b4a03b87b68e013909d", "name": "Palermo's II", "confidence": 0.93837369560937189, "socials": [ "https://www.facebook.com/241244655898423" ] }, "geometry": { "type": "Point", "coordinates": [ -74.7761046, 40.1186099 ] } },
{ "type": "Feature", "properties": { "id": "08f2a13565404a1803b0b8a8a36f4380", "name": "Bella Mia", "confidence": 0.97817198851157294, "socials": [ "https://www.facebook.com/102212063176540" ] }, "geometry": { "type": "Point", "coordinates": [ -74.711641, 40.0961554 ] } },
{ "type": "Feature", "properties": { "id": "08f2a13cd98e548d03b7f2925ea9fdb6", "name": "Mangia Brick Oven Pizza & Grill", "confidence": 0.99497955735766175, "socials": [ "https://www.facebook.com/415172778579884" ] }, "geometry": { "type": "Point", "coordinates": [ -74.7252383, 40.1328978 ] } },
{ "type": "Feature", "properties": { "id": "08f2a13cd999ad6003d378c664ec1d81", "name": "Mario and Franks", "confidence": 0.97817198851157294, "socials": [ "https://www.facebook.com/119356661424581" ] }, "geometry": { "type": "Point", "coordinates": [ -74.7286967, 40.1366006 ] } },
{ "type": "Feature", "properties": { "id": "08f2a13cd999ad24031e1ca6a3484ea8", "name": "Mario & Franks II", "confidence": 0.77, "socials": null }, "geometry": { "type": "Point", "coordinates": [ -74.728746, 40.136653 ] } },
{ "type": "Feature", "properties": { "id": "08f2a13501992a8603e0b5f4bcf392af", "name": "Giovanni's Pizzeria & Italian Restaurant", "confidence": 0.9961633011413521, "socials": [ "https://www.facebook.com/110374550398600" ] }, "geometry": { "type": "Point", "coordinates": [ -74.8787616, 40.1691797 ] } },
{ "type": "Feature", "properties": { "id": "08f2a135057a8694036678010c62a268", "name": "Pizza Hut Express", "confidence": 0.77, "socials": null }, "geometry": { "type": "Point", "coordinates": [ -74.878151625443934, 40.17620487018462 ] } },
{ "type": "Feature", "properties": { "id": "08f2a135057a8226039ed3be3314347c", "name": "Pizza Hut Express", "confidence": 0.97817198851157294, "socials": [ "https://www.facebook.com/309092292837123" ] }, "geometry": { "type": "Point", "coordinates": [ -74.8783435, 40.1763885 ] } },
{ "type": "Feature", "properties": { "id": "08f2a135052a524d036ec08148a24b31", "name": "Amato's Pizza", "confidence": 0.99497955735766175, "socials": [ "https://www.facebook.com/291197770807" ] }, "geometry": { "type": "Point", "coordinates": [ -74.8688373, 40.172311 ] } },
{ "type": "Feature", "properties": { "id": "08f2a13500b63d23032b2730dff578c7", "name": "Langhorne Pizza", "confidence": 0.77, "socials": null }, "geometry": { "type": "Point", "coordinates": [ -74.8827383, 40.1771021 ] } },
{ "type": "Feature", "properties": { "id": "08f2a135055ab6c203f9b53a87d039af", "name": "Adriatic Pizza & Pasta", "confidence": 0.97817198851157294, "socials": [ "https://www.facebook.com/388005891363580" ] }, "geometry": { "type": "Point", "coordinates": [ -74.8809383, 40.1835311 ] } },
{ "type": "Feature", "properties": { "id": "08f2a13505c935450326da6f40333897", "name": "Mamma Mia Trattoria", "confidence": 0.77, "socials": null }, "geometry": { "type": "Point", "coordinates": [ -74.8777129, 40.1872466 ] } },
{ "type": "Feature", "properties": { "id": "08f2a1350550d60903579222542120e0", "name": "Bertucci's Italian Restaurant", "confidence": 0.77, "socials": null }, "geometry": { "type": "Point", "coordinates": [ -74.8769216, 40.1833272 ] } },
{ "type": "Feature", "properties": { "id": "08f2a13505cea34303fd4fa0030bd522", "name": "Elmo's Pizza Kitchen", "confidence": 0.89363057324840767, "socials": [ "https://www.facebook.com/172679239919842" ] }, "geometry": { "type": "Point", "coordinates": [ -74.8723147, 40.1840881 ] } },
{ "type": "Feature", "properties": { "id": "08f2a13505c915800325cf041fc5f1d5", "name": "Mamma Mia Trattoria", "confidence": 0.97817198851157294, "socials": [ "https://www.facebook.com/668323203286091" ] }, "geometry": { "type": "Point", "coordinates": [ -74.8772117, 40.1872315 ] } },
{ "type": "Feature", "properties": { "id": "08f2a13505c9158003de22e98be3a3b4", "name": "Mamma Mia Trattoria", "confidence": 0.77, "socials": null }, "geometry": { "type": "Point", "coordinates": [ -74.8772566, 40.1873139 ] } },
{ "type": "Feature", "properties": { "id": "08f2a1350502311203d2708ed42b7727", "name": "Santucci's Original Square Pizza", "confidence": 0.99497955735766175, "socials": [ "https://www.facebook.com/109067174115201" ] }, "geometry": { "type": "Point", "coordinates": [ -74.8678674, 40.1801164 ] } },
{ "type": "Feature", "properties": { "id": "08f2a1350502148c030a7d9a36ae4869", "name": "Joe Santucci's Square Pizza", "confidence": 0.77, "socials": null }, "geometry": { "type": "Point", "coordinates": [ -74.8684955, 40.1804648 ] } },
{ "type": "Feature", "properties": { "id": "08f2a13505c532c003c9d42c51bac5b7", "name": "Grover's Island Grille", "confidence": 0.93837369560937189, "socials": [ "https://www.facebook.com/257755511597469" ] }, "geometry": { "type": "Point", "coordinates": [ -74.8712879, 40.1843374 ] } },
{ "type": "Feature", "properties": { "id": "08f2a1350511665a030c688e36dbd745", "name": "Pizza Yeah", "confidence": 0.99497955735766175, "socials": [ "https://www.facebook.com/381398902042964" ] }, "geometry": { "type": "Point", "coordinates": [ -74.8690763, 40.1828778 ] } },
{ "type": "Feature", "properties": { "id": "08f2a1352ad22c4a035fc92274dc8a75", "name": "Pizza Hut", "confidence": 0.99497955735766175, "socials": [ "https://www.facebook.com/100240881968495" ] }, "geometry": { "type": "Point", "coordinates": [ -74.8531491, 40.1731348 ] } },
{ "type": "Feature", "properties": { "id": "08f2a1352ad2eaee03dd85b38632b4dd", "name": "V & S Pizzeria", "confidence": 0.98331870061457416, "socials": [ "https://www.facebook.com/140022529412614" ] }, "geometry": { "type": "Point", "coordinates": [ -74.8523903, 40.1722018 ] } },
{ "type": "Feature", "properties": { "id": "08f2a1352ad2cd41032b49caeb9657b2", "name": "V&S Pizzeria", "confidence": 0.77, "socials": null }, "geometry": { "type": "Point", "coordinates": [ -74.851901, 40.1724834 ] } },
{ "type": "Feature", "properties": { "id": "08f2a1352a993a9e03332b2c627a18bf", "name": "Julio's Famous Pizzeria", "confidence": 0.97817198851157294, "socials": [ "https://www.facebook.com/147218638644577" ] }, "geometry": { "type": "Point", "coordinates": [ -74.8490097, 40.1697258 ] } },
{ "type": "Feature", "properties": { "id": "08f2a1350594e17003dfdb9920e5a202", "name": "Singas Famous Pizza", "confidence": 0.97817198851157294, "socials": [ "https://www.facebook.com/199414243245640" ] }, "geometry": { "type": "Point", "coordinates": [ -74.8564983, 40.1845835 ] } },
{ "type": "Feature", "properties": { "id": "08f2a1352346382403eae22f6ba2fd3c", "name": "Carlucci's Express", "confidence": 0.99497955735766175, "socials": [ "https://www.facebook.com/1585106291773981" ] }, "geometry": { "type": "Point", "coordinates": [ -74.8627093, 40.1988014 ] } },
{ "type": "Feature", "properties": { "id": "08f2a1352e34508e036ff28ce2271ed0", "name": "Pat's Pizza & Bistro Levittown", "confidence": 0.77, "socials": null }, "geometry": { "type": "Point", "coordinates": [ -74.8321164, 40.1730069 ] } },
{ "type": "Feature", "properties": { "id": "08f2a1352eadd8680331fd318acc36be", "name": "Bandbox Pizza", "confidence": 0.97553503184713375, "socials": [ "https://www.facebook.com/639297186513690" ] }, "geometry": { "type": "Point", "coordinates": [ -74.8308841, 40.174965 ] } },
{ "type": "Feature", "properties": { "id": "08f2a1352ea0aa1303ea65759aa6675d", "name": "DeLorenzo's The Burg", "confidence": 0.97817198851157294, "socials": [ "https://www.facebook.com/1627335460899918" ] }, "geometry": { "type": "Point", "coordinates": [ -74.828764, 40.1772028 ] } },
{ "type": "Feature", "properties": { "id": "08f2a1352e8ad25603cda1518fed6fb4", "name": "De Lorenzo's Pizza", "confidence": 0.92595108695652173, "socials": [ "https://www.facebook.com/302131643272786" ] }, "geometry": { "type": "Point", "coordinates": [ -74.8333268, 40.18564 ] } },
{ "type": "Feature", "properties": { "id": "08f2a1352e933ad303ec4cd27a437053", "name": "Yordana's pizza II", "confidence": 0.99497955735766175, "socials": [ "https://www.facebook.com/697478423732562" ] }, "geometry": { "type": "Point", "coordinates": [ -74.8298781, 40.1894613 ] } },
{ "type": "Feature", "properties": { "id": "08f2a13521166b800388e52f8a6db4b4", "name": "Sports Pizza", "confidence": 0.99497955735766175, "socials": [ "https://www.facebook.com/737525922940375" ] }, "geometry": { "type": "Point", "coordinates": [ -74.8201841, 40.2009055 ] } },
{ "type": "Feature", "properties": { "id": "08f2a13cd241695803debba87c367211", "name": "Fat Tony's", "confidence": 0.77, "socials": null }, "geometry": { "type": "Point", "coordinates": [ -74.8084335, 40.2035836 ] } },
{ "type": "Feature", "properties": { "id": "08f2a13cd241695803caca29f0a67467", "name": "Camila's Pizzeria IV", "confidence": 0.77, "socials": null }, "geometry": { "type": "Point", "coordinates": [ -74.8084335, 40.2035836 ] } },
{ "type": "Feature", "properties": { "id": "08f2a13cd2c1ea5e03108c119caaa17a", "name": "Original's Italian Pizzeria & Restaurant", "confidence": 0.77, "socials": null }, "geometry": { "type": "Point", "coordinates": [ -74.7998986, 40.2078009 ] } },
{ "type": "Feature", "properties": { "id": "08f2a13cd2c027b103d0f22449035bc2", "name": "Original's Italian Pizzeria", "confidence": 0.97817198851157294, "socials": [ "https://www.facebook.com/169112789827350" ] }, "geometry": { "type": "Point", "coordinates": [ -74.7993929, 40.208299 ] } },
{ "type": "Feature", "properties": { "id": "08f2a13cd2c0248c03aa88a11a15e09e", "name": "Domino's", "confidence": 0.97817198851157294, "socials": [ "https://www.facebook.com/120582651290693" ] }, "geometry": { "type": "Point", "coordinates": [ -74.799547, 40.2083353 ] } },
{ "type": "Feature", "properties": { "id": "08f2a13cd2c3465c03c95f5a6bed7bd1", "name": "Dominick's", "confidence": 0.99497955735766175, "socials": [ "https://www.facebook.com/640871972711952" ] }, "geometry": { "type": "Point", "coordinates": [ -74.798757, 40.209632 ] } },
{ "type": "Feature", "properties": { "id": "08f2a13522ce602d0399fcf80945851b", "name": "Delorenzo's Tomato Pies", "confidence": 0.97817198851157294, "socials": [ "https://www.facebook.com/1708357539279680" ] }, "geometry": { "type": "Point", "coordinates": [ -74.8746838, 40.222495 ] } },
{ "type": "Feature", "properties": { "id": "08f2a13522c5e754035d48cbba83789e", "name": "Venezia Pizza", "confidence": 0.99497955735766175, "socials": [ "https://www.facebook.com/312459903325" ] }, "geometry": { "type": "Point", "coordinates": [ -74.8731071, 40.2211093 ] } },
{ "type": "Feature", "properties": { "id": "08f2a13522c42b4c03050a758ed8ee98", "name": "Villa Rosa Pizza and Restaurant", "confidence": 0.99497955735766175, "socials": [ "https://www.facebook.com/1433198766930861" ] }, "geometry": { "type": "Point", "coordinates": [ -74.8716601, 40.2214578 ] } },
{ "type": "Feature", "properties": { "id": "08f2a135245acb590333a56d2de16840", "name": "Vince's Pizza & Restaurant", "confidence": 0.99497955735766175, "socials": [ "https://www.facebook.com/121377817890976" ] }, "geometry": { "type": "Point", "coordinates": [ -74.8389843, 40.2411005 ] } },
{ "type": "Feature", "properties": { "id": "08f2a1352451698003944669acfd64a2", "name": "Yardley Pizzeria", "confidence": 0.98331870061457416, "socials": [ "https://www.facebook.com/105596784343767" ] }, "geometry": { "type": "Point", "coordinates": [ -74.8382601, 40.2420491 ] } },
{ "type": "Feature", "properties": { "id": "08f2a13c992490c90336b739e9754ce5", "name": "Eliyahu's Yardley Pizza", "confidence": 0.77, "socials": null }, "geometry": { "type": "Point", "coordinates": [ -74.8381252, 40.242178 ] } },
{ "type": "Feature", "properties": { "id": "08f2a13c992490c903cb77d46bc834a1", "name": "VERRELLI'S YARDLEY PIZZA", "confidence": 0.77, "socials": null }, "geometry": { "type": "Point", "coordinates": [ -74.8381252, 40.242178 ] } },
{ "type": "Feature", "properties": { "id": "08f2a13c8b55b084034251348a1cc0e2", "name": "Original Dominick's Pizza", "confidence": 0.99497955735766175, "socials": [ "https://www.facebook.com/111611688878072" ] }, "geometry": { "type": "Point", "coordinates": [ -74.8062487, 40.2383701 ] } },
{ "type": "Feature", "properties": { "id": "08f2a13cd04b38600323ee3c01063c9e", "name": "Tommy John's Pizzeria", "confidence": 0.97817198851157294, "socials": [ "https://www.facebook.com/239051489294294" ] }, "geometry": { "type": "Point", "coordinates": [ -74.781856, 40.2044723 ] } },
{ "type": "Feature", "properties": { "id": "08f2a13cd0531581036c7ec5832390b1", "name": "La Villa Pizza and Family Restaurant", "confidence": 0.99497955735766175, "socials": [ "https://www.facebook.com/104595839333679" ] }, "geometry": { "type": "Point", "coordinates": [ -74.7755734, 40.2074588 ] } },
{ "type": "Feature", "properties": { "id": "08f2a13cd0c9e8130312cb85bc8983b0", "name": "Bella Sicily", "confidence": 0.97817198851157294, "socials": [ "https://www.facebook.com/106453127570651" ] }, "geometry": { "type": "Point", "coordinates": [ -74.7745797, 40.2087997 ] } },
{ "type": "Feature", "properties": { "id": "08f2a13cd0b5c46603287ab763f01c59", "name": "Perfetto's Pizza", "confidence": 0.97817198851157294, "socials": [ "https://www.facebook.com/132099113523482" ] }, "geometry": { "type": "Point", "coordinates": [ -74.7525422, 40.1990563 ] } },
{ "type": "Feature", "properties": { "id": "08f2a13cd08f58ab035c3555f307379e", "name": "Trent City Pizzeria", "confidence": 0.99497955735766175, "socials": [ "https://www.facebook.com/1801983813352186" ] }, "geometry": { "type": "Point", "coordinates": [ -74.7597964, 40.2056724 ] } },
{ "type": "Feature", "properties": { "id": "08f2a13cd0960122030b13ba201d4474", "name": "Jerry's Pizza & Grill", "confidence": 0.99497955735766175, "socials": [ "https://www.facebook.com/280199832049080" ] }, "geometry": { "type": "Point", "coordinates": [ -74.7529011, 40.2081126 ] } },
{ "type": "Feature", "properties": { "id": "08f2a13cd54f6c61039e0d4354278fff", "name": "Devito's Pizza IV", "confidence": 0.97817198851157294, "socials": [ "https://www.facebook.com/160823223963916" ] }, "geometry": { "type": "Point", "coordinates": [ -74.7502486, 40.2036826 ] } },
{ "type": "Feature", "properties": { "id": "08f2a13cd5581aea0348b11d5e54a78a", "name": "Jimmy's Pizzeria & Deli", "confidence": 0.77, "socials": null }, "geometry": { "type": "Point", "coordinates": [ -74.7493658, 40.2068971 ] } },
{ "type": "Feature", "properties": { "id": "08f2a13cd5576a4c0306cd01f209257d", "name": "Castillos Pizzeria", "confidence": 0.97817198851157294, "socials": [ "https://www.facebook.com/200236123337110" ] }, "geometry": { "type": "Point", "coordinates": [ -74.7438414, 40.206279 ] } },
{ "type": "Feature", "properties": { "id": "08f2a13cd5a9854c03af443675f3a689", "name": "7 Brothers Pizza", "confidence": 0.99497955735766175, "socials": [ "https://www.facebook.com/110537423681903" ] }, "geometry": { "type": "Point", "coordinates": [ -74.7316648, 40.199477 ] } },
{ "type": "Feature", "properties": { "id": "08f2a13cd5a8d56403316f1f352fc205", "name": "Nino's Pizzarama", "confidence": 0.97817198851157294, "socials": [ "https://www.facebook.com/100871156624896" ] }, "geometry": { "type": "Point", "coordinates": [ -74.7294509, 40.1991766 ] } },
{ "type": "Feature", "properties": { "id": "08f2a13cd5c5495103c831d5ea625ffc", "name": "Mauceri's Pizzeria", "confidence": 0.92595108695652173, "socials": [ "https://www.facebook.com/277708792390361" ] }, "geometry": { "type": "Point", "coordinates": [ -74.7383023, 40.2086454 ] } },
{ "type": "Feature", "properties": { "id": "08f2a13cc2d584b103492b0636ef1c68", "name": "La Lucci Pizza Restaurant", "confidence": 0.99497955735766175, "socials": [ "https://www.facebook.com/1102013816639349" ] }, "geometry": { "type": "Point", "coordinates": [ -74.7208715, 40.1918756 ] } },
{ "type": "Feature", "properties": { "id": "08f2a13cd5a4b9ac03f0fab8400f6797", "name": "The Best Pizzeria and Restaurant", "confidence": 0.98582594999015549, "socials": [ "https://www.facebook.com/110289098435131" ] }, "geometry": { "type": "Point", "coordinates": [ -74.723742, 40.1963669 ] } },
{ "type": "Feature", "properties": { "id": "08f2a13cc283021b03d06b8190fd4e8d", "name": "Little Caesars Pizza", "confidence": 0.41176470588235292, "socials": [ "https://www.facebook.com/355423191318850" ] }, "geometry": { "type": "Point", "coordinates": [ -74.7132983, 40.1911548 ] } },
{ "type": "Feature", "properties": { "id": "08f2a13cc28213a403f02112403e9915", "name": "Anthony's Pizza Palace", "confidence": 0.99497955735766175, "socials": [ "https://www.facebook.com/116272738397310" ] }, "geometry": { "type": "Point", "coordinates": [ -74.7115158, 40.1906555 ] } },
{ "type": "Feature", "properties": { "id": "08f2a13cc657145b03b2e7da30108152", "name": "Divine Pizza", "confidence": 0.99497955735766175, "socials": [ "https://www.facebook.com/105151612222176" ] }, "geometry": { "type": "Point", "coordinates": [ -74.7139481, 40.2066033 ] } },
{ "type": "Feature", "properties": { "id": "08f2a13cc65043a903dc28df003342c8", "name": "Tina's Pizza", "confidence": 0.99497955735766175, "socials": [ "https://www.facebook.com/1290918397598511" ] }, "geometry": { "type": "Point", "coordinates": [ -74.7158425, 40.2088352 ] } },
{ "type": "Feature", "properties": { "id": "08f2a13cc656cd42035042b7016c2e03", "name": "Sabrina's Pizza & Restaurant", "confidence": 0.99497955735766175, "socials": [ "https://www.facebook.com/336798349752824" ] }, "geometry": { "type": "Point", "coordinates": [ -74.7121482, 40.2065005 ] } },
{ "type": "Feature", "properties": { "id": "08f2a13cd66d450603a9031941f757bd", "name": "Mannino's Family Restaurant", "confidence": 0.99497955735766175, "socials": [ "https://www.facebook.com/145626365457720" ] }, "geometry": { "type": "Point", "coordinates": [ -74.7937506, 40.2119306 ] } },
{ "type": "Feature", "properties": { "id": "08f2a13cd66c2cf2035bcef4d016cf08", "name": "Bambino's Pizza", "confidence": 0.97817198851157294, "socials": [ "https://www.facebook.com/102391091277770" ] }, "geometry": { "type": "Point", "coordinates": [ -74.7932776, 40.211431 ] } },
{ "type": "Feature", "properties": { "id": "08f2a13cd662aab50320990a3dfd71c2", "name": "Bambino's Pizza", "confidence": 0.77, "socials": null }, "geometry": { "type": "Point", "coordinates": [ -74.7894217, 40.2134942 ] } },
{ "type": "Feature", "properties": { "id": "08f2a13cd605a8c003ec97040347ae7d", "name": "Nick's Pizza", "confidence": 0.97817198851157294, "socials": [ "https://www.facebook.com/203001786380209" ] }, "geometry": { "type": "Point", "coordinates": [ -74.7817452, 40.2161208 ] } },
{ "type": "Feature", "properties": { "id": "08f2a13cd605168a03328c474dedca6e", "name": "Nick's Pizza", "confidence": 0.77, "socials": null }, "geometry": { "type": "Point", "coordinates": [ -74.7815253, 40.216674 ] } },
{ "type": "Feature", "properties": { "id": "08f2a13c89642acb03abc0a57f94b129", "name": "Papi's Pizza", "confidence": 0.97817198851157294, "socials": [ "https://www.facebook.com/116204618406851" ] }, "geometry": { "type": "Point", "coordinates": [ -74.7749406, 40.229983 ] } },
{ "type": "Feature", "properties": { "id": "08f2a13cd46aca5a03d4b7cf1f13bfd6", "name": "Peter’s Pizza and Deli", "confidence": 0.98296875, "socials": [ "https://www.facebook.com/332986696777672" ] }, "geometry": { "type": "Point", "coordinates": [ -74.7631892, 40.2146388 ] } },
{ "type": "Feature", "properties": { "id": "08f2a13cd44e26e0037bf9d26d672d47", "name": "Brothers Trattoria", "confidence": 0.71069587628865982, "socials": [ "https://www.facebook.com/290644355103438" ] }, "geometry": { "type": "Point", "coordinates": [ -74.76503, 40.2206 ] } },
{ "type": "Feature", "properties": { "id": "08f2a13cd466620903ec8fdb4db7ab4a", "name": "Papa John's Pizza", "confidence": 0.41176470588235292, "socials": [ "https://www.facebook.com/199876563374649" ] }, "geometry": { "type": "Point", "coordinates": [ -74.7577246, 40.2132939 ] } },
{ "type": "Feature", "properties": { "id": "08f2a13cd463302403d4ffe756e1cc86", "name": "Covello's Pizza", "confidence": 0.97817198851157294, "socials": [ "https://www.facebook.com/121176644602245" ] }, "geometry": { "type": "Point", "coordinates": [ -74.7616116, 40.2155617 ] } },
{ "type": "Feature", "properties": { "id": "08f2a13cd4460348034a259d5b3af31d", "name": "Latino Americano Pizza", "confidence": 0.21337126600284495, "socials": [ "https://www.facebook.com/494699354210897" ] }, "geometry": { "type": "Point", "coordinates": [ -74.759875, 40.220738 ] } },
{ "type": "Feature", "properties": { "id": "08f2a13cd40f18c103dd14b6285bfbf5", "name": "Pizza Grill", "confidence": 0.77, "socials": null }, "geometry": { "type": "Point", "coordinates": [ -74.754605, 40.218515 ] } },
{ "type": "Feature", "properties": { "id": "08f2a13c895406b603889fb4c6875630", "name": "Philadelphia Pizza", "confidence": 0.77, "socials": null }, "geometry": { "type": "Point", "coordinates": [ -74.775301, 40.240594 ] } },
{ "type": "Feature", "properties": { "id": "08f2a13c8872d2440315d92e05c9032d", "name": "Pizza Hut", "confidence": 0.97817198851157294, "socials": [ "https://www.facebook.com/212167412318296" ] }, "geometry": { "type": "Point", "coordinates": [ -74.788188, 40.2525213 ] } },
{ "type": "Feature", "properties": { "id": "08f2a13c887624d0037fe68dc9181497", "name": "Little Caesars", "confidence": 0.99497955735766175, "socials": [ "https://www.facebook.com/206219458089308" ] }, "geometry": { "type": "Point", "coordinates": [ -74.7876719, 40.2515159 ] } },
{ "type": "Feature", "properties": { "id": "08f2a13c8952106303ba816a68fee2b9", "name": "Taste Buds Deli & Pizza", "confidence": 0.77, "socials": null }, "geometry": { "type": "Point", "coordinates": [ -74.775749, 40.243614 ] } },
{ "type": "Feature", "properties": { "id": "08f2a13c883280ce037a2573528a285b", "name": "Rosa Pizza", "confidence": 0.93346005154639178, "socials": null }, "geometry": { "type": "Point", "coordinates": [ -74.7783937, 40.2507665 ] } },
{ "type": "Feature", "properties": { "id": "08f2a13c8976924a0379bae3349acdf5", "name": "Madhouse Pizza & Wings", "confidence": 0.29137199434229144, "socials": [ "https://www.facebook.com/454058131122611" ] }, "geometry": { "type": "Point", "coordinates": [ -74.7705368, 40.2319549 ] } },
{ "type": "Feature", "properties": { "id": "08f2a13c88a4cced038e160067fe6579", "name": "Valentino's Pizza", "confidence": 0.99497955735766175, "socials": [ "https://www.facebook.com/1804121309815992" ] }, "geometry": { "type": "Point", "coordinates": [ -74.7709248, 40.2506263 ] } },
{ "type": "Feature", "properties": { "id": "08f2a13c89d05522036fe4a93c6cacd6", "name": "Mamma Flora's Trattoria", "confidence": 0.93346005154639178, "socials": null }, "geometry": { "type": "Point", "coordinates": [ -74.769183, 40.2492765 ] } },
{ "type": "Feature", "properties": { "id": "08f2a13c898341a203b72fb2ade71557", "name": "Purple Pizza & Grill", "confidence": 0.99497955735766175, "socials": [ "https://www.facebook.com/123661321020817" ] }, "geometry": { "type": "Point", "coordinates": [ -74.760554, 40.2452277 ] } },
{ "type": "Feature", "properties": { "id": "08f2a13c8982d36803401fe0baa76fe7", "name": "Special Pizza City", "confidence": 0.97817198851157294, "socials": [ "https://www.facebook.com/256323487757879" ] }, "geometry": { "type": "Point", "coordinates": [ -74.7581209, 40.2433632 ] } },
{ "type": "Feature", "properties": { "id": "08f2a13c8d286c410352abda182cf5e4", "name": "Ruben's Pizza", "confidence": 0.99497955735766175, "socials": [ "https://www.facebook.com/115798943146269" ] }, "geometry": { "type": "Point", "coordinates": [ -74.7568789, 40.2496167 ] } },
{ "type": "Feature", "properties": { "id": "08f2a13c8d286880039d8389ac8dfd0a", "name": "Little Moe's Pizza & Grill", "confidence": 0.35051546391752575, "socials": [ "https://www.facebook.com/779408848768023" ] }, "geometry": { "type": "Point", "coordinates": [ -74.756683, 40.249676 ] } },
{ "type": "Feature", "properties": { "id": "08f2a13cf36210630308f520f2907675", "name": "Domino's Pizza", "confidence": 0.99497955735766175, "socials": [ "https://www.facebook.com/405576536224402" ] }, "geometry": { "type": "Point", "coordinates": [ -74.7296914, 40.2162869 ] } },
{ "type": "Feature", "properties": { "id": "08f2a13cf37a444c03c0a62b1349a428", "name": "Little Caesars Pizza", "confidence": 0.99497955735766175, "socials": [ "https://www.facebook.com/1682263275372406" ] }, "geometry": { "type": "Point", "coordinates": [ -74.7323169, 40.2195295 ] } },
{ "type": "Feature", "properties": { "id": "08f2a13cd496921903491946976c94e5", "name": "Pizza Express Trenton", "confidence": 0.98582594999015549, "socials": [ "https://www.facebook.com/104322284588423" ] }, "geometry": { "type": "Point", "coordinates": [ -74.7384052, 40.2252413 ] } },
{ "type": "Feature", "properties": { "id": "08f2a13cf32ec26d0380d4df067d5b8c", "name": "Corleone's Tomato Pie & Pizza", "confidence": 0.99497955735766175, "socials": [ "https://www.facebook.com/1464702563845926" ] }, "geometry": { "type": "Point", "coordinates": [ -74.720703, 40.2105977 ] } },
{ "type": "Feature", "properties": { "id": "08f2a13cf2ca93180329ab50fbe8fd22", "name": "Pizzabyangelo", "confidence": 0.35051546391752575, "socials": [ "https://www.facebook.com/229831708201" ] }, "geometry": { "type": "Point", "coordinates": [ -74.7437782, 40.2460814 ] } },
{ "type": "Feature", "properties": { "id": "08f2a13cf2c1d519031b5a62bedeecd3", "name": "Pizza Lab", "confidence": 0.35051546391752575, "socials": [ "https://www.facebook.com/207651695773632" ] }, "geometry": { "type": "Point", "coordinates": [ -74.74225, 40.24639 ] } },
{ "type": "Feature", "properties": { "id": "08f2a13cf66f04f00322fedb98e4a1bb", "name": "Dominic's Pizza", "confidence": 0.77, "socials": null }, "geometry": { "type": "Point", "coordinates": [ -74.735915, 40.2510436 ] } },
{ "type": "Feature", "properties": { "id": "08f2a13cf66f04730312228f704ff669", "name": "Dominic's Pizza", "confidence": 0.97817198851157294, "socials": [ "https://www.facebook.com/111742692195556" ] }, "geometry": { "type": "Point", "coordinates": [ -74.7358689, 40.2509209 ] } },
{ "type": "Feature", "properties": { "id": "08f2a13cf06d596d038e272c5d45fa04", "name": "Mario and Franks IV", "confidence": 0.99497955735766175, "socials": [ "https://www.facebook.com/57294937926" ] }, "geometry": { "type": "Point", "coordinates": [ -74.7200859, 40.2324016 ] } },
{ "type": "Feature", "properties": { "id": "08f2a13cf001c142037128ee79aaf84b", "name": "JAM 247 LLC", "confidence": 0.77, "socials": null }, "geometry": { "type": "Point", "coordinates": [ -74.71014, 40.2398723 ] } },
{ "type": "Feature", "properties": { "id": "08f2a13ccac5578c03dc02188ec4b980", "name": "Sfizio Pizza", "confidence": 0.99497955735766175, "socials": [ "https://www.facebook.com/417185514805648" ] }, "geometry": { "type": "Point", "coordinates": [ -74.7045433, 40.1356544 ] } },
{ "type": "Feature", "properties": { "id": "08f2a13ccad136a203e16613878fb119", "name": "Spatola's Pizza", "confidence": 0.91798695246971107, "socials": [ "https://www.facebook.com/125471217323416" ] }, "geometry": { "type": "Point", "coordinates": [ -74.7059693, 40.1404705 ] } },
{ "type": "Feature", "properties": { "id": "08f2a13ccac25206032d448874b2d7ee", "name": "Rosario's Pizza", "confidence": 0.77, "socials": null }, "geometry": { "type": "Point", "coordinates": [ -74.70407, 40.1386 ] } },
{ "type": "Feature", "properties": { "id": "08f2a13cce794ae5036ca8c080e93190", "name": "Anthony's Pizza Town", "confidence": 0.97817198851157294, "socials": [ "https://www.facebook.com/156522361047678" ] }, "geometry": { "type": "Point", "coordinates": [ -74.7011337, 40.1466501 ] } },
{ "type": "Feature", "properties": { "id": "08f2a13cce794a6c03754272d89d1877", "name": "Anthony's Pizza Town", "confidence": 0.77, "socials": null }, "geometry": { "type": "Point", "coordinates": [ -74.7009238, 40.1466245 ] } },
{ "type": "Feature", "properties": { "id": "08f2a13cce4e6af30327630ef7fe08c3", "name": "Empire Pizza", "confidence": 0.97817198851157294, "socials": [ "https://www.facebook.com/135955386749980" ] }, "geometry": { "type": "Point", "coordinates": [ -74.7012139, 40.1496733 ] } },
{ "type": "Feature", "properties": { "id": "08f2a13ceb4d089e03ec059c354844d4", "name": "Osteria Procaccini", "confidence": 0.99497955735766175, "socials": [ "https://www.facebook.com/100278498907944" ] }, "geometry": { "type": "Point", "coordinates": [ -74.6444441, 40.1509476 ] } },
{ "type": "Feature", "properties": { "id": "08f2a13cc38d1b240303b759fd8f3f2e", "name": "Palermo's", "confidence": 0.77, "socials": null }, "geometry": { "type": "Point", "coordinates": [ -74.700121, 40.1695693 ] } },
{ "type": "Feature", "properties": { "id": "08f2a13cc38d48dd031031abfca15fb3", "name": "Domino's Pizza", "confidence": 0.99497955735766175, "socials": [ "https://www.facebook.com/1925952074101179" ] }, "geometry": { "type": "Point", "coordinates": [ -74.6999599, 40.1703388 ] } },
{ "type": "Feature", "properties": { "id": "08f2a13cc3983aa3036c11525a9b1ced", "name": "Papa John's Pizza", "confidence": 0.99497955735766175, "socials": [ "https://www.facebook.com/189391254432943" ] }, "geometry": { "type": "Point", "coordinates": [ -74.6994918, 40.1744644 ] } },
{ "type": "Feature", "properties": { "id": "08f2a13cc1020bb4039d38d6c961b337", "name": "Mannino's 4 Pizza & Restaurant", "confidence": 0.77, "socials": null }, "geometry": { "type": "Point", "coordinates": [ -74.6744358, 40.1686617 ] } },
{ "type": "Feature", "properties": { "id": "08f2a13cc112d43303bbdcf41b5ef170", "name": "Bella Italian Eatery", "confidence": 0.99497955735766175, "socials": [ "https://www.facebook.com/184967968759973" ] }, "geometry": { "type": "Point", "coordinates": [ -74.6718349, 40.1701301 ] } },
{ "type": "Feature", "properties": { "id": "08f2a13cc5694d9b033d9c0137a76655", "name": "Camila's Kitchen", "confidence": 0.97513513513513517, "socials": [ "https://www.facebook.com/704169136446729" ] }, "geometry": { "type": "Point", "coordinates": [ -74.675649, 40.1819821 ] } },
{ "type": "Feature", "properties": { "id": "08f2a13cc0b2bd8a039337990cce72a2", "name": "Scotto & Crimani", "confidence": 0.97817198851157294, "socials": [ "https://www.facebook.com/279135208862287" ] }, "geometry": { "type": "Point", "coordinates": [ -74.6778185, 40.1856166 ] } },
{ "type": "Feature", "properties": { "id": "08f2a13cc04a64c803b2bb8bf8081ac1", "name": "Ivy Tavern & Liquor Store", "confidence": 0.98331870061457416, "socials": [ "https://www.facebook.com/111465302226444" ] }, "geometry": { "type": "Point", "coordinates": [ -74.705955, 40.1888576 ] } },
{ "type": "Feature", "properties": { "id": "08f2a13cc63758a103efdf9444493a00", "name": "Jeppy's Gourmet Pizza Shop II", "confidence": 0.97817198851157294, "socials": [ "https://www.facebook.com/159491517532760" ] }, "geometry": { "type": "Point", "coordinates": [ -74.7002117, 40.1971422 ] } },
{ "type": "Feature", "properties": { "id": "08f2a13cee2595940385023971d585d2", "name": "Panda Express", "confidence": 0.91103789126853374, "socials": [ "https://www.facebook.com/479390339067432" ] }, "geometry": { "type": "Point", "coordinates": [ -74.6292739, 40.1760449 ] } },
{ "type": "Feature", "properties": { "id": "08f2a13cee2594340375eec39d18f6e1", "name": "Pizza Hut Express", "confidence": 0.77, "socials": null }, "geometry": { "type": "Point", "coordinates": [ -74.628681, 40.176229 ] } },
{ "type": "Feature", "properties": { "id": "08f2a13cee59b390036ac7ce52e8132d", "name": "Pikilia Greek Grill and Pizza", "confidence": 0.97817198851157294, "socials": [ "https://www.facebook.com/377754132078762" ] }, "geometry": { "type": "Point", "coordinates": [ -74.6468518, 40.1912557 ] } },
{ "type": "Feature", "properties": { "id": "08f2a13ce34ea8d9033e1edc9a3d1e75", "name": "Padrino's Bistro & Italian Steakhouse", "confidence": 0.77, "socials": null }, "geometry": { "type": "Point", "coordinates": [ -74.6598027, 40.2047884 ] } },
{ "type": "Feature", "properties": { "id": "08f2a13cf52ed420039246c3b63af237", "name": "Papa John's Pizza", "confidence": 0.41176470588235292, "socials": [ "https://www.facebook.com/313090008729397" ] }, "geometry": { "type": "Point", "coordinates": [ -74.6772186, 40.2305339 ] } },
{ "type": "Feature", "properties": { "id": "08f2a13cf52f5a850327b776ea40028b", "name": "Pizza Hut", "confidence": 0.99497955735766175, "socials": [ "https://www.facebook.com/160424200642486" ] }, "geometry": { "type": "Point", "coordinates": [ -74.6787504, 40.2317991 ] } },
{ "type": "Feature", "properties": { "id": "08f2a13cf52ed420032397521a22621a", "name": "Papa John's Pizza", "confidence": 0.77, "socials": null }, "geometry": { "type": "Point", "coordinates": [ -74.6772542, 40.2310359 ] } },
{ "type": "Feature", "properties": { "id": "08f2a13ce2cd88ec033cebfb63b06c92", "name": "Domino's Pizza", "confidence": 0.97817198851157294, "socials": [ "https://www.facebook.com/220862028061001" ] }, "geometry": { "type": "Point", "coordinates": [ -74.6692699, 40.2278813 ] } },
{ "type": "Feature", "properties": { "id": "08f2a13ce25364280339aec51b60e641", "name": "Brother's Pizza on Rt 33", "confidence": 0.77, "socials": null }, "geometry": { "type": "Point", "coordinates": [ -74.6735399, 40.2298779 ] } },
{ "type": "Feature", "properties": { "id": "08f2a13ce2536562039ef05845855c7c", "name": "Brother's Pizza on Rt. 33", "confidence": 0.77, "socials": null }, "geometry": { "type": "Point", "coordinates": [ -74.6734698, 40.2299042 ] } },
{ "type": "Feature", "properties": { "id": "08f2a13ce253656203a9e93a62655281", "name": "Brothers Pizza on rt.33", "confidence": 0.98331870061457416, "socials": [ "https://www.facebook.com/289790689731" ] }, "geometry": { "type": "Point", "coordinates": [ -74.6734399, 40.2299446 ] } },
{ "type": "Feature", "properties": { "id": "08f2a13ce2cc40e8035e4d2fa7e97cf3", "name": "Dominicks pizza", "confidence": 0.77, "socials": null }, "geometry": { "type": "Point", "coordinates": [ -74.668167591523797, 40.228823833945398 ] } },
{ "type": "Feature", "properties": { "id": "08f2a13cf023560a0327a775ee87a918", "name": "Nottingham's Pizza and Deli", "confidence": 0.97817198851157294, "socials": [ "https://www.facebook.com/111732385529430" ] }, "geometry": { "type": "Point", "coordinates": [ -74.7067033, 40.2333908 ] } },
{ "type": "Feature", "properties": { "id": "08f2a13cf0373c8e035e85bc9f80ab74", "name": "Nottingham Pizza & Deli", "confidence": 0.77, "socials": null }, "geometry": { "type": "Point", "coordinates": [ -74.706694, 40.2334643 ] } },
{ "type": "Feature", "properties": { "id": "08f2a13cf568ed0a033f1293af736d33", "name": "Vincent's Pizza", "confidence": 0.97817198851157294, "socials": [ "https://www.facebook.com/100871129958100" ] }, "geometry": { "type": "Point", "coordinates": [ -74.6921071, 40.235121 ] } },
{ "type": "Feature", "properties": { "id": "08f2a13cf565dd100367d875fd44dfd5", "name": "Limoncellos of Lawrenceville", "confidence": 0.71069587628865982, "socials": [ "https://www.facebook.com/1621929678047186" ] }, "geometry": { "type": "Point", "coordinates": [ -74.6862488, 40.2326317 ] } },
{ "type": "Feature", "properties": { "id": "08f2a13cf08c012303e315c158531c01", "name": "Mario's Pizza", "confidence": 0.99497955735766175, "socials": [ "https://www.facebook.com/1786326388317212" ] }, "geometry": { "type": "Point", "coordinates": [ -74.7029095, 40.2433155 ] } },
{ "type": "Feature", "properties": { "id": "08f2a13cf5521a4e0362473948111037", "name": "Papa's Tomato Pies", "confidence": 0.77, "socials": null }, "geometry": { "type": "Point", "coordinates": [ -74.686706542968807, 40.246543884277301 ] } },
{ "type": "Feature", "properties": { "id": "08f2a13cf427068e03240502f5014ced", "name": "Uno Pizzeria & Grill", "confidence": 0.9961633011413521, "socials": [ "https://www.facebook.com/272812789396336" ] }, "geometry": { "type": "Point", "coordinates": [ -74.6913149, 40.2498882 ] } },
{ "type": "Feature", "properties": { "id": "08f2a13cf4260b410364531750bd9b89", "name": "DeLorenzo's Pizza", "confidence": 0.99497955735766175, "socials": [ "https://www.facebook.com/151803894862010" ] }, "geometry": { "type": "Point", "coordinates": [ -74.6891905, 40.2496143 ] } },
{ "type": "Feature", "properties": { "id": "08f2a13ce210639103405cda8b0bdec8", "name": "Slice of Brooklyn", "confidence": 0.98331870061457416, "socials": [ "https://www.facebook.com/101197592026042" ] }, "geometry": { "type": "Point", "coordinates": [ -74.6623517, 40.2264092 ] } },
{ "type": "Feature", "properties": { "id": "08f2a13ce2d49c7503c1a1c4cbd6b8fa", "name": "Amaya's Pizza and Italian Eatery", "confidence": 0.93837369560937189, "socials": [ "https://www.facebook.com/125786153947484" ] }, "geometry": { "type": "Point", "coordinates": [ -74.6618785, 40.2300901 ] } },
{ "type": "Feature", "properties": { "id": "08f2a13ce2b29d260399cd87062ca8d0", "name": "Nonno Sals", "confidence": 0.99497955735766175, "socials": [ "https://www.facebook.com/156663234364522" ] }, "geometry": { "type": "Point", "coordinates": [ -74.6492175, 40.2232978 ] } },
{ "type": "Feature", "properties": { "id": "08f2a13ce04ea0f2035be774ecadbd45", "name": "Marcello's Pizza Grill", "confidence": 0.99497955735766175, "socials": [ "https://www.facebook.com/127435080663750" ] }, "geometry": { "type": "Point", "coordinates": [ -74.6460981, 40.2235412 ] } },
{ "type": "Feature", "properties": { "id": "08f2a13ce1ca47290393c378e74cad70", "name": "Papa's Tomato Pies", "confidence": 0.97817198851157294, "socials": [ "https://www.facebook.com/185566028158401" ] }, "geometry": { "type": "Point", "coordinates": [ -74.6239955, 40.2153321 ] } },
{ "type": "Feature", "properties": { "id": "08f2a13ce1c0095b03432791350461a5", "name": "Villa Barone", "confidence": 0.77, "socials": null }, "geometry": { "type": "Point", "coordinates": [ -74.620872, 40.21439 ] } },
{ "type": "Feature", "properties": { "id": "08f2a13ce00188ec03c3cba18194a862", "name": "Massimo's", "confidence": 0.77, "socials": null }, "geometry": { "type": "Point", "coordinates": [ -74.6353369, 40.2236418 ] } },
{ "type": "Feature", "properties": { "id": "08f2a13c0b3722b503ecf04f2fe051e2", "name": "Lola Restaurant", "confidence": 0.77, "socials": null }, "geometry": { "type": "Point", "coordinates": [ -74.5851249, 40.2374805 ] } },
{ "type": "Feature", "properties": { "id": "08f2a13c9e12a81a03f492ba5ceb40b3", "name": "Original Dominick's Pizzeria", "confidence": 0.97817198851157294, "socials": [ "https://www.facebook.com/1573095559611145" ] }, "geometry": { "type": "Point", "coordinates": [ -74.8724976, 40.2923028 ] } },
{ "type": "Feature", "properties": { "id": "08f2a13c8adb06da0312eddc4757da72", "name": "Red Star Pizza 3", "confidence": 0.99497955735766175, "socials": [ "https://www.facebook.com/476738032437230" ] }, "geometry": { "type": "Point", "coordinates": [ -74.819521, 40.2663958 ] } },
{ "type": "Feature", "properties": { "id": "08f2a13c8e6762850311ecd64bc47855", "name": "Danny's Tomato Pie", "confidence": 0.99497955735766175, "socials": [ "https://www.facebook.com/110418335774658" ] }, "geometry": { "type": "Point", "coordinates": [ -74.8067764, 40.2671923 ] } },
{ "type": "Feature", "properties": { "id": "08f2a13c8e2834d003bf864b03f85c7c", "name": "Villa Rosa", "confidence": 0.99497955735766175, "socials": [ "https://www.facebook.com/151953538196738" ] }, "geometry": { "type": "Point", "coordinates": [ -74.8025804, 40.2654886 ] } },
{ "type": "Feature", "properties": { "id": "08f2a13c8e19949503c4dbeead435773", "name": "Stella's Pizza", "confidence": 0.97817198851157294, "socials": [ "https://www.facebook.com/116322925054691" ] }, "geometry": { "type": "Point", "coordinates": [ -74.8037373, 40.2754409 ] } },
{ "type": "Feature", "properties": { "id": "08f2a13c847a84da03891d9841c84018", "name": "Domino's Pizza", "confidence": 0.99497955735766175, "socials": [ "https://www.facebook.com/101608778466714" ] }, "geometry": { "type": "Point", "coordinates": [ -74.7977531, 40.3262557 ] } },
{ "type": "Feature", "properties": { "id": "08f2a13c84451ca403b4932b5b714fae", "name": "Pennington Pizza Grill", "confidence": 0.99497955735766175, "socials": [ "https://www.facebook.com/262124121677" ] }, "geometry": { "type": "Point", "coordinates": [ -74.7984116, 40.3295161 ] } },
{ "type": "Feature", "properties": { "id": "08f2a13c84511d890333664b486689a0", "name": "Osteria Procaccini", "confidence": 0.99497955735766175, "socials": [ "https://www.facebook.com/314602565372207" ] }, "geometry": { "type": "Point", "coordinates": [ -74.7984418, 40.3346875 ] } },
{ "type": "Feature", "properties": { "id": "08f2a13c88463475039dbbdb368113c2", "name": "Domino's Pizza", "confidence": 0.99497955735766175, "socials": [ "https://www.facebook.com/464426480314660" ] }, "geometry": { "type": "Point", "coordinates": [ -74.7926532, 40.2560379 ] } },
{ "type": "Feature", "properties": { "id": "08f2a13c88b9b3460379684578ce3067", "name": "Two Brothers Pizza", "confidence": 0.77, "socials": null }, "geometry": { "type": "Point", "coordinates": [ -74.777234, 40.2550979 ] } },
{ "type": "Feature", "properties": { "id": "08f2a13c8ea1152a033713046f141578", "name": "Salerno's Pizza III", "confidence": 0.99497955735766175, "socials": [ "https://www.facebook.com/454273304767472" ] }, "geometry": { "type": "Point", "coordinates": [ -74.7908674, 40.2718564 ] } },
{ "type": "Feature", "properties": { "id": "08f2a13c8c69d8f303b6f3b92caf6774", "name": "Piccolo Pronto", "confidence": 0.77, "socials": null }, "geometry": { "type": "Point", "coordinates": [ -74.78345098, 40.268632 ] } },
{ "type": "Feature", "properties": { "id": "08f2a13c8dc1a2810381f8b586ba1c48", "name": "King's Pizzarama", "confidence": 0.99497955735766175, "socials": [ "https://www.facebook.com/296310391121769" ] }, "geometry": { "type": "Point", "coordinates": [ -74.7592378, 40.2640363 ] } },
{ "type": "Feature", "properties": { "id": "08f2a13cab2ddd64039fb84a1031c55c", "name": "Original's Pizza & Subs", "confidence": 0.77, "socials": null }, "geometry": { "type": "Point", "coordinates": [ -74.740885, 40.2649414 ] } },
{ "type": "Feature", "properties": { "id": "08f2a13cab2dd88103e080e1cf2c595e", "name": "Fedelo's 1 Pizza", "confidence": 0.99497955735766175, "socials": [ "https://www.facebook.com/778926975459364" ] }, "geometry": { "type": "Point", "coordinates": [ -74.7406975, 40.2648928 ] } },
{ "type": "Feature", "properties": { "id": "08f2a13cab2c41950312b3b31cf0538a", "name": "Varsity Pizza & Subs", "confidence": 0.99497955735766175, "socials": [ "https://www.facebook.com/308501072724" ] }, "geometry": { "type": "Point", "coordinates": [ -74.7402331, 40.2659111 ] } },
{ "type": "Feature", "properties": { "id": "08f2a13cf6916b9003f5405fa6a3a678", "name": "Cafe Domenico's Pizza & Restaurant", "confidence": 0.99497955735766175, "socials": [ "https://www.facebook.com/297782160712835" ] }, "geometry": { "type": "Point", "coordinates": [ -74.7166168, 40.2670157 ] } },
{ "type": "Feature", "properties": { "id": "08f2a13ca9380d5b0359d30f4dcd158c", "name": "Domino's Pizza", "confidence": 0.99497955735766175, "socials": [ "https://www.facebook.com/155482924635872" ] }, "geometry": { "type": "Point", "coordinates": [ -74.7109054, 40.2718122 ] } },
{ "type": "Feature", "properties": { "id": "08f2a13ca8195372030395df50675335", "name": "T J's Pizza & Pasta", "confidence": 0.77, "socials": null }, "geometry": { "type": "Point", "coordinates": [ -74.730223, 40.29766 ] } },
{ "type": "Feature", "properties": { "id": "08f2a13ca8182cb203711866ad871b49", "name": "TJ's Pizza & Pasta", "confidence": 0.98331870061457416, "socials": [ "https://www.facebook.com/239393495921963" ] }, "geometry": { "type": "Point", "coordinates": [ -74.7300292, 40.2975373 ] } },
{ "type": "Feature", "properties": { "id": "08f2a13c80b62b5c0339b250be1ecd2e", "name": "Wildflowers Inn", "confidence": 0.99497955735766175, "socials": [ "https://www.facebook.com/296443460497233" ] }, "geometry": { "type": "Point", "coordinates": [ -74.786427, 40.3094115 ] } },
{ "type": "Feature", "properties": { "id": "08f2a13c80b66570031cc49d513730fd", "name": "Marco's Pizza", "confidence": 0.77, "socials": null }, "geometry": { "type": "Point", "coordinates": [ -74.7866212, 40.3098674 ] } },
{ "type": "Feature", "properties": { "id": "08f2a13c840f298a0320b0c798f9323d", "name": "Vito's Pizza", "confidence": 0.99497955735766175, "socials": [ "https://www.facebook.com/548946445129102" ] }, "geometry": { "type": "Point", "coordinates": [ -74.791232, 40.3281989 ] } },
{ "type": "Feature", "properties": { "id": "08f2a13caa9a6c58034b3769d0d9f5e4", "name": "Candela Brothers Pizza and Italian Cuisine", "confidence": 0.97817198851157294, "socials": [ "https://www.facebook.com/100135528702683" ] }, "geometry": { "type": "Point", "coordinates": [ -74.749911, 40.3029956 ] } },
{ "type": "Feature", "properties": { "id": "08f2a13caa9a6ad1034fd1b190e889b4", "name": "Candela Brothers Pizza & Italian Cuisine", "confidence": 0.77, "socials": null }, "geometry": { "type": "Point", "coordinates": [ -74.7498827, 40.3030404 ] } },
{ "type": "Feature", "properties": { "id": "08f2a1236a8a248c03d8c11cfd4e1994", "name": "Taste of Naples", "confidence": 0.77, "socials": null }, "geometry": { "type": "Point", "coordinates": [ -74.8637645, 40.4252906 ] } },
{ "type": "Feature", "properties": { "id": "08f2a1236a9b4442035a5caa59249926", "name": "The Grottino", "confidence": 0.77, "socials": null }, "geometry": { "type": "Point", "coordinates": [ -74.862342834472699, 40.4286918640137 ] } },
{ "type": "Feature", "properties": { "id": "08f2a13d994b582803537a759774c840", "name": "Nomad Pizza", "confidence": 0.97817198851157294, "socials": [ "https://www.facebook.com/385867295134872" ] }, "geometry": { "type": "Point", "coordinates": [ -74.7614201, 40.3898016 ] } },
{ "type": "Feature", "properties": { "id": "08f2a13c1a3a22a003076f7b0e2fe7f2", "name": "Fedelo’s Pizza and Pasta", "confidence": 0.31588785046728973, "socials": [ "https://www.facebook.com/117119351472201" ] }, "geometry": { "type": "Point", "coordinates": [ -74.6808591, 40.2733818 ] } },
{ "type": "Feature", "properties": { "id": "08f2a13c1a98d3110391200d7b794150", "name": "QB Pizza by Gennaro's", "confidence": 0.77, "socials": null }, "geometry": { "type": "Point", "coordinates": [ -74.674734424606328, 40.284896174851553 ] } },
{ "type": "Feature", "properties": { "id": "08f2a13c1e49a90a03522d92b24e61f3", "name": "Red Moon Pizza", "confidence": 0.77, "socials": null }, "geometry": { "type": "Point", "coordinates": [ -74.6843994, 40.2983535 ] } },
{ "type": "Feature", "properties": { "id": "08f2a13c1322d2db0301ab437de804ec", "name": "Chuck E. Cheese", "confidence": 0.99497955735766175, "socials": [ "https://www.facebook.com/149663608429765" ] }, "geometry": { "type": "Point", "coordinates": [ -74.6788826, 40.3061126 ] } },
{ "type": "Feature", "properties": { "id": "08f2a13c1c19504203d64b41f5a7c5c5", "name": "Capuano Ristorante", "confidence": 0.77, "socials": null }, "geometry": { "type": "Point", "coordinates": [ -74.6413699, 40.3007109 ] } },
{ "type": "Feature", "properties": { "id": "08f2a13c020c9b1603fba16959405dd3", "name": "Brother's Pizza", "confidence": 0.99497955735766175, "socials": [ "https://www.facebook.com/490283174490087" ] }, "geometry": { "type": "Point", "coordinates": [ -74.6252227, 40.3125667 ] } },
{ "type": "Feature", "properties": { "id": "08f2a13c0204d4c003038364ddc37fbf", "name": "CARNARNIC INC", "confidence": 0.77, "socials": null }, "geometry": { "type": "Point", "coordinates": [ -74.6213994, 40.3130755 ] } },
{ "type": "Feature", "properties": { "id": "08f2a13c0206b8c603f58cb91f081297", "name": "Aljon's Pizza and Restaurant", "confidence": 0.98331870061457416, "socials": [ "https://www.facebook.com/149366228552630" ] }, "geometry": { "type": "Point", "coordinates": [ -74.6206393, 40.3135299 ] } },
{ "type": "Feature", "properties": { "id": "08f2a13c020690d603e569b1574ce27e", "name": "AlJon's Pizza & Sub Shop", "confidence": 0.77, "socials": null }, "geometry": { "type": "Point", "coordinates": [ -74.6203284, 40.3134439 ] } },
{ "type": "Feature", "properties": { "id": "08f2a13c028d968a0304759e3de0df89", "name": "Domino's Pizza", "confidence": 0.99497955735766175, "socials": [ "https://www.facebook.com/447603942002579" ] }, "geometry": { "type": "Point", "coordinates": [ -74.6196385, 40.317879 ] } },
{ "type": "Feature", "properties": { "id": "08f2a13c1536c09e0375f589ad1c1f99", "name": "Papa Johns Pizza", "confidence": 0.98296875, "socials": [ "https://www.facebook.com/300059063697456" ] }, "geometry": { "type": "Point", "coordinates": [ -74.631815, 40.3269243 ] } },
{ "type": "Feature", "properties": { "id": "08f2a13c0d0c324e03e60a0056d20e22", "name": "Domino's Pizza", "confidence": 0.99497955735766175, "socials": [ "https://www.facebook.com/132609703611498" ] }, "geometry": { "type": "Point", "coordinates": [ -74.5497104, 40.2605654 ] } },
{ "type": "Feature", "properties": { "id": "08f2a13c0db2a3ae0301d7cced96e429", "name": "Angelo's Pizza & Grill", "confidence": 0.97817198851157294, "socials": [ "https://www.facebook.com/405618436513713" ] }, "geometry": { "type": "Point", "coordinates": [ -74.5340187, 40.2640412 ] } },
{ "type": "Feature", "properties": { "id": "08f2a13c0d1248c003e3bda5160ebf49", "name": "Sals Pizza", "confidence": 0.71069587628865982, "socials": [ "https://www.facebook.com/163704770351616" ] }, "geometry": { "type": "Point", "coordinates": [ -74.5433801, 40.2681747 ] } },
{ "type": "Feature", "properties": { "id": "08f2a13c0d885323039f6bd0604108de", "name": "Planet Pizza and Wings", "confidence": 0.99497955735766175, "socials": [ "https://www.facebook.com/1638554756395616" ] }, "geometry": { "type": "Point", "coordinates": [ -74.5427699, 40.2692466 ] } },
{ "type": "Feature", "properties": { "id": "08f2a13c0d984918033788f82b1ef5d5", "name": "Sabrina's Pizza & Catering", "confidence": 0.99497955735766175, "socials": [ "https://www.facebook.com/1528932850734358" ] }, "geometry": { "type": "Point", "coordinates": [ -74.5411171, 40.2726329 ] } },
{ "type": "Feature", "properties": { "id": "08f2a13c2b66b8d1036f1c687817a0b0", "name": "Papa John's Pizza", "confidence": 0.97817198851157294, "socials": [ "https://www.facebook.com/284530881604316" ] }, "geometry": { "type": "Point", "coordinates": [ -74.5383368, 40.2742405 ] } },
{ "type": "Feature", "properties": { "id": "08f2a13c2b66bca4034086ab9fc0fbaa", "name": "Papa John's Pizza (Hightstown, NJ)", "confidence": 0.77, "socials": null }, "geometry": { "type": "Point", "coordinates": [ -74.5383327, 40.2742451 ] } },
{ "type": "Feature", "properties": { "id": "08f2a13c2b66bca403c5cd666d30745d", "name": "Papa Johns Pizza", "confidence": 0.77, "socials": null }, "geometry": { "type": "Point", "coordinates": [ -74.538332653406997, 40.274245148966806 ] } },
{ "type": "Feature", "properties": { "id": "08f2a13c2b2b3b91032f74f8d810ce0e", "name": "Nicolina Ristorante and Pizzeria", "confidence": 0.77, "socials": null }, "geometry": { "type": "Point", "coordinates": [ -74.53573, 40.275646 ] } },
{ "type": "Feature", "properties": { "id": "08f2a13c2b5998800313ee9a64d354bc", "name": "Scotto's Pizza & Restaurant", "confidence": 0.71069587628865982, "socials": [ "https://www.facebook.com/853848491419525" ] }, "geometry": { "type": "Point", "coordinates": [ -74.547255, 40.286653 ] } },
{ "type": "Feature", "properties": { "id": "08f2a13c2b3a0560035a3ffb034cf77b", "name": "Singas Famous Pizza", "confidence": 0.77, "socials": null }, "geometry": { "type": "Point", "coordinates": [ -74.5321842, 40.278458 ] } },
{ "type": "Feature", "properties": { "id": "08f2a13c0427464a03f6243c13e4350f", "name": "Aljon's Pizza and Sub Shop", "confidence": 0.99497955735766175, "socials": [ "https://www.facebook.com/240097419197017" ] }, "geometry": { "type": "Point", "coordinates": [ -74.5762353, 40.327554 ] } },
{ "type": "Feature", "properties": { "id": "08f2a13c0427451803633c7bb5019f4e", "name": "Aljon's Grill Pizzeria & Restaurant", "confidence": 0.77, "socials": null }, "geometry": { "type": "Point", "coordinates": [ -74.576325, 40.3277895 ] } },
{ "type": "Feature", "properties": { "id": "08f2a13c06b2519e035a353ac86d56d8", "name": "Romeo's Restaurant & Pizza", "confidence": 0.99497955735766175, "socials": [ "https://www.facebook.com/115932668435968" ] }, "geometry": { "type": "Point", "coordinates": [ -74.596044, 40.3368893 ] } },
{ "type": "Feature", "properties": { "id": "08f2a13c05926a9503a3aea649456471", "name": "Aljohns", "confidence": 0.31588785046728973, "socials": [ "https://www.facebook.com/2166694760017124" ] }, "geometry": { "type": "Point", "coordinates": [ -74.5538833, 40.3280005 ] } },
{ "type": "Feature", "properties": { "id": "08f2a13c14c9c22103961cf707805088", "name": "Conte's Pizza", "confidence": 0.97817198851157294, "socials": [ "https://www.facebook.com/417263901698719" ] }, "geometry": { "type": "Point", "coordinates": [ -74.6634106, 40.3595993 ] } },
{ "type": "Feature", "properties": { "id": "08f2a13d89ad8a2d031d86b109747cbe", "name": "Domino's Pizza", "confidence": 0.99497955735766175, "socials": [ "https://www.facebook.com/324729024327374" ] }, "geometry": { "type": "Point", "coordinates": [ -74.6640215, 40.3646712 ] } },
{ "type": "Feature", "properties": { "id": "08f2a13c1472ca1303d5e8738a3c46c2", "name": "Proof", "confidence": 0.99497955735766175, "socials": [ "https://www.facebook.com/114622163727861" ] }, "geometry": { "type": "Point", "coordinates": [ -74.6601568, 40.34966 ] } },
{ "type": "Feature", "properties": { "id": "08f2a13c140d2db103d8ee0dc5941b84", "name": "Jules Thin Crust", "confidence": 0.99497955735766175, "socials": [ "https://www.facebook.com/190019398059382" ] }, "geometry": { "type": "Point", "coordinates": [ -74.6601465, 40.3503862 ] } },
{ "type": "Feature", "properties": { "id": "08f2a13c14143160030e2bf7fd41f4e0", "name": "Pizza Den", "confidence": 0.99497955735766175, "socials": [ "https://www.facebook.com/185874882236226" ] }, "geometry": { "type": "Point", "coordinates": [ -74.6518011, 40.352143 ] } },
{ "type": "Feature", "properties": { "id": "08f2a13c141415030357ee6725770988", "name": "Saturn Pizza Princeton", "confidence": 0.77, "socials": null }, "geometry": { "type": "Point", "coordinates": [ -74.6515939, 40.352408 ] } },
{ "type": "Feature", "properties": { "id": "08f2a13c326c471003626feafb4a0d9d", "name": "Nomad Pizza Princeton", "confidence": 0.97817198851157294, "socials": [ "https://www.facebook.com/1578067479089393" ] }, "geometry": { "type": "Point", "coordinates": [ -74.6521953, 40.3634022 ] } },
{ "type": "Feature", "properties": { "id": "08f2a13c1484898903ea92b1e9edf66b", "name": "Porta Via Catering Company", "confidence": 0.77, "socials": null }, "geometry": { "type": "Point", "coordinates": [ -74.645021, 40.354536 ] } },
{ "type": "Feature", "properties": { "id": "08f2a13c326ed08e031e95ff5cb5f2fd", "name": "Nino", "confidence": 0.35051546391752575, "socials": [ "https://www.facebook.com/190762097662137" ] }, "geometry": { "type": "Point", "coordinates": [ -74.6503176, 40.3628441 ] } },
{ "type": "Feature", "properties": { "id": "08f2a13d8e11d52b0386e0178f8623ed", "name": "New World Pizza & Cafe", "confidence": 0.99497955735766175, "socials": [ "https://www.facebook.com/579017975561597" ] }, "geometry": { "type": "Point", "coordinates": [ -74.7023143, 40.4082613 ] } },
{ "type": "Feature", "properties": { "id": "08f2a13d8e11d52b035a67a189dd407c", "name": "New World Pizza & Cafe", "confidence": 0.77, "socials": null }, "geometry": { "type": "Point", "coordinates": [ -74.7022306, 40.4082697 ] } },
{ "type": "Feature", "properties": { "id": "08f2a13dab60b52103459319e9758d65", "name": "Alfonso's Pizzeria & Restaurant", "confidence": 0.77, "socials": null }, "geometry": { "type": "Point", "coordinates": [ -74.6523438, 40.4013006 ] } },
{ "type": "Feature", "properties": { "id": "08f2a13dab6609760335b3b0fd71c028", "name": "Alfonso's Pizzeria & Restaurant", "confidence": 0.97817198851157294, "socials": [ "https://www.facebook.com/391958514218152" ] }, "geometry": { "type": "Point", "coordinates": [ -74.6486528, 40.4010875 ] } },
{ "type": "Feature", "properties": { "id": "08f2a13dab736a1a032035188dcd0a6f", "name": "Genteel's Brick Oven Pizza & Ristorante", "confidence": 0.99497955735766175, "socials": [ "https://www.facebook.com/519557394739885" ] }, "geometry": { "type": "Point", "coordinates": [ -74.6506931, 40.406798 ] } },
{ "type": "Feature", "properties": { "id": "08f2a13dab0d215d030480febc8a7f81", "name": "Beniamino's Cucina & Pizza", "confidence": 0.97817198851157294, "socials": [ "https://www.facebook.com/659539377808688" ] }, "geometry": { "type": "Point", "coordinates": [ -74.6480948, 40.4058788 ] } },
{ "type": "Feature", "properties": { "id": "08f2a13dab0d334c03e994e4cdbe1655", "name": "Beniamino's Cucina & Pizza", "confidence": 0.77, "socials": null }, "geometry": { "type": "Point", "coordinates": [ -74.6477124, 40.4052938 ] } },
{ "type": "Feature", "properties": { "id": "08f2a13c3149b42203c3e521c354874b", "name": "Valentino's Pizza", "confidence": 0.77, "socials": null }, "geometry": { "type": "Point", "coordinates": [ -74.6132595, 40.3555165 ] } },
{ "type": "Feature", "properties": { "id": "08f2a13c33b2624103f0f45da81e12c2", "name": "Valentino's Pizzeria & Trattoria", "confidence": 0.77, "socials": null }, "geometry": { "type": "Point", "coordinates": [ -74.6126229, 40.3548677 ] } },
{ "type": "Feature", "properties": { "id": "08f2a13c301a5a2c0340e979e8290d59", "name": "Tino's Artisan Pizza Co.", "confidence": 0.97817198851157294, "socials": [ "https://www.facebook.com/113333048734806" ] }, "geometry": { "type": "Point", "coordinates": [ -74.6126923, 40.3757811 ] } },
{ "type": "Feature", "properties": { "id": "08f2a13c359aa66c037be92f6acde4cb", "name": "Pizza Hut Express", "confidence": 0.77, "socials": null }, "geometry": { "type": "Point", "coordinates": [ -74.575926, 40.38094 ] } },
{ "type": "Feature", "properties": { "id": "08f2a13c2681c2a803d0920c860b0330", "name": "Pizza Delizia Restaurant", "confidence": 0.97817198851157294, "socials": [ "https://www.facebook.com/297654623986016" ] }, "geometry": { "type": "Point", "coordinates": [ -74.5458129, 40.3792972 ] } },
{ "type": "Feature", "properties": { "id": "08f2a13d1a9a2d3403abb65eac37aadf", "name": "Vinny's Kendall Park Pizza", "confidence": 0.77, "socials": null }, "geometry": { "type": "Point", "coordinates": [ -74.57811, 40.41928123 ] } },
{ "type": "Feature", "properties": { "id": "08f2a13d1e65ad6a03345c8b32cda192", "name": "Vinny's Kendall Park Pizza", "confidence": 0.99497955735766175, "socials": [ "https://www.facebook.com/113827121982881" ] }, "geometry": { "type": "Point", "coordinates": [ -74.5784015, 40.4203678 ] } },
{ "type": "Feature", "properties": { "id": "08f2a13d18d2240103ef92d73743decc", "name": "Pizzatwist", "confidence": 0.77, "socials": null }, "geometry": { "type": "Point", "coordinates": [ -74.5551, 40.42246 ] } },
{ "type": "Feature", "properties": { "id": "08f2a13d18d353a30346317e181f676d", "name": "Dusal's Italian Restaurant and Pizzeria", "confidence": 0.77, "socials": null }, "geometry": { "type": "Point", "coordinates": [ -74.55518, 40.42269 ] } },
{ "type": "Feature", "properties": { "id": "08f2a13d1eb930a5037984a24dbb8ff1", "name": "Douglass Pizzeria & Grill", "confidence": 0.99497955735766175, "socials": [ "https://www.facebook.com/131091853623558" ] }, "geometry": { "type": "Point", "coordinates": [ -74.5634595, 40.4280183 ] } },
{ "type": "Feature", "properties": { "id": "08f2a123716cb0b303fea5f749a562cb", "name": "Maria Rosa Restaurant & Pizza", "confidence": 0.77, "socials": null }, "geometry": { "type": "Point", "coordinates": [ -74.9259693, 40.4629849 ] } },
{ "type": "Feature", "properties": { "id": "08f2a123716cb56303f218a5b7f954aa", "name": "Maria Rosa Pizzeria and Family Restaurant", "confidence": 0.97817198851157294, "socials": [ "https://www.facebook.com/344429990723" ] }, "geometry": { "type": "Point", "coordinates": [ -74.9260002, 40.4630467 ] } },
{ "type": "Feature", "properties": { "id": "08f2a12321468c840371b651df431e0b", "name": "Duke's Ice Cream", "confidence": 0.97817198851157294, "socials": [ "https://www.facebook.com/250640788446016" ] }, "geometry": { "type": "Point", "coordinates": [ -74.9592684, 40.5818543 ] } },
{ "type": "Feature", "properties": { "id": "08f2a12a986db51903be2396967f7f06", "name": "Roma Pizza Italian Restaurant", "confidence": 0.77, "socials": null }, "geometry": { "type": "Point", "coordinates": [ -74.9982694, 40.6458799 ] } },
{ "type": "Feature", "properties": { "id": "08f2a12a88052c6203cca98efd50f278", "name": "Scuola Vecchia SV Pizzeria", "confidence": 0.97817198851157294, "socials": [ "https://www.facebook.com/302484559613613" ] }, "geometry": { "type": "Point", "coordinates": [ -74.9105379, 40.63712 ] } },
{ "type": "Feature", "properties": { "id": "08f2a12a88053020037284c6a58864f5", "name": "Toscana Thin Crust Pizza", "confidence": 0.97817198851157294, "socials": [ "https://www.facebook.com/106233517980890" ] }, "geometry": { "type": "Point", "coordinates": [ -74.9102596, 40.6367117 ] } },
{ "type": "Feature", "properties": { "id": "08f2a12a8804693103acd388f9ca98dc", "name": "Lenny's House of Pizza", "confidence": 0.97817198851157294, "socials": [ "https://www.facebook.com/1108000029217583" ] }, "geometry": { "type": "Point", "coordinates": [ -74.908455, 40.6372107 ] } },
{ "type": "Feature", "properties": { "id": "08f2a12a88ab376c03cb411788f75164", "name": "Dominick's Pizza Shoppes", "confidence": 0.99497955735766175, "socials": [ "https://www.facebook.com/1750528635092306" ] }, "geometry": { "type": "Point", "coordinates": [ -74.9048199, 40.6375246 ] } },
{ "type": "Feature", "properties": { "id": "08f2a12a88d5d28b0367d82f564b4230", "name": "Pino's Gourmet Pizza", "confidence": 0.97817198851157294, "socials": [ "https://www.facebook.com/899171723506022" ] }, "geometry": { "type": "Point", "coordinates": [ -74.9096995, 40.6463178 ] } },
{ "type": "Feature", "properties": { "id": "08f2a12a88ab1cd303d1ff6b834b8eb1", "name": "Dominick's Pizza Shoppe", "confidence": 0.77, "socials": null }, "geometry": { "type": "Point", "coordinates": [ -74.9043049, 40.6376981 ] } },
{ "type": "Feature", "properties": { "id": "08f2a12a8c4d6aa50353413498130f57", "name": "Di Mola's Pizzeria", "confidence": 0.99497955735766175, "socials": [ "https://www.facebook.com/107687510870545" ] }, "geometry": { "type": "Point", "coordinates": [ -74.911382, 40.6584457 ] } },
{ "type": "Feature", "properties": { "id": "08f2a12a8cd76a9c03a1a2ca01ceb74e", "name": "Carini's Pizza, Pasta & More", "confidence": 0.98582594999015549, "socials": [ "https://www.facebook.com/644162892326931" ] }, "geometry": { "type": "Point", "coordinates": [ -74.8956792, 40.6676677 ] } },
{ "type": "Feature", "properties": { "id": "08f2a12a95d76b12032e39402e52b504", "name": "Little italy brick oven pizza & cafe", "confidence": 0.9961633011413521, "socials": [ "https://www.facebook.com/2048715678550200" ] }, "geometry": { "type": "Point", "coordinates": [ -74.9735755, 40.7205267 ] } },
{ "type": "Feature", "properties": { "id": "08f2a12ab36aa34e03ad2a539f540430", "name": "Mamma Maria Pizza", "confidence": 0.77, "socials": null }, "geometry": { "type": "Point", "coordinates": [ -74.9724304, 40.7237716 ] } },
{ "type": "Feature", "properties": { "id": "08f2a12ab2213800032da651f264d333", "name": "Leo's Pizza Italian Restaurant", "confidence": 0.77, "socials": null }, "geometry": { "type": "Point", "coordinates": [ -74.9761285, 40.7401792 ] } },
{ "type": "Feature", "properties": { "id": "08f2a12ab2dac45103b2bc678c1dc5c1", "name": "Domino's Pizza", "confidence": 0.99497955735766175, "socials": [ "https://www.facebook.com/406252726155808" ] }, "geometry": { "type": "Point", "coordinates": [ -74.9803146, 40.7583612 ] } },
{ "type": "Feature", "properties": { "id": "08f2a12ab2d13662030364e67fab40f1", "name": "Sal's Pizza", "confidence": 0.99497955735766175, "socials": [ "https://www.facebook.com/117035188316140" ] }, "geometry": { "type": "Point", "coordinates": [ -74.9796466, 40.7583283 ] } },
{ "type": "Feature", "properties": { "id": "08f2a12ab6685d9603f082795d1a7dd0", "name": "Dicola's Pizza", "confidence": 0.97817198851157294, "socials": [ "https://www.facebook.com/116204155116362" ] }, "geometry": { "type": "Point", "coordinates": [ -74.9753606, 40.7614831 ] } },
{ "type": "Feature", "properties": { "id": "08f2a1214d96d46e03b1eeccb85e5bbc", "name": "Mo Dough Pizza & Italian Cucina", "confidence": 0.92595108695652173, "socials": [ "https://www.facebook.com/590968377424918" ] }, "geometry": { "type": "Point", "coordinates": [ -74.9786332, 40.7713654 ] } },
{ "type": "Feature", "properties": { "id": "08f2a12a86633b85034cfd2aa7b211e3", "name": "Rosata's Pizza & Pasta", "confidence": 0.97817198851157294, "socials": [ "https://www.facebook.com/254786074967290" ] }, "geometry": { "type": "Point", "coordinates": [ -74.953606, 40.7071895 ] } },
{ "type": "Feature", "properties": { "id": "08f2a12a864ee8f2035a60a75d8bfbf8", "name": "Hampton Pizza", "confidence": 0.99497955735766175, "socials": [ "https://www.facebook.com/152322481475084" ] }, "geometry": { "type": "Point", "coordinates": [ -74.9564372, 40.7116164 ] } },
{ "type": "Feature", "properties": { "id": "08f2a12ab604a26e038da3c49a636674", "name": "Mario Pizza", "confidence": 0.77, "socials": null }, "geometry": { "type": "Point", "coordinates": [ -74.9610382, 40.7630776 ] } },
{ "type": "Feature", "properties": { "id": "08f2a1236e46b40e0375872ad93e186f", "name": "Frank's Pizzeria", "confidence": 0.97817198851157294, "socials": [ "https://www.facebook.com/342171165604" ] }, "geometry": { "type": "Point", "coordinates": [ -74.861749, 40.4371189 ] } },
{ "type": "Feature", "properties": { "id": "08f2a12366bac2a5032af8360ba03e28", "name": "Domino's Pizza", "confidence": 0.99497955735766175, "socials": [ "https://www.facebook.com/127831277423762" ] }, "geometry": { "type": "Point", "coordinates": [ -74.8617061, 40.4928457 ] } },
{ "type": "Feature", "properties": { "id": "08f2a12ad9775b43038681dfc5fe4987", "name": "Virami's Pizza", "confidence": 0.97817198851157294, "socials": [ "https://www.facebook.com/160799783951695" ] }, "geometry": { "type": "Point", "coordinates": [ -74.8617389, 40.5073985 ] } },
{ "type": "Feature", "properties": { "id": "08f2a12ad90f629c03ab5c48733c1fe4", "name": "Sinatra's Pizza - Flemington", "confidence": 0.31588785046728973, "socials": [ "https://www.facebook.com/175888218934605" ] }, "geometry": { "type": "Point", "coordinates": [ -74.8611498, 40.5103028 ] } },
{ "type": "Feature", "properties": { "id": "08f2a123644a2c2c039921e6aee427e5", "name": "Panatieri's Pizza & Pasta", "confidence": 0.93346005154639178, "socials": null }, "geometry": { "type": "Point", "coordinates": [ -74.8568354, 40.496794 ] } },
{ "type": "Feature", "properties": { "id": "08f2a123644a8d4a034743803d83804f", "name": "Joe's Pizzeria", "confidence": 0.99497955735766175, "socials": [ "https://www.facebook.com/135130577277" ] }, "geometry": { "type": "Point", "coordinates": [ -74.8558592, 40.4957292 ] } },
{ "type": "Feature", "properties": { "id": "08f2a12ad92f6b2903ffd2002eb67ee6", "name": "Gabby's Pizza & Pasta", "confidence": 0.97817198851157294, "socials": [ "https://www.facebook.com/150065458363352" ] }, "geometry": { "type": "Point", "coordinates": [ -74.8581698, 40.5026479 ] } },
{ "type": "Feature", "properties": { "id": "08f2a12364d1526a0326cce64246a922", "name": "Lenny's Pizza", "confidence": 0.97817198851157294, "socials": [ "https://www.facebook.com/148770438490466" ] }, "geometry": { "type": "Point", "coordinates": [ -74.8437668, 40.5044096 ] } },
{ "type": "Feature", "properties": { "id": "08f2a12ad901c132037ab713e572c766", "name": "Jack's Pizza", "confidence": 0.99497955735766175, "socials": [ "https://www.facebook.com/144374972249324" ] }, "geometry": { "type": "Point", "coordinates": [ -74.8591965, 40.511381 ] } },
{ "type": "Feature", "properties": { "id": "08f2a12ad9ad4922034e627cd05f8064", "name": "Frank's Pizza Flemington", "confidence": 0.53885630498533721, "socials": [ "https://www.facebook.com/1910472589279129" ] }, "geometry": { "type": "Point", "coordinates": [ -74.85065, 40.50762 ] } },
{ "type": "Feature", "properties": { "id": "08f2a12ad9af2d58036d56fa89878a69", "name": "Sinatra's Pizza", "confidence": 0.93837369560937189, "socials": [ "https://www.facebook.com/240487415820296" ] }, "geometry": { "type": "Point", "coordinates": [ -74.8505774, 40.5076549 ] } },
{ "type": "Feature", "properties": { "id": "08f2a12ad9af34e503b3aacc43a5152f", "name": "Rustica Pizza", "confidence": 0.77, "socials": null }, "geometry": { "type": "Point", "coordinates": [ -74.850489, 40.507466 ] } },
{ "type": "Feature", "properties": { "id": "08f2a12ad9af2d5803909427d8159c58", "name": "Sinatra’s Pizza", "confidence": 0.77, "socials": null }, "geometry": { "type": "Point", "coordinates": [ -74.850576, 40.5079666 ] } },
{ "type": "Feature", "properties": { "id": "08f2a13db632dc51033eb4874d3ee787", "name": "La Strada Cafe", "confidence": 0.77, "socials": null }, "geometry": { "type": "Point", "coordinates": [ -74.7326324, 40.510451 ] } },
{ "type": "Feature", "properties": { "id": "08f2a12add6304a103d8893f951aa3cc", "name": "Delizia Pizza", "confidence": 0.99497955735766175, "socials": [ "https://www.facebook.com/119834998072671" ] }, "geometry": { "type": "Point", "coordinates": [ -74.8534662, 40.5263128 ] } },
{ "type": "Feature", "properties": { "id": "08f2a12adc225b33034b45a12443300c", "name": "Campania Pizza & Deli", "confidence": 0.84265420560747661, "socials": null }, "geometry": { "type": "Point", "coordinates": [ -74.8556351, 40.541753 ] } },
{ "type": "Feature", "properties": { "id": "08f2a12adc30924003b5a19bc1c627f9", "name": "Max's 31 Pizza", "confidence": 0.87645687645687642, "socials": [ "https://www.facebook.com/565150810546981" ] }, "geometry": { "type": "Point", "coordinates": [ -74.855195, 40.541752 ] } },
{ "type": "Feature", "properties": { "id": "08f2a12ac8c5540c039d8a05e3952169", "name": "Luna Pizza", "confidence": 0.97817198851157294, "socials": [ "https://www.facebook.com/463308585312" ] }, "geometry": { "type": "Point", "coordinates": [ -74.8002084, 40.5193519 ] } },
{ "type": "Feature", "properties": { "id": "08f2a12ad422564d038c423879d222bc", "name": "Natale's Italian Restaurant", "confidence": 0.99497955735766175, "socials": [ "https://www.facebook.com/745383132149858" ] }, "geometry": { "type": "Point", "coordinates": [ -74.8744342, 40.5961734 ] } },
{ "type": "Feature", "properties": { "id": "08f2a12aed13675d03cbcd0fc550313b", "name": "Dominick's NJ Boardwalk Pizza", "confidence": 0.99497955735766175, "socials": [ "https://www.facebook.com/572592379919726" ] }, "geometry": { "type": "Point", "coordinates": [ -74.7103013, 40.557786 ] } },
{ "type": "Feature", "properties": { "id": "08f2a13da642429e032e34d2e4922980", "name": "Lenny's Pizza and Pasta", "confidence": 0.97817198851157294, "socials": [ "https://www.facebook.com/161139074013170" ] }, "geometry": { "type": "Point", "coordinates": [ -74.6731791, 40.5031988 ] } },
{ "type": "Feature", "properties": { "id": "08f2a13db5930cde03f9a96147b648bf", "name": "Bella Pizza", "confidence": 0.99497955735766175, "socials": [ "https://www.facebook.com/1490749577884414" ] }, "geometry": { "type": "Point", "coordinates": [ -74.6839475, 40.5082784 ] } },
{ "type": "Feature", "properties": { "id": "08f2a13da0713a5e035a6916e71b7930", "name": "Joe's Family Pizzeria & Restaurant", "confidence": 0.97817198851157294, "socials": [ "https://www.facebook.com/454383041301935" ] }, "geometry": { "type": "Point", "coordinates": [ -74.6558183, 40.4789052 ] } },
{ "type": "Feature", "properties": { "id": "08f2a13da6a6c26a032b58a36f36886a", "name": "Papa Johns Pizza", "confidence": 0.99497955735766175, "socials": [ "https://www.facebook.com/101726092742356" ] }, "geometry": { "type": "Point", "coordinates": [ -74.6487766, 40.4951689 ] } },
{ "type": "Feature", "properties": { "id": "08f2a13da6a3294103fabc12dc17cf83", "name": "Angelo's II Pizzeria & Restaurant", "confidence": 0.77, "socials": null }, "geometry": { "type": "Point", "coordinates": [ -74.6537767, 40.4987487 ] } },
{ "type": "Feature", "properties": { "id": "08f2a13da6b748ec03a154601ddc4bf4", "name": "Victor's Pizzeria", "confidence": 0.97817198851157294, "socials": [ "https://www.facebook.com/147264581994898" ] }, "geometry": { "type": "Point", "coordinates": [ -74.6488313, 40.4992771 ] } },
{ "type": "Feature", "properties": { "id": "08f2a13da44d087403196dac176d7eec", "name": "Angelo's Pizzeria", "confidence": 0.77, "socials": null }, "geometry": { "type": "Point", "coordinates": [ -74.64914, 40.501029 ] } },
{ "type": "Feature", "properties": { "id": "08f2a13da445aa2a03acf00db6429b2f", "name": "Roman Gourmet", "confidence": 0.99497955735766175, "socials": [ "https://www.facebook.com/105611549026384" ] }, "geometry": { "type": "Point", "coordinates": [ -74.6442036, 40.499714 ] } },
{ "type": "Feature", "properties": { "id": "08f2a13da448badb03d5f9415fcf38ca", "name": "Angelo's Pizzeria", "confidence": 0.77, "socials": null }, "geometry": { "type": "Point", "coordinates": [ -74.64887, 40.50132 ] } },
{ "type": "Feature", "properties": { "id": "08f2a13da448b016037ccf33f9ba2698", "name": "Angelo's II Pizzeria & Restaurant", "confidence": 0.97817198851157294, "socials": [ "https://www.facebook.com/700742563287363" ] }, "geometry": { "type": "Point", "coordinates": [ -74.6489328, 40.5015153 ] } },
{ "type": "Feature", "properties": { "id": "08f2a13da44054b003e9f1e026fab6c3", "name": "Pizza Hut", "confidence": 0.97817198851157294, "socials": [ "https://www.facebook.com/315034095270025" ] }, "geometry": { "type": "Point", "coordinates": [ -74.6445514, 40.5031792 ] } },
{ "type": "Feature", "properties": { "id": "08f2a13da443516e0312a52cdf839551", "name": "Domino's Pizza", "confidence": 0.99497955735766175, "socials": [ "https://www.facebook.com/177243755778520" ] }, "geometry": { "type": "Point", "coordinates": [ -74.6440361, 40.5041223 ] } },
{ "type": "Feature", "properties": { "id": "08f2a12a596a2920030ecb4f28a2aca9", "name": "Sal's Gourmet Pizzeria & Restaurant", "confidence": 0.07547169811320753, "socials": [ "https://www.facebook.com/242419512478" ] }, "geometry": { "type": "Point", "coordinates": [ -74.66162, 40.51402 ] } },
{ "type": "Feature", "properties": { "id": "08f2a13d1c4c40b003d008c5872fcca5", "name": "Dusal's Italian Restaurant and Pizzeria", "confidence": 0.77, "socials": null }, "geometry": { "type": "Point", "coordinates": [ -74.55354341, 40.43001158 ] } },
{ "type": "Feature", "properties": { "id": "08f2a13d1ccd82a803f86380fdeeb4c5", "name": "Domino's Pizza", "confidence": 0.99497955735766175, "socials": [ "https://www.facebook.com/490503521018804" ] }, "geometry": { "type": "Point", "coordinates": [ -74.5465686, 40.4340152 ] } },
{ "type": "Feature", "properties": { "id": "08f2a13d1ccdd1aa0356e6cfe4630e56", "name": "Sansone Brother Pizza", "confidence": 0.89393695014662755, "socials": null }, "geometry": { "type": "Point", "coordinates": [ -74.5461922, 40.4344272 ] } },
{ "type": "Feature", "properties": { "id": "08f2a13d1cc0dab003a0d849fadc9cc3", "name": "Papa John's Pizza", "confidence": 0.99497955735766175, "socials": [ "https://www.facebook.com/151638068231090" ] }, "geometry": { "type": "Point", "coordinates": [ -74.5423534, 40.4366608 ] } },
{ "type": "Feature", "properties": { "id": "08f2a13d026689a50373feae696788b6", "name": "Pizza Twist", "confidence": 0.99497955735766175, "socials": [ "https://www.facebook.com/112056761818925" ] }, "geometry": { "type": "Point", "coordinates": [ -74.5313342, 40.4406641 ] } },
{ "type": "Feature", "properties": { "id": "08f2a12a5b190d6b0319608875a7a7f0", "name": "Ama Pizza", "confidence": 0.97817198851157294, "socials": [ "https://www.facebook.com/1965828596976900" ] }, "geometry": { "type": "Point", "coordinates": [ -74.6835279, 40.5207922 ] } },
{ "type": "Feature", "properties": { "id": "08f2a12a4a4dda010336856ab521489c", "name": "Mariana's Pizzeria and Latin Grill", "confidence": 0.99497955735766175, "socials": [ "https://www.facebook.com/145780878770943" ] }, "geometry": { "type": "Point", "coordinates": [ -74.6330668, 40.5187736 ] } },
{ "type": "Feature", "properties": { "id": "08f2a12a4a50b4f0035785e3e45ffe3d", "name": "Pizza Brothers", "confidence": 0.93346005154639178, "socials": null }, "geometry": { "type": "Point", "coordinates": [ -74.6293211, 40.5235396 ] } },
{ "type": "Feature", "properties": { "id": "08f2a12a5c13695803d8b136b02c5307", "name": "Enrico's Pizza & Pasta", "confidence": 0.99497955735766175, "socials": [ "https://www.facebook.com/114152205279244" ] }, "geometry": { "type": "Point", "coordinates": [ -74.6505869, 40.5600372 ] } },
{ "type": "Feature", "properties": { "id": "08f2a12a532d1b0e03ce7db0c7976242", "name": "Trattoria Uno", "confidence": 0.77, "socials": null }, "geometry": { "type": "Point", "coordinates": [ -74.698, 40.562 ] } },
{ "type": "Feature", "properties": { "id": "08f2a12a532e5a59038d394561a0e99a", "name": "Trattoria Uno", "confidence": 0.99497955735766175, "socials": [ "https://www.facebook.com/175810395804735" ] }, "geometry": { "type": "Point", "coordinates": [ -74.6950982, 40.5627433 ] } },
{ "type": "Feature", "properties": { "id": "08f2a12a53355884039f0dd91cfd805a", "name": "Panatieri's Pizza & Pasta", "confidence": 0.99497955735766175, "socials": [ "https://www.facebook.com/1627256320906736" ] }, "geometry": { "type": "Point", "coordinates": [ -74.6912816, 40.5653479 ] } },
{ "type": "Feature", "properties": { "id": "08f2a12a5337320a03c71b45ec9960f0", "name": "Panatieri's Pizza & Pasta- Branchburg", "confidence": 0.77, "socials": null }, "geometry": { "type": "Point", "coordinates": [ -74.69140371, 40.56544234 ] } },
{ "type": "Feature", "properties": { "id": "08f2a12a5336498b03b37e54ddcf0d6e", "name": "Vinnie's Pizza and Pasta", "confidence": 0.99497955735766175, "socials": [ "https://www.facebook.com/343977332316753" ] }, "geometry": { "type": "Point", "coordinates": [ -74.6895166, 40.5661622 ] } },
{ "type": "Feature", "properties": { "id": "08f2a12a422a892e03fe8a056b2b59df", "name": "DeLucia's Brick Oven Pizza", "confidence": 0.99497955735766175, "socials": [ "https://www.facebook.com/202308093135273" ] }, "geometry": { "type": "Point", "coordinates": [ -74.637834, 40.5664256 ] } },
{ "type": "Feature", "properties": { "id": "08f2a12a4221c86403585db4be8f1806", "name": "Four Sisters Gourmet Pizza", "confidence": 0.77, "socials": null }, "geometry": { "type": "Point", "coordinates": [ -74.636192, 40.5664695 ] } },
{ "type": "Feature", "properties": { "id": "08f2a12a4230d6c403cf761d330a70cc", "name": "Pizza Brothers of Raritan", "confidence": 0.99497955735766175, "socials": [ "https://www.facebook.com/1574242186132873" ] }, "geometry": { "type": "Point", "coordinates": [ -74.632725, 40.5681601 ] } },
{ "type": "Feature", "properties": { "id": "08f2a12a43d8611d038700f87bdcc4c8", "name": "Franks Gourmet Pizzeria", "confidence": 0.77, "socials": null }, "geometry": { "type": "Point", "coordinates": [ -74.6272007, 40.567402 ] } },
{ "type": "Feature", "properties": { "id": "08f2a12a42a5889103aa4206ecdf0a31", "name": "Domino's Pizza", "confidence": 0.99497955735766175, "socials": [ "https://www.facebook.com/411150069001188" ] }, "geometry": { "type": "Point", "coordinates": [ -74.6257889, 40.569014 ] } },
{ "type": "Feature", "properties": { "id": "08f2a12a4200e88b0315c636eb932e48", "name": "Papa Johns Pizza", "confidence": 0.99497955735766175, "socials": [ "https://www.facebook.com/111964761346949" ] }, "geometry": { "type": "Point", "coordinates": [ -74.6378483, 40.5738832 ] } },
{ "type": "Feature", "properties": { "id": "08f2a12a428e8b4b0317de1fa83ea5a9", "name": "Dominick's Pizza Shoppe", "confidence": 0.99497955735766175, "socials": [ "https://www.facebook.com/1038026322934503" ] }, "geometry": { "type": "Point", "coordinates": [ -74.6296606, 40.5769926 ] } },
{ "type": "Feature", "properties": { "id": "08f2a12a553b126b03f39dbda63b40cf", "name": "Toscanas Pizzeria & Restaurant", "confidence": 0.77, "socials": null }, "geometry": { "type": "Point", "coordinates": [ -74.6535, 40.587767 ] } },
{ "type": "Feature", "properties": { "id": "08f2a12a553b1610039da9c572336c19", "name": "Toscanas Pizzeria & Restaurant", "confidence": 0.99497955735766175, "socials": [ "https://www.facebook.com/114022936673451" ] }, "geometry": { "type": "Point", "coordinates": [ -74.6537636, 40.5879009 ] } },
{ "type": "Feature", "properties": { "id": "08f2a12a4622dcac0342f9e4d53b1d82", "name": "California Pizza Kitchen at Bridgewater Commons", "confidence": 0.99497955735766175, "socials": [ "https://www.facebook.com/433289783390447" ] }, "geometry": { "type": "Point", "coordinates": [ -74.6195086, 40.5854672 ] } },
{ "type": "Feature", "properties": { "id": "08f2a12a4622dcac03aa57541b147d42", "name": "California Pizza Kitchen at Bridgewater Commons", "confidence": 0.77, "socials": null }, "geometry": { "type": "Point", "coordinates": [ -74.6194385, 40.5855056 ] } },
{ "type": "Feature", "properties": { "id": "08f2a12a4635e9ae031bcff4570b8bff", "name": "Sbarro", "confidence": 0.99497955735766175, "socials": [ "https://www.facebook.com/117510344933618" ] }, "geometry": { "type": "Point", "coordinates": [ -74.6201945, 40.586423 ] } },
{ "type": "Feature", "properties": { "id": "08f2a12a48c2851c03a349e4597f9d48", "name": "Pizza & Pasta", "confidence": 0.99497955735766175, "socials": [ "https://www.facebook.com/111713292199199" ] }, "geometry": { "type": "Point", "coordinates": [ -74.5915623, 40.528314 ] } },
{ "type": "Feature", "properties": { "id": "08f2a12a4eb6485b03af4da9e48ba105", "name": "Adam's Pizza", "confidence": 0.97817198851157294, "socials": [ "https://www.facebook.com/171370773360282" ] }, "geometry": { "type": "Point", "coordinates": [ -74.5893892, 40.5376328 ] } },
{ "type": "Feature", "properties": { "id": "08f2a12a4c51a362032ff676caa87b8b", "name": "Manville Pizza & Restaurant", "confidence": 0.99497955735766175, "socials": [ "https://www.facebook.com/130798247018128" ] }, "geometry": { "type": "Point", "coordinates": [ -74.58697, 40.5436608 ] } },
{ "type": "Feature", "properties": { "id": "08f2a12a4134bb43039fba4e88c6e737", "name": "Frank's Pizza and Italian Restaurant", "confidence": 0.99497955735766175, "socials": [ "https://www.facebook.com/106733844849244" ] }, "geometry": { "type": "Point", "coordinates": [ -74.5851382, 40.5483143 ] } },
{ "type": "Feature", "properties": { "id": "08f2a12a6821b68403467ddb3d5d1ebe", "name": "Luigis Restaurant & Pizza", "confidence": 0.77, "socials": null }, "geometry": { "type": "Point", "coordinates": [ -74.531849, 40.55034 ] } },
{ "type": "Feature", "properties": { "id": "08f2a12a6856d34203b8e66170dbda17", "name": "Stan's Chitch's Cafe", "confidence": 0.97817198851157294, "socials": [ "https://www.facebook.com/111849518850204" ] }, "geometry": { "type": "Point", "coordinates": [ -74.536908, 40.5614489 ] } },
{ "type": "Feature", "properties": { "id": "08f2a12a4062a18b038e088fe0d23baa", "name": "Central Pizzeria", "confidence": 0.97817198851157294, "socials": [ "https://www.facebook.com/538810512819229" ] }, "geometry": { "type": "Point", "coordinates": [ -74.6155481, 40.5695111 ] } },
{ "type": "Feature", "properties": { "id": "08f2a12a4060c935035102ea76e902b4", "name": "Pizzeria Restaurant and Bar", "confidence": 0.77, "socials": null }, "geometry": { "type": "Point", "coordinates": [ -74.6155348, 40.5694428 ] } },
{ "type": "Feature", "properties": { "id": "08f2a12a406746420353ce58de89d2e0", "name": "Calabria Mia", "confidence": 0.99497955735766175, "socials": [ "https://www.facebook.com/113961272277395" ] }, "geometry": { "type": "Point", "coordinates": [ -74.6143234, 40.5688356 ] } },
{ "type": "Feature", "properties": { "id": "08f2a12a403240eb038c4a57257428fa", "name": "Prima Pizza Kitchen", "confidence": 0.99497955735766175, "socials": [ "https://www.facebook.com/1171310403032500" ] }, "geometry": { "type": "Point", "coordinates": [ -74.6021659, 40.5715248 ] } },
{ "type": "Feature", "properties": { "id": "08f2a12a4562e59a03a827ba66a38e2d", "name": "Soprano's Pizzeria", "confidence": 0.97817198851157294, "socials": [ "https://www.facebook.com/107269717342330" ] }, "geometry": { "type": "Point", "coordinates": [ -74.5856324, 40.5713079 ] } },
{ "type": "Feature", "properties": { "id": "08f2a12a46a589100309f326b48cdf8d", "name": "Frattellos Ristorante & Pizzeria", "confidence": 0.77, "socials": null }, "geometry": { "type": "Point", "coordinates": [ -74.6124576, 40.5884291 ] } },
{ "type": "Feature", "properties": { "id": "08f2a12a6a57619303554ad937d6930e", "name": "Russo's Pizza Shop", "confidence": 0.99497955735766175, "socials": [ "https://www.facebook.com/1261129430577607" ] }, "geometry": { "type": "Point", "coordinates": [ -74.5697884, 40.562448 ] } },
{ "type": "Feature", "properties": { "id": "08f2a12a6ad1b41b0382090628e202bb", "name": "Carlo's Pizza & Pasta", "confidence": 0.9961633011413521, "socials": [ "https://www.facebook.com/158828960805409" ] }, "geometry": { "type": "Point", "coordinates": [ -74.5647243, 40.5679686 ] } },
{ "type": "Feature", "properties": { "id": "08f2a12a6e4ed4c603d7da2b6586bcf8", "name": "Blaze Pizza", "confidence": 0.99497955735766175, "socials": [ "https://www.facebook.com/2028609434060635" ] }, "geometry": { "type": "Point", "coordinates": [ -74.5593937, 40.5767155 ] } },
{ "type": "Feature", "properties": { "id": "08f2a12a6a8766e90327f196c92514a1", "name": "Pizza Hut Express", "confidence": 0.99497955735766175, "socials": [ "https://www.facebook.com/1675739962456138" ] }, "geometry": { "type": "Point", "coordinates": [ -74.5529428, 40.5625609 ] } },
{ "type": "Feature", "properties": { "id": "08f2a12a6e66b9440352dcb208f807ae", "name": "Frank's Pizza and Trattoria", "confidence": 0.99497955735766175, "socials": [ "https://www.facebook.com/143284535750681" ] }, "geometry": { "type": "Point", "coordinates": [ -74.5525912, 40.5687753 ] } },
{ "type": "Feature", "properties": { "id": "08f2a12a6e25464303787d237d23ed53", "name": "Ray's Bistro", "confidence": 0.77, "socials": null }, "geometry": { "type": "Point", "coordinates": [ -74.54539, 40.56751 ] } },
{ "type": "Feature", "properties": { "id": "08f2a12a6e246b6c032367b67c85e606", "name": "Panatieri's Pizza & Pasta", "confidence": 0.99497955735766175, "socials": [ "https://www.facebook.com/529609577536499" ] }, "geometry": { "type": "Point", "coordinates": [ -74.5437078, 40.5674662 ] } },
{ "type": "Feature", "properties": { "id": "08f2a12a63c29d8803213ae723d96095", "name": "Panatieri's Pizza and Pasta", "confidence": 0.99497955735766175, "socials": [ "https://www.facebook.com/188675778526612" ] }, "geometry": { "type": "Point", "coordinates": [ -74.5650221, 40.602824 ] } },
{ "type": "Feature", "properties": { "id": "08f2a12a638f6785034a8a3f538b6620", "name": "Pizza Brothers", "confidence": 0.99497955735766175, "socials": [ "https://www.facebook.com/103462875610157" ] }, "geometry": { "type": "Point", "coordinates": [ -74.5590111, 40.5997729 ] } },
{ "type": "Feature", "properties": { "id": "08f2a12a63c6594a037e925b65563072", "name": "Joe's Pizza", "confidence": 0.99497955735766175, "socials": [ "https://www.facebook.com/1582949868453928" ] }, "geometry": { "type": "Point", "coordinates": [ -74.5625145, 40.6015888 ] } },
{ "type": "Feature", "properties": { "id": "08f2a12a63882563030f31092697c0bd", "name": "Lombardi Pizza Co.", "confidence": 0.97817198851157294, "socials": [ "https://www.facebook.com/164731256918891" ] }, "geometry": { "type": "Point", "coordinates": [ -74.5610586, 40.6009469 ] } },
{ "type": "Feature", "properties": { "id": "08f2a12af68c6b03033acf17cbe6c7d9", "name": "Galasso's Cucina Italiana Pizza & Restaurant", "confidence": 0.77, "socials": null }, "geometry": { "type": "Point", "coordinates": [ -74.8447734, 40.6445589 ] } },
{ "type": "Feature", "properties": { "id": "08f2a12af440955103e75d3e49d1ba5d", "name": "Bella's Pizzeria", "confidence": 0.97817198851157294, "socials": [ "https://www.facebook.com/1583840534965781" ] }, "geometry": { "type": "Point", "coordinates": [ -74.8310444, 40.6431113 ] } },
{ "type": "Feature", "properties": { "id": "08f2a12af4409894038ffa70471885b1", "name": "Bella's Pizzeria", "confidence": 0.77, "socials": null }, "geometry": { "type": "Point", "coordinates": [ -74.8311569, 40.643278 ] } },
{ "type": "Feature", "properties": { "id": "08f2a12ae610808a036c1d962f6ed5e9", "name": "Giovanni's Pizza & Pasta", "confidence": 0.77, "socials": null }, "geometry": { "type": "Point", "coordinates": [ -74.773, 40.627 ] } },
{ "type": "Feature", "properties": { "id": "08f2a12ae63591290382f6a7cd3fd32e", "name": "Annabella Italian Restaurant", "confidence": 0.99497955735766175, "socials": [ "https://www.facebook.com/2159824790718608" ] }, "geometry": { "type": "Point", "coordinates": [ -74.7692672, 40.6165963 ] } },
{ "type": "Feature", "properties": { "id": "08f2a12ae63444a203587fe79f9e0b29", "name": "Annabella Italian Restaurant", "confidence": 0.77, "socials": null }, "geometry": { "type": "Point", "coordinates": [ -74.768440246582031, 40.618183135986328 ] } },
{ "type": "Feature", "properties": { "id": "08f2a12ae614335d03d22a3109e8059a", "name": "Giovanni's Pizza & Pasta", "confidence": 0.99497955735766175, "socials": [ "https://www.facebook.com/284575024900095" ] }, "geometry": { "type": "Point", "coordinates": [ -74.7711171, 40.6250441 ] } },
{ "type": "Feature", "properties": { "id": "08f2a12ae46d0c95034c918819717849", "name": "Sorella's Pizza and Pasta", "confidence": 0.9961633011413521, "socials": [ "https://www.facebook.com/564149257009887" ] }, "geometry": { "type": "Point", "coordinates": [ -74.7573269, 40.6186643 ] } },
{ "type": "Feature", "properties": { "id": "08f2a12ae5c693200314d56db14633a4", "name": "Mangia Bella Pizza", "confidence": 0.99497955735766175, "socials": [ "https://www.facebook.com/1407618179507638" ] }, "geometry": { "type": "Point", "coordinates": [ -74.7278171, 40.6128223 ] } },
{ "type": "Feature", "properties": { "id": "08f2a12aa564c04d032cd30d685cbc57", "name": "Nicola's Pizza", "confidence": 0.99497955735766175, "socials": [ "https://www.facebook.com/101553826579261" ] }, "geometry": { "type": "Point", "coordinates": [ -74.8464565, 40.7252024 ] } },
{ "type": "Feature", "properties": { "id": "08f2a12aa564cc41034e475d9f8adfbc", "name": "Philip Maltese", "confidence": 0.47268106734434556, "socials": [ "https://www.facebook.com/103941266305888" ] }, "geometry": { "type": "Point", "coordinates": [ -74.84662, 40.72543 ] } },
{ "type": "Feature", "properties": { "id": "08f2a12aa5292d0503ea654387ce5c85", "name": "Frank's Pizza and Italian Restaurant", "confidence": 0.97817198851157294, "socials": [ "https://www.facebook.com/109740820581798" ] }, "geometry": { "type": "Point", "coordinates": [ -74.845341, 40.72662 ] } },
{ "type": "Feature", "properties": { "id": "08f2a12a56a9b971039f0ef29b4a3b60", "name": "Il Forno Brick Oven Pizza", "confidence": 0.77, "socials": null }, "geometry": { "type": "Point", "coordinates": [ -74.6942903, 40.6060103 ] } },
{ "type": "Feature", "properties": { "id": "08f2a12a56a8b9a80323c43b041f1b74", "name": "II Forno Brick Oven Pizza", "confidence": 0.77, "socials": null }, "geometry": { "type": "Point", "coordinates": [ -74.6943692, 40.6065914 ] } },
{ "type": "Feature", "properties": { "id": "08f2a12a7603124e038ce44ddcb3260f", "name": "La Pizzeria", "confidence": 0.96627906976744182, "socials": [ "https://www.facebook.com/60924581004" ] }, "geometry": { "type": "Point", "coordinates": [ -74.6416121, 40.6488793 ] } },
{ "type": "Feature", "properties": { "id": "08f2a12a7607468803373420f0237825", "name": "Panatieri's Pizza & Pasta", "confidence": 0.97817198851157294, "socials": [ "https://www.facebook.com/2151175751802475" ] }, "geometry": { "type": "Point", "coordinates": [ -74.6399323, 40.6471226 ] } },
{ "type": "Feature", "properties": { "id": "08f2a12a76074950031635ee07ac9b48", "name": "Panatieri's Pizza & Pasta- Bedminster", "confidence": 0.77, "socials": null }, "geometry": { "type": "Point", "coordinates": [ -74.63947732, 40.64743084 ] } },
{ "type": "Feature", "properties": { "id": "08f2a12a761155530312b6b3a626816e", "name": "Rocco's", "confidence": 0.97817198851157294, "socials": [ "https://www.facebook.com/177022595717851" ] }, "geometry": { "type": "Point", "coordinates": [ -74.6410563, 40.6514637 ] } },
{ "type": "Feature", "properties": { "id": "08f2a12a7611542103de5813aa931973", "name": "Rocco's", "confidence": 0.77, "socials": null }, "geometry": { "type": "Point", "coordinates": [ -74.6410245, 40.6514816 ] } },
{ "type": "Feature", "properties": { "id": "08f2a12a2876cc3303a4c9d8817a16a4", "name": "Bedminster Pizza", "confidence": 0.99497955735766175, "socials": [ "https://www.facebook.com/240303266095233" ] }, "geometry": { "type": "Point", "coordinates": [ -74.6461186, 40.6801813 ] } },
{ "type": "Feature", "properties": { "id": "08f2a12a28a9ac3603b462f65adfde4a", "name": "Pizza Brothers Bedminster", "confidence": 0.99497955735766175, "socials": [ "https://www.facebook.com/293183080739615" ] }, "geometry": { "type": "Point", "coordinates": [ -74.6392594, 40.6824034 ] } },
{ "type": "Feature", "properties": { "id": "08f2a12b5879d41e03cfac1cc1a03901", "name": "Dominick's Pizza Liberty Corner", "confidence": 0.77, "socials": null }, "geometry": { "type": "Point", "coordinates": [ -74.5795324, 40.6655476 ] } },
{ "type": "Feature", "properties": { "id": "08f2a12b58632c15031c14c144f745a9", "name": "Domino's Pizza", "confidence": 0.99497955735766175, "socials": [ "https://www.facebook.com/100181595345633" ] }, "geometry": { "type": "Point", "coordinates": [ -74.5775976, 40.6649822 ] } },
{ "type": "Feature", "properties": { "id": "08f2a12b5c31597603713481fde2f857", "name": "Sienna's Pizzeria", "confidence": 0.53885630498533721, "socials": [ "https://www.facebook.com/441744989178476" ] }, "geometry": { "type": "Point", "coordinates": [ -74.5504888, 40.6835453 ] } },
{ "type": "Feature", "properties": { "id": "08f2a12a23a2b92e036c76f09f498892", "name": "Dominick's Pizza", "confidence": 0.99497955735766175, "socials": [ "https://www.facebook.com/1773333952893360" ] }, "geometry": { "type": "Point", "coordinates": [ -74.6633711, 40.7184611 ] } },
{ "type": "Feature", "properties": { "id": "08f2a12b1bc5951603a8c896a932af12", "name": "Giuseppe's Trattoria", "confidence": 0.97817198851157294, "socials": [ "https://www.facebook.com/297721030290902" ] }, "geometry": { "type": "Point", "coordinates": [ -74.6950494, 40.7804722 ] } },
{ "type": "Feature", "properties": { "id": "08f2a12b1bc5d60303af52e4f289c6ea", "name": "Giuseppe's Trattoria", "confidence": 0.77, "socials": null }, "geometry": { "type": "Point", "coordinates": [ -74.6947412, 40.7806269 ] } },
{ "type": "Feature", "properties": { "id": "08f2a12b4245d6740379a00681eef4f1", "name": "The Ridge Restaurant & Pizza", "confidence": 0.71069587628865982, "socials": [ "https://www.facebook.com/120470121297903" ] }, "geometry": { "type": "Point", "coordinates": [ -74.5493176, 40.7060015 ] } },
{ "type": "Feature", "properties": { "id": "08f2a12b51d3264c03dc2a50e0c76264", "name": "Anthony's Pizza & Catering", "confidence": 0.99497955735766175, "socials": [ "https://www.facebook.com/774477315909191" ] }, "geometry": { "type": "Point", "coordinates": [ -74.5716356, 40.7176624 ] } },
{ "type": "Feature", "properties": { "id": "08f2a12b5569ca6b03ba4c6aaa3be5b5", "name": "Buona Pizza", "confidence": 0.97817198851157294, "socials": [ "https://www.facebook.com/119778724700135" ] }, "geometry": { "type": "Point", "coordinates": [ -74.5693104, 40.7189416 ] } },
{ "type": "Feature", "properties": { "id": "08f2a12b5562006d0345859808d0375c", "name": "Lenny's Pizza Bernardsville", "confidence": 0.97817198851157294, "socials": [ "https://www.facebook.com/259183751262882" ] }, "geometry": { "type": "Point", "coordinates": [ -74.5630861, 40.7203164 ] } },
{ "type": "Feature", "properties": { "id": "08f2a12b5575dce303b894b0e0e0dc66", "name": "Nicoletta Pizzeria", "confidence": 0.99497955735766175, "socials": [ "https://www.facebook.com/465766513562144" ] }, "geometry": { "type": "Point", "coordinates": [ -74.5606371, 40.7192057 ] } },
{ "type": "Feature", "properties": { "id": "08f2a12b0805db08030d5127c5459bf7", "name": "Sapori d'Italia", "confidence": 0.97817198851157294, "socials": [ "https://www.facebook.com/1792377121072362" ] }, "geometry": { "type": "Point", "coordinates": [ -74.6018812, 40.7757284 ] } },
{ "type": "Feature", "properties": { "id": "08f2a12b0806b3a30397768265f095ec", "name": "Sorrento's Pizza", "confidence": 0.99497955735766175, "socials": [ "https://www.facebook.com/100808414760077" ] }, "geometry": { "type": "Point", "coordinates": [ -74.6003487, 40.7758985 ] } },
{ "type": "Feature", "properties": { "id": "08f2a1310d16e20603c0ac11ee9db01a", "name": "Domino's Pizza", "confidence": 0.99497955735766175, "socials": [ "https://www.facebook.com/506219742721575" ] }, "geometry": { "type": "Point", "coordinates": [ -74.32235, 40.0138529 ] } },
{ "type": "Feature", "properties": { "id": "08f2a1310dbb2adc03e17cd9b66a0bd8", "name": "La Gondola Restaurant & Pizzeria", "confidence": 0.99497955735766175, "socials": [ "https://www.facebook.com/235298239990012" ] }, "geometry": { "type": "Point", "coordinates": [ -74.3204155, 40.0147174 ] } },
{ "type": "Feature", "properties": { "id": "08f2a13174c7311003bdea2a27a919b8", "name": "Pop's Pizza", "confidence": 0.77, "socials": null }, "geometry": { "type": "Point", "coordinates": [ -74.2700192, 40.0214685 ] } },
{ "type": "Feature", "properties": { "id": "08f2a13174c7391a03e29bfaff00d630", "name": "Pizza RIA", "confidence": 0.77, "socials": null }, "geometry": { "type": "Point", "coordinates": [ -74.2698537, 40.0215569 ] } },
{ "type": "Feature", "properties": { "id": "08f2a13174d46050033c90e3eada52d0", "name": "Lubrano's Bistro", "confidence": 0.77, "socials": null }, "geometry": { "type": "Point", "coordinates": [ -74.2676866, 40.0236637 ] } },
{ "type": "Feature", "properties": { "id": "08f2a1312cb712e103ba1a37b4882f77", "name": "Rosalia's Pizzeria & Restaurant", "confidence": 0.77, "socials": null }, "geometry": { "type": "Point", "coordinates": [ -74.271503537893295, 40.068329572677612 ] } },
{ "type": "Feature", "properties": { "id": "08f2a1312cb7283103c28c71487e55b4", "name": "Knockout Pizza 2 & Gourmet Mexican Food", "confidence": 0.77, "socials": null }, "geometry": { "type": "Point", "coordinates": [ -74.2722995, 40.069007 ] } },
{ "type": "Feature", "properties": { "id": "08f2a138db2cdab00317843231081c5f", "name": "Emilio's Pizza", "confidence": 0.97817198851157294, "socials": [ "https://www.facebook.com/734059016644879" ] }, "geometry": { "type": "Point", "coordinates": [ -74.2381462, 40.0047905 ] } },
{ "type": "Feature", "properties": { "id": "08f2a13166986a0103a43c23e6ad219e", "name": "Luigi's Pizza Resturant", "confidence": 0.31588785046728973, "socials": [ "https://www.facebook.com/316301802373301" ] }, "geometry": { "type": "Point", "coordinates": [ -74.216292, 40.006642 ] } },
{ "type": "Feature", "properties": { "id": "08f2a13166912a6a03e425b4f905f24a", "name": "Domino's Pizza", "confidence": 0.97817198851157294, "socials": [ "https://www.facebook.com/103646752523519" ] }, "geometry": { "type": "Point", "coordinates": [ -74.2157532, 40.0067748 ] } },
{ "type": "Feature", "properties": { "id": "08f2a138da85a44c0357aa2588124a23", "name": "That's Amore Trattoria Italiana", "confidence": 0.93346005154639178, "socials": null }, "geometry": { "type": "Point", "coordinates": [ -74.2465902, 40.0363 ] } },
{ "type": "Feature", "properties": { "id": "08f2a138d84b25b3034769bc556852ff", "name": "Frankie G's Pizza", "confidence": 0.99497955735766175, "socials": [ "https://www.facebook.com/281370986096986" ] }, "geometry": { "type": "Point", "coordinates": [ -74.2418067, 40.0384153 ] } },
{ "type": "Feature", "properties": { "id": "08f2a138d85a0859038895d2f3d1b3a1", "name": "Lorenzo's Pizza and Restaurant", "confidence": 0.77, "socials": null }, "geometry": { "type": "Point", "coordinates": [ -74.2368758, 40.0408535 ] } },
{ "type": "Feature", "properties": { "id": "08f2a138d85a4b6b035f47f18289697f", "name": "Zi Marie's Original Pizzeria Trattoria", "confidence": 0.97817198851157294, "socials": [ "https://www.facebook.com/255590338514689" ] }, "geometry": { "type": "Point", "coordinates": [ -74.2368412, 40.0410448 ] } },
{ "type": "Feature", "properties": { "id": "08f2a138dc47566503fc45e70abb29bd", "name": "Pizza on Wheels", "confidence": 0.97817198851157294, "socials": [ "https://www.facebook.com/241401362730738" ] }, "geometry": { "type": "Point", "coordinates": [ -74.2201101, 40.0543134 ] } },
{ "type": "Feature", "properties": { "id": "08f2a138dc52b335031e537cd432a7d5", "name": "Upper Crust", "confidence": 0.98582594999015549, "socials": [ "https://www.facebook.com/951839758284722" ] }, "geometry": { "type": "Point", "coordinates": [ -74.219192, 40.0580535 ] } },
{ "type": "Feature", "properties": { "id": "08f2a138d1bac20c03a58a5053e6c252", "name": "Village Pizza South", "confidence": 0.97817198851157294, "socials": [ "https://www.facebook.com/539395839572998" ] }, "geometry": { "type": "Point", "coordinates": [ -74.2170957, 40.0718952 ] } },
{ "type": "Feature", "properties": { "id": "08f2a138c049020503769a577feb1107", "name": "Tre Pizza Pasta Beer Garden", "confidence": 0.77, "socials": null }, "geometry": { "type": "Point", "coordinates": [ -74.1846889, 40.075813 ] } },
{ "type": "Feature", "properties": { "id": "08f2a138c825531c03804185da347cf3", "name": "Cuzzins Pizzeria and Restaurant", "confidence": 0.99497955735766175, "socials": [ "https://www.facebook.com/106411495383791" ] }, "geometry": { "type": "Point", "coordinates": [ -74.1470621, 40.0083645 ] } },
{ "type": "Feature", "properties": { "id": "08f2a138c822e220036a87e0f39e0b6f", "name": "Veraces Pizza", "confidence": 0.99497955735766175, "socials": [ "https://www.facebook.com/100795401463489" ] }, "geometry": { "type": "Point", "coordinates": [ -74.1474332, 40.0109913 ] } },
{ "type": "Feature", "properties": { "id": "08f2a138c83538c30363749029d9e326", "name": "Cuzzins Pizza Toms River N.J.", "confidence": 0.77, "socials": null }, "geometry": { "type": "Point", "coordinates": [ -74.146304542325808, 40.011242244344366 ] } },
{ "type": "Feature", "properties": { "id": "08f2a138c833653303d29b3cf2d26602", "name": "Brooklyn Square Pizza", "confidence": 0.99497955735766175, "socials": [ "https://www.facebook.com/547636849086059" ] }, "geometry": { "type": "Point", "coordinates": [ -74.1476503, 40.0154352 ] } },
{ "type": "Feature", "properties": { "id": "08f2a138c8322470031da736c8ae8ef1", "name": "Pizza Hut", "confidence": 0.99497955735766175, "socials": [ "https://www.facebook.com/107296645614147" ] }, "geometry": { "type": "Point", "coordinates": [ -74.1464478, 40.0146091 ] } },
{ "type": "Feature", "properties": { "id": "08f2a138c8a8bd9b03f07a560eac38f3", "name": "Villaggio Pizza Toms River", "confidence": 0.99497955735766175, "socials": [ "https://www.facebook.com/105351458989791" ] }, "geometry": { "type": "Point", "coordinates": [ -74.1449901, 40.0151739 ] } },
{ "type": "Feature", "properties": { "id": "08f2a138c8a8bdb5033481ae1ff18d1d", "name": "Steverino's Pizzeria", "confidence": 0.77, "socials": null }, "geometry": { "type": "Point", "coordinates": [ -74.144869, 40.015219 ] } },
{ "type": "Feature", "properties": { "id": "08f2a138c8a8bda4038bccc613fda4cf", "name": "DiCosmo's Pizza", "confidence": 0.77, "socials": null }, "geometry": { "type": "Point", "coordinates": [ -74.1448468, 40.0152166 ] } },
{ "type": "Feature", "properties": { "id": "08f2a138c814d54903cbccb07ec38dbc", "name": "Little Mia's Silverton", "confidence": 0.99497955735766175, "socials": [ "https://www.facebook.com/107123071448366" ] }, "geometry": { "type": "Point", "coordinates": [ -74.1455129, 40.0176904 ] } },
{ "type": "Feature", "properties": { "id": "08f2a138c816289303eca0aa4f798321", "name": "Domino's Pizza", "confidence": 0.99497955735766175, "socials": [ "https://www.facebook.com/185292164964671" ] }, "geometry": { "type": "Point", "coordinates": [ -74.1450426, 40.0199959 ] } },
{ "type": "Feature", "properties": { "id": "08f2a138c890b59b0308fcbef5adaa5a", "name": "Azzurro Pizzeria & Italian Grill", "confidence": 0.98582594999015549, "socials": [ "https://www.facebook.com/280026772018284" ] }, "geometry": { "type": "Point", "coordinates": [ -74.1415453, 40.0254987 ] } },
{ "type": "Feature", "properties": { "id": "08f2a138c3a821a803aac71432599343", "name": "Charlie's Pizza & Restaurant", "confidence": 0.99497955735766175, "socials": [ "https://www.facebook.com/366431696763715" ] }, "geometry": { "type": "Point", "coordinates": [ -74.176453, 40.052299 ] } },
{ "type": "Feature", "properties": { "id": "08f2a138c103129c03aa744ae87edf5d", "name": "Tommy's Coal Fired Pizza", "confidence": 0.77, "socials": null }, "geometry": { "type": "Point", "coordinates": [ -74.1531319, 40.0558318 ] } },
{ "type": "Feature", "properties": { "id": "08f2a138ccc1cd1b0325c196a8b80ab0", "name": "Pasquale's Pizza", "confidence": 0.99497955735766175, "socials": [ "https://www.facebook.com/115608731795072" ] }, "geometry": { "type": "Point", "coordinates": [ -74.1407326, 40.0452464 ] } },
{ "type": "Feature", "properties": { "id": "08f2a138c1a0d36203209792c80d84db", "name": "LG's Pizza and Pasta", "confidence": 0.98296875, "socials": [ "https://www.facebook.com/106005961666721" ] }, "geometry": { "type": "Point", "coordinates": [ -74.1402802, 40.052316 ] } },
{ "type": "Feature", "properties": { "id": "08f2a138c1b7138a03c385ef93c6a3d6", "name": "Singas Famous Pizza", "confidence": 0.9795387149917627, "socials": [ "https://www.facebook.com/101936206178191" ] }, "geometry": { "type": "Point", "coordinates": [ -74.1377334, 40.054211 ] } },
{ "type": "Feature", "properties": { "id": "08f2a138c1031299039d3295ebdfae4d", "name": "Urban Coalhouse Pizza and Bar", "confidence": 0.97817198851157294, "socials": [ "https://www.facebook.com/165867733464988" ] }, "geometry": { "type": "Point", "coordinates": [ -74.1529539, 40.0561846 ] } },
{ "type": "Feature", "properties": { "id": "08f2a138c112baea03745c0dcb9d80b3", "name": "Saturn Pizza", "confidence": 0.77, "socials": null }, "geometry": { "type": "Point", "coordinates": [ -74.1494068, 40.0574079 ] } },
{ "type": "Feature", "properties": { "id": "08f2a138c112017503f09d8a9b8f49cb", "name": "Pizza Hut Express", "confidence": 0.99497955735766175, "socials": [ "https://www.facebook.com/737198436457903" ] }, "geometry": { "type": "Point", "coordinates": [ -74.1501162, 40.0589781 ] } },
{ "type": "Feature", "properties": { "id": "08f2a138c18c02b10330f7e445b244aa", "name": "Saturn Pizza", "confidence": 0.97817198851157294, "socials": [ "https://www.facebook.com/109113561534145" ] }, "geometry": { "type": "Point", "coordinates": [ -74.1466056, 40.05804 ] } },
{ "type": "Feature", "properties": { "id": "08f2a138c184b62403e1cec8d551d405", "name": "Tre Pizza Pasta Beer Garden", "confidence": 0.97817198851157294, "socials": [ "https://www.facebook.com/1662477770520048" ] }, "geometry": { "type": "Point", "coordinates": [ -74.1425816, 40.0570301 ] } },
{ "type": "Feature", "properties": { "id": "08f2a138ea4980ed034fabc7496bfb30", "name": "Chuck E. Cheese", "confidence": 0.99497955735766175, "socials": [ "https://www.facebook.com/189515647752083" ] }, "geometry": { "type": "Point", "coordinates": [ -74.1393527, 40.0578242 ] } },
{ "type": "Feature", "properties": { "id": "08f2a138ea4f4d2903663c1421b8c243", "name": "Amigos Pizzeria", "confidence": 0.97817198851157294, "socials": [ "https://www.facebook.com/117716004954466" ] }, "geometry": { "type": "Point", "coordinates": [ -74.1360836, 40.0577712 ] } },
{ "type": "Feature", "properties": { "id": "08f2a138c194372b03990286d5c78aac", "name": "Cordi’s Brick Oven Pizza", "confidence": 0.53885630498533721, "socials": [ "https://www.facebook.com/201625369710849" ] }, "geometry": { "type": "Point", "coordinates": [ -74.1408005, 40.0607011 ] } },
{ "type": "Feature", "properties": { "id": "08f2a138c1919c4903fbaa679bf40b7b", "name": "Round Pie Pizza Company", "confidence": 0.97817198851157294, "socials": [ "https://www.facebook.com/108787345583276" ] }, "geometry": { "type": "Point", "coordinates": [ -74.1434318, 40.0626978 ] } },
{ "type": "Feature", "properties": { "id": "08f2a138c1962402035f646ab258a6c4", "name": "DoughFellas Pizza", "confidence": 0.77, "socials": null }, "geometry": { "type": "Point", "coordinates": [ -74.140071775443516, 40.0619659116809 ] } },
{ "type": "Feature", "properties": { "id": "08f2a138c560178003f7aa319f1d9b38", "name": "Parkway Pizza", "confidence": 0.47268106734434556, "socials": [ "https://www.facebook.com/839107866163667" ] }, "geometry": { "type": "Point", "coordinates": [ -74.146961, 40.068399 ] } },
{ "type": "Feature", "properties": { "id": "08f2a138c579d6ac03ddf343595b01a3", "name": "Oscar's Pizza and Restaurant", "confidence": 0.99497955735766175, "socials": [ "https://www.facebook.com/111493905557740" ] }, "geometry": { "type": "Point", "coordinates": [ -74.1500336, 40.0704276 ] } },
{ "type": "Feature", "properties": { "id": "08f2a138cc80492403befaa5bd8bb184", "name": "Decaros drive-thru pizza", "confidence": 0.71069587628865982, "socials": [ "https://www.facebook.com/621434587867405" ] }, "geometry": { "type": "Point", "coordinates": [ -74.128711, 40.043737 ] } },
{ "type": "Feature", "properties": { "id": "08f2a138cc82260803973807b070a724", "name": "DeCaro's Pizzeria & Italian Eatery", "confidence": 0.77, "socials": null }, "geometry": { "type": "Point", "coordinates": [ -74.1286985, 40.0437576 ] } },
{ "type": "Feature", "properties": { "id": "08f2a138ea62554203d173eefff4312a", "name": "Denino's South Pizzeria", "confidence": 0.99497955735766175, "socials": [ "https://www.facebook.com/340498439336813" ] }, "geometry": { "type": "Point", "coordinates": [ -74.1299016, 40.0519011 ] } },
{ "type": "Feature", "properties": { "id": "08f2a138eb00241a038817648e6768f3", "name": "La Fontana Pizzeria", "confidence": 0.97817198851157294, "socials": [ "https://www.facebook.com/109960329040455" ] }, "geometry": { "type": "Point", "coordinates": [ -74.108618, 40.038509 ] } },
{ "type": "Feature", "properties": { "id": "08f2a138eb00615a039177e9e449bc23", "name": "Rondos", "confidence": 0.99497955735766175, "socials": [ "https://www.facebook.com/488784064510898" ] }, "geometry": { "type": "Point", "coordinates": [ -74.1082111, 40.0388692 ] } },
{ "type": "Feature", "properties": { "id": "08f2a138eb56c4eb03b91049b9569f39", "name": "Mike's Pizzeria", "confidence": 0.97817198851157294, "socials": [ "https://www.facebook.com/108139899227947" ] }, "geometry": { "type": "Point", "coordinates": [ -74.1128128, 40.0410202 ] } },
{ "type": "Feature", "properties": { "id": "08f2a138ebc0625e03e7698e08cfcafc", "name": "Victory Pizza", "confidence": 0.99497955735766175, "socials": [ "https://www.facebook.com/177496769787562" ] }, "geometry": { "type": "Point", "coordinates": [ -74.1104267, 40.0463465 ] } },
{ "type": "Feature", "properties": { "id": "08f2a138c5ad60750388fe8ea257ff3f", "name": "Via Roma III", "confidence": 0.77, "socials": null }, "geometry": { "type": "Point", "coordinates": [ -74.1319935, 40.0699778 ] } },
{ "type": "Feature", "properties": { "id": "08f2a138c5ad6321036ddc2c0da4ab72", "name": "Amparo's Pizzeria", "confidence": 0.77, "socials": null }, "geometry": { "type": "Point", "coordinates": [ -74.1319788, 40.0699829 ] } },
{ "type": "Feature", "properties": { "id": "08f2a138c5ad615903ee7db97048ecff", "name": "Via Roma III Trattoria", "confidence": 0.77, "socials": null }, "geometry": { "type": "Point", "coordinates": [ -74.1319788, 40.0699829 ] } },
{ "type": "Feature", "properties": { "id": "08f2a138c5ad68480352237f91717e0c", "name": "Via Roma 3 Pizza", "confidence": 0.91103789126853374, "socials": [ "https://www.facebook.com/109949689085949" ] }, "geometry": { "type": "Point", "coordinates": [ -74.1318296, 40.0700447 ] } },
{ "type": "Feature", "properties": { "id": "08f2a138c5146c0c03f44921d58e62a3", "name": "Teo's Brick Oven Pizza", "confidence": 0.92595108695652173, "socials": [ "https://www.facebook.com/109024415500802" ] }, "geometry": { "type": "Point", "coordinates": [ -74.1349971, 40.0749348 ] } },
{ "type": "Feature", "properties": { "id": "08f2a138c5146c0c03cf5975872b67b0", "name": "Cuzzins Pizza", "confidence": 0.98331870061457416, "socials": [ "https://www.facebook.com/127887683927002" ] }, "geometry": { "type": "Point", "coordinates": [ -74.1349926, 40.0749358 ] } },
{ "type": "Feature", "properties": { "id": "08f2a138ee471d92036b5500caafbdf7", "name": "PJ's Pizza & Angelina's Restaurant", "confidence": 0.77, "socials": null }, "geometry": { "type": "Point", "coordinates": [ -74.1179537, 40.0758724 ] } },
{ "type": "Feature", "properties": { "id": "08f2a138ee4741420365d13b531ed36f", "name": "Princess Maria's 2 Pizza and Restaurant", "confidence": 0.99497955735766175, "socials": [ "https://www.facebook.com/110941935434487" ] }, "geometry": { "type": "Point", "coordinates": [ -74.1180501, 40.0762256 ] } },
{ "type": "Feature", "properties": { "id": "08f2a138ee4718b303df35537fb49dfe", "name": "Gordough's Pizza", "confidence": 0.93346005154639178, "socials": null }, "geometry": { "type": "Point", "coordinates": [ -74.1177687, 40.0764102 ] } },
{ "type": "Feature", "properties": { "id": "08f2a138ee0004d603b1e685bd1b64bc", "name": "Serpico's Pizza", "confidence": 0.99497955735766175, "socials": [ "https://www.facebook.com/105519781099076" ] }, "geometry": { "type": "Point", "coordinates": [ -74.1096023, 40.0750182 ] } },
{ "type": "Feature", "properties": { "id": "08f2a138ee0004d6030c625cdf819038", "name": "Napoli Pizza", "confidence": 0.77, "socials": null }, "geometry": { "type": "Point", "coordinates": [ -74.109649, 40.075156 ] } },
{ "type": "Feature", "properties": { "id": "08f2a138ee16564c03d150519551b14b", "name": "Tony's Pizza & Subs", "confidence": 0.77, "socials": null }, "geometry": { "type": "Point", "coordinates": [ -74.103464, 40.0758872 ] } },
{ "type": "Feature", "properties": { "id": "08f2a138ee16566b037dd4e3c0d1a607", "name": "Tony's Pizza", "confidence": 0.97817198851157294, "socials": [ "https://www.facebook.com/123088571233651" ] }, "geometry": { "type": "Point", "coordinates": [ -74.1034585, 40.0758953 ] } },
{ "type": "Feature", "properties": { "id": "08f2a138eebb60ee03e155956d53c41b", "name": "Federico's Pizza", "confidence": 0.77, "socials": null }, "geometry": { "type": "Point", "coordinates": [ -74.1016205, 40.0768372 ] } },
{ "type": "Feature", "properties": { "id": "08f2a138ec55b49b0325e00c9bfb34c3", "name": "Papa John's Pizza", "confidence": 0.77, "socials": null }, "geometry": { "type": "Point", "coordinates": [ -74.0880676, 40.077281 ] } },
{ "type": "Feature", "properties": { "id": "08f2a138ec0e6bb603ba67232532dcd2", "name": "Oakwood's Point Pizza", "confidence": 0.97817198851157294, "socials": [ "https://www.facebook.com/109157583834261" ] }, "geometry": { "type": "Point", "coordinates": [ -74.0809665, 40.0745266 ] } },
{ "type": "Feature", "properties": { "id": "08f2a138eca89aec03a94175ffc5ab8a", "name": "Vesuvio Pizza", "confidence": 0.97817198851157294, "socials": [ "https://www.facebook.com/355145061813348" ] }, "geometry": { "type": "Point", "coordinates": [ -74.0724353, 40.0719772 ] } },
{ "type": "Feature", "properties": { "id": "08f2a138ec05083003ded9e4a65a99b1", "name": "Domino's Pizza", "confidence": 0.99497955735766175, "socials": [ "https://www.facebook.com/169922036515050" ] }, "geometry": { "type": "Point", "coordinates": [ -74.0789406, 40.0739478 ] } },
{ "type": "Feature", "properties": { "id": "08f2a138ec07344d03c4c6206dfd4c45", "name": "Joe Spano's Tomato Pies", "confidence": 0.77, "socials": null }, "geometry": { "type": "Point", "coordinates": [ -74.07842, 40.07413 ] } },
{ "type": "Feature", "properties": { "id": "08f2a138ec073b14032146cf88ad0cfd", "name": "Joe Diano's Tomato Pies & Catering", "confidence": 0.97817198851157294, "socials": [ "https://www.facebook.com/120264827990463" ] }, "geometry": { "type": "Point", "coordinates": [ -74.0780642, 40.0740829 ] } },
{ "type": "Feature", "properties": { "id": "08f2a1385374006d0328c3f9f177d314", "name": "Woodshed Pizza", "confidence": 0.97817198851157294, "socials": [ "https://www.facebook.com/148570387321830" ] }, "geometry": { "type": "Point", "coordinates": [ -74.0542505, 40.0714066 ] } },
{ "type": "Feature", "properties": { "id": "08f2a13853b8262803fa674940524185", "name": "DiMatteo's Pizza and Pasta", "confidence": 0.97817198851157294, "socials": [ "https://www.facebook.com/251739112067787" ] }, "geometry": { "type": "Point", "coordinates": [ -74.0426461, 40.076917 ] } },
{ "type": "Feature", "properties": { "id": "08f2a13853b91b290336f36c5d09aee3", "name": "DiMatteo's Pizza & Pasta", "confidence": 0.77, "socials": null }, "geometry": { "type": "Point", "coordinates": [ -74.0426807, 40.077046 ] } },
{ "type": "Feature", "properties": { "id": "08f2a131a5710ca4036af47f300095fe", "name": "Italian Villa", "confidence": 0.77, "socials": null }, "geometry": { "type": "Point", "coordinates": [ -74.5025482, 40.0979233 ] } },
{ "type": "Feature", "properties": { "id": "08f2a131120a4c8203c7ca89f6d9a0bc", "name": "Red Star II Pizza", "confidence": 0.99497955735766175, "socials": [ "https://www.facebook.com/315071968972943" ] }, "geometry": { "type": "Point", "coordinates": [ -74.4817956, 40.0838141 ] } },
{ "type": "Feature", "properties": { "id": "08f2a131314567aa03db2b9a99c5f238", "name": "Domino's Pizza", "confidence": 0.99497955735766175, "socials": [ "https://www.facebook.com/101909755765324" ] }, "geometry": { "type": "Point", "coordinates": [ -74.3869046, 40.1042625 ] } },
{ "type": "Feature", "properties": { "id": "08f2a131315a424003f4d152618ecc1a", "name": "Mamma Angela", "confidence": 0.97817198851157294, "socials": [ "https://www.facebook.com/111166371744246" ] }, "geometry": { "type": "Point", "coordinates": [ -74.3879722, 40.1097433 ] } },
{ "type": "Feature", "properties": { "id": "08f2a131315a405603c9b67182b3077d", "name": "Pizzarama", "confidence": 0.97817198851157294, "socials": [ "https://www.facebook.com/110563085389518" ] }, "geometry": { "type": "Point", "coordinates": [ -74.3878135, 40.109787 ] } },
{ "type": "Feature", "properties": { "id": "08f2a13c6b8c42320363be374a66cb4f", "name": "Sbarro", "confidence": 0.77, "socials": null }, "geometry": { "type": "Point", "coordinates": [ -74.4168192, 40.1601606 ] } },
{ "type": "Feature", "properties": { "id": "08f2a13c6b8e810103cfe02e57367e50", "name": "Sbarro", "confidence": 0.77, "socials": null }, "geometry": { "type": "Point", "coordinates": [ -74.41578, 40.160126 ] } },
{ "type": "Feature", "properties": { "id": "08f2a13c6b812710032a22b91f89cb3d", "name": "Urban Pizza", "confidence": 0.77, "socials": null }, "geometry": { "type": "Point", "coordinates": [ -74.4176626, 40.163349 ] } },
{ "type": "Feature", "properties": { "id": "08f2a13c6b8127100373e6eef72452b3", "name": "Pizza D'Amore", "confidence": 0.77, "socials": null }, "geometry": { "type": "Point", "coordinates": [ -74.4176626, 40.163349 ] } },
{ "type": "Feature", "properties": { "id": "08f2a13c6b984b59035401c3e1f3e9c9", "name": "IMPORTUNA ENTERPRISES L", "confidence": 0.77, "socials": null }, "geometry": { "type": "Point", "coordinates": [ -74.4165019, 40.1655116 ] } },
{ "type": "Feature", "properties": { "id": "08f2a1389a2ab8a1037424845c9d803e", "name": "Enzo's Pizza", "confidence": 0.97817198851157294, "socials": [ "https://www.facebook.com/216831825012818" ] }, "geometry": { "type": "Point", "coordinates": [ -74.3647099, 40.1509068 ] } },
{ "type": "Feature", "properties": { "id": "08f2a13c6b9843b103b0965f0dda85c4", "name": "Gianmarco's Pizza", "confidence": 0.71069587628865982, "socials": [ "https://www.facebook.com/1707699779329918" ] }, "geometry": { "type": "Point", "coordinates": [ -74.41706, 40.1662 ] } },
{ "type": "Feature", "properties": { "id": "08f2a13c602b256a03bcca6489bfc9b9", "name": "Vesuvio's Pizza", "confidence": 0.99497955735766175, "socials": [ "https://www.facebook.com/110901142332115" ] }, "geometry": { "type": "Point", "coordinates": [ -74.4297643, 40.2242591 ] } },
{ "type": "Feature", "properties": { "id": "08f2a13122c863990342ab6de5b5fa85", "name": "Mangia Brick Oven Pizza", "confidence": 0.9961633011413521, "socials": [ "https://www.facebook.com/1574225072820064" ] }, "geometry": { "type": "Point", "coordinates": [ -74.3540548, 40.1127878 ] } },
{ "type": "Feature", "properties": { "id": "08f2a13124b5e60403f83a1cc3937e31", "name": "Crespo's Express", "confidence": 0.98296875, "socials": [ "https://www.facebook.com/103855071394943" ] }, "geometry": { "type": "Point", "coordinates": [ -74.2904584, 40.1218964 ] } },
{ "type": "Feature", "properties": { "id": "08f2a1388a6a6d4403e6c229510ed541", "name": "Mona Lisa Pizza", "confidence": 0.99497955735766175, "socials": [ "https://www.facebook.com/105053807754736" ] }, "geometry": { "type": "Point", "coordinates": [ -74.301204, 40.1390548 ] } },
{ "type": "Feature", "properties": { "id": "08f2a1388b790d9d0359d1228e087d42", "name": "Emilio's Pizza & Restaurant", "confidence": 0.97817198851157294, "socials": [ "https://www.facebook.com/667669963333592" ] }, "geometry": { "type": "Point", "coordinates": [ -74.2860586, 40.1230499 ] } },
{ "type": "Feature", "properties": { "id": "08f2a1388b03492b030784f4461c14fb", "name": "Pizza Hut", "confidence": 0.99497955735766175, "socials": [ "https://www.facebook.com/102450559140684" ] }, "geometry": { "type": "Point", "coordinates": [ -74.2736325, 40.1270526 ] } },
{ "type": "Feature", "properties": { "id": "08f2a1388a2227850356393128426112", "name": "Pop-Pop's NY Pizza", "confidence": 0.99497955735766175, "socials": [ "https://www.facebook.com/327976568566107" ] }, "geometry": { "type": "Point", "coordinates": [ -74.2868307, 40.1363796 ] } },
{ "type": "Feature", "properties": { "id": "08f2a1389d84e6d4038f6eb4bca14461", "name": "Solo Bella", "confidence": 0.77, "socials": null }, "geometry": { "type": "Point", "coordinates": [ -74.2950917, 40.1632525 ] } },
{ "type": "Feature", "properties": { "id": "08f2a1389d843403037044ab90cadd1b", "name": "Giuseppe's Pizzeria and Pasta", "confidence": 0.99497955735766175, "socials": [ "https://www.facebook.com/708103816239983" ] }, "geometry": { "type": "Point", "coordinates": [ -74.2953099, 40.16386 ] } },
{ "type": "Feature", "properties": { "id": "08f2a138d2adb42c0380e44469aa8545", "name": "Rays real pizza Jackson", "confidence": 0.77, "socials": null }, "geometry": { "type": "Point", "coordinates": [ -74.2654238, 40.0826322 ] } },
{ "type": "Feature", "properties": { "id": "08f2a138d2ad18b6030b0c768f6165e1", "name": "C & R's Pizza Ristorante", "confidence": 0.99497955735766175, "socials": [ "https://www.facebook.com/154996758266720" ] }, "geometry": { "type": "Point", "coordinates": [ -74.2649125, 40.0840046 ] } },
{ "type": "Feature", "properties": { "id": "08f2a138d2ad1a5a03f9e53d7006aee6", "name": "C&R's Pizzaria - La Cocina Catering", "confidence": 0.77, "socials": null }, "geometry": { "type": "Point", "coordinates": [ -74.26481291, 40.08380727 ] } },
{ "type": "Feature", "properties": { "id": "08f2a138d04cb6130355072e86844a5a", "name": "Pizza Place", "confidence": 0.99497955735766175, "socials": [ "https://www.facebook.com/138370692931057" ] }, "geometry": { "type": "Point", "coordinates": [ -74.2556378, 40.0876516 ] } },
{ "type": "Feature", "properties": { "id": "08f2a1388ba6359c0344062ba60539b6", "name": "Inzillo's Pizza", "confidence": 0.99497955735766175, "socials": [ "https://www.facebook.com/117659348260267" ] }, "geometry": { "type": "Point", "coordinates": [ -74.2606816, 40.1210852 ] } },
{ "type": "Feature", "properties": { "id": "08f2a1388ba64861033a8ca92e311266", "name": "Pizza on the 9", "confidence": 0.77, "socials": null }, "geometry": { "type": "Point", "coordinates": [ -74.2595191, 40.1217835 ] } },
{ "type": "Feature", "properties": { "id": "08f2a138d5010b0903ba7d9c54ade1c2", "name": "Pizzaleh", "confidence": 0.77, "socials": null }, "geometry": { "type": "Point", "coordinates": [ -74.214676, 40.090792 ] } },
{ "type": "Feature", "properties": { "id": "08f2a138d51a459903c16b8c2c7e8fac", "name": "Pizza Plus", "confidence": 0.93837369560937189, "socials": [ "https://www.facebook.com/104930689550411" ] }, "geometry": { "type": "Point", "coordinates": [ -74.2144352, 40.0942107 ] } },
{ "type": "Feature", "properties": { "id": "08f2a138d5143ba50387bd90c35398d2", "name": "D & D Pizza & Restaurant", "confidence": 0.97817198851157294, "socials": [ "https://www.facebook.com/114180945112720" ] }, "geometry": { "type": "Point", "coordinates": [ -74.2093078, 40.0903421 ] } },
{ "type": "Feature", "properties": { "id": "08f2a138d4b8671103863d95f9d3ec7e", "name": "J2 Pizza North", "confidence": 0.99497955735766175, "socials": [ "https://www.facebook.com/176145752411615" ] }, "geometry": { "type": "Point", "coordinates": [ -74.221033, 40.1088737 ] } },
{ "type": "Feature", "properties": { "id": "08f2a138d4a226e50338b76678f5988e", "name": "Red Moon Pizzeria and Restaurant", "confidence": 0.97817198851157294, "socials": [ "https://www.facebook.com/615045611863717" ] }, "geometry": { "type": "Point", "coordinates": [ -74.2179485, 40.1067137 ] } },
{ "type": "Feature", "properties": { "id": "08f2a138f37765650356e16898d776fa", "name": "Dominic's Pizza", "confidence": 0.98296875, "socials": [ "https://www.facebook.com/273987609125958" ] }, "geometry": { "type": "Point", "coordinates": [ -74.2042451, 40.1053864 ] } },
{ "type": "Feature", "properties": { "id": "08f2a138f266c8ea03439e19f4fc8ce7", "name": "Galileo Pizza & Restaurant", "confidence": 0.77, "socials": null }, "geometry": { "type": "Point", "coordinates": [ -74.219056, 40.1192209 ] } },
{ "type": "Feature", "properties": { "id": "08f2a138f33b584c03f084b68629ad51", "name": "Presto Pizza", "confidence": 0.93837369560937189, "socials": [ "https://www.facebook.com/120296884652937" ] }, "geometry": { "type": "Point", "coordinates": [ -74.1987414, 40.1051356 ] } },
{ "type": "Feature", "properties": { "id": "08f2a1388940c59203763fa3aa6fac3e", "name": "Brooklyn Square Pizza", "confidence": 0.9961633011413521, "socials": [ "https://www.facebook.com/389400057835897" ] }, "geometry": { "type": "Point", "coordinates": [ -74.2551878, 40.1280397 ] } },
{ "type": "Feature", "properties": { "id": "08f2a138882ee06803d7b68857463ca2", "name": "Joseph's Pizza & Restaurant", "confidence": 0.77, "socials": null }, "geometry": { "type": "Point", "coordinates": [ -74.2586403, 40.1335642 ] } },
{ "type": "Feature", "properties": { "id": "08f2a138882ec1320374c4455f4ef282", "name": "Luisa's Pizza, Pasta and More", "confidence": 0.99497955735766175, "socials": [ "https://www.facebook.com/170558237057594" ] }, "geometry": { "type": "Point", "coordinates": [ -74.2581972, 40.1336402 ] } },
{ "type": "Feature", "properties": { "id": "08f2a138f253341003ec73efd83c684d", "name": "Luigi's Pizza", "confidence": 0.99497955735766175, "socials": [ "https://www.facebook.com/289134844277489" ] }, "geometry": { "type": "Point", "coordinates": [ -74.2245848, 40.132948 ] } },
{ "type": "Feature", "properties": { "id": "08f2a1388d31b81d034213c914b4a3a2", "name": "Capricci Pizzeria and Restaurant", "confidence": 0.97817198851157294, "socials": [ "https://www.facebook.com/155759491128031" ] }, "geometry": { "type": "Point", "coordinates": [ -74.2274014, 40.1388868 ] } },
{ "type": "Feature", "properties": { "id": "08f2a1388da9e232033a232192d48ac7", "name": "Emilio's by Alex", "confidence": 0.29137199434229144, "socials": [ "https://www.facebook.com/1067268120045005" ] }, "geometry": { "type": "Point", "coordinates": [ -74.2269246, 40.1426111 ] } },
{ "type": "Feature", "properties": { "id": "08f2a1388d1716dc03771df9035f881f", "name": "Domino's Pizza", "confidence": 0.99497955735766175, "socials": [ "https://www.facebook.com/164228560416416" ] }, "geometry": { "type": "Point", "coordinates": [ -74.2262436, 40.1458977 ] } },
{ "type": "Feature", "properties": { "id": "08f2a1388dd0e8450314c4e443685523", "name": "Lupos Pizza & Subs", "confidence": 0.35051546391752575, "socials": [ "https://www.facebook.com/113788545102512" ] }, "geometry": { "type": "Point", "coordinates": [ -74.2308164, 40.1548695 ] } },
{ "type": "Feature", "properties": { "id": "08f2a1388dd4e6990374df0700ca84a6", "name": "Nonno's Pizzeria and Restaurant", "confidence": 0.99497955735766175, "socials": [ "https://www.facebook.com/109064707400289" ] }, "geometry": { "type": "Point", "coordinates": [ -74.2290046, 40.1521568 ] } },
{ "type": "Feature", "properties": { "id": "08f2a138ab6d906803de5c4fa9da47ae", "name": "Red Moon Pizza", "confidence": 0.97817198851157294, "socials": [ "https://www.facebook.com/198164583543832" ] }, "geometry": { "type": "Point", "coordinates": [ -74.2277456, 40.1544291 ] } },
{ "type": "Feature", "properties": { "id": "08f2a138902b4c0e03cede99e39c1b3f", "name": "Di Luccas Pizzeria and Restaurant", "confidence": 0.92595108695652173, "socials": [ "https://www.facebook.com/321397018645003" ] }, "geometry": { "type": "Point", "coordinates": [ -74.3541052, 40.2086448 ] } },
{ "type": "Feature", "properties": { "id": "08f2a13d49b24ccd0365d6e97207245d", "name": "Domino's Pizza", "confidence": 0.99497955735766175, "socials": [ "https://www.facebook.com/281651632013969" ] }, "geometry": { "type": "Point", "coordinates": [ -74.3398784, 40.2534359 ] } },
{ "type": "Feature", "properties": { "id": "08f2a138b2489c2303bcce29cb33406b", "name": "Capri Wood Fired Pizza & Trattoria", "confidence": 0.77, "socials": null }, "geometry": { "type": "Point", "coordinates": [ -74.3386311, 40.253428 ] } },
{ "type": "Feature", "properties": { "id": "08f2a1388457112b03ab7b60ab873f1b", "name": "Romeo's Pizza Italian American", "confidence": 0.77, "socials": null }, "geometry": { "type": "Point", "coordinates": [ -74.2698819, 40.2208355 ] } },
{ "type": "Feature", "properties": { "id": "08f2a138b1313472032db1993e179dea", "name": "Trevi Pizza & Italian Restaurant", "confidence": 0.77, "socials": null }, "geometry": { "type": "Point", "coordinates": [ -74.2766186, 40.2303787 ] } },
{ "type": "Feature", "properties": { "id": "08f2a138b3d4980d03b84950b5a86377", "name": "Romeo's Raintree Pizzeria", "confidence": 0.98331870061457416, "socials": [ "https://www.facebook.com/108148429227457" ] }, "geometry": { "type": "Point", "coordinates": [ -74.3061837, 40.2411372 ] } },
{ "type": "Feature", "properties": { "id": "08f2a138b3d6ab4003c3a444b937f7c7", "name": "Baco's", "confidence": 0.97817198851157294, "socials": [ "https://www.facebook.com/175868672473381" ] }, "geometry": { "type": "Point", "coordinates": [ -74.3056146, 40.2422071 ] } },
{ "type": "Feature", "properties": { "id": "08f2a138b3993d99033e80804ee00fc6", "name": "Livoti's Old World Market", "confidence": 0.99497955735766175, "socials": [ "https://www.facebook.com/101391898700050" ] }, "geometry": { "type": "Point", "coordinates": [ -74.3045068, 40.2428316 ] } },
{ "type": "Feature", "properties": { "id": "08f2a138b046c01003b11b0575966100", "name": "Sbarro", "confidence": 0.77, "socials": null }, "geometry": { "type": "Point", "coordinates": [ -74.3013982, 40.2532639 ] } },
{ "type": "Feature", "properties": { "id": "08f2a138b11b55ae031d6b8982e98819", "name": "Krispy Pizza Freehold", "confidence": 0.99497955735766175, "socials": [ "https://www.facebook.com/282451961829802" ] }, "geometry": { "type": "Point", "coordinates": [ -74.2812965, 40.2392813 ] } },
{ "type": "Feature", "properties": { "id": "08f2a138b1144cae0313edab468b30c7", "name": "Papa Johns Pizza", "confidence": 0.98582594999015549, "socials": [ "https://www.facebook.com/510820318780375" ] }, "geometry": { "type": "Point", "coordinates": [ -74.2746767, 40.2362015 ] } },
{ "type": "Feature", "properties": { "id": "08f2a138b56e686503b28aeffb7164fc", "name": "Dino's Pizzeria", "confidence": 0.97817198851157294, "socials": [ "https://www.facebook.com/1419748281634394" ] }, "geometry": { "type": "Point", "coordinates": [ -74.2744456, 40.2473968 ] } },
{ "type": "Feature", "properties": { "id": "08f2a138b562197503258db0bf1ce2b2", "name": "Trevi Pizza & Italian Restaurant", "confidence": 0.97817198851157294, "socials": [ "https://www.facebook.com/197364850119599" ] }, "geometry": { "type": "Point", "coordinates": [ -74.2714598, 40.2491225 ] } },
{ "type": "Feature", "properties": { "id": "08f2a138b562197503f090803625a2a9", "name": "Trevi Italian Restaurant & Pizzeria", "confidence": 0.77, "socials": null }, "geometry": { "type": "Point", "coordinates": [ -74.271576, 40.2493964 ] } },
{ "type": "Feature", "properties": { "id": "08f2a138b56229ab036869c66bbb2b03", "name": "Domino's Pizza", "confidence": 0.99497955735766175, "socials": [ "https://www.facebook.com/213320812362749" ] }, "geometry": { "type": "Point", "coordinates": [ -74.2726751, 40.2498762 ] } },
{ "type": "Feature", "properties": { "id": "08f2a138b577088c034e20d394c6cea1", "name": "Tre Pizza Pasta Beer Garden", "confidence": 0.9961633011413521, "socials": [ "https://www.facebook.com/342649619250302" ] }, "geometry": { "type": "Point", "coordinates": [ -74.2694465, 40.2500939 ] } },
{ "type": "Feature", "properties": { "id": "08f2a1388186d6440308251e0c5408da", "name": "Seasons Coal Fired Bistro", "confidence": 0.99497955735766175, "socials": [ "https://www.facebook.com/306930482653457" ] }, "geometry": { "type": "Point", "coordinates": [ -74.2493872, 40.1833863 ] } },
{ "type": "Feature", "properties": { "id": "08f2a1388c82b5840312546d2b909808", "name": "Lino's Pizzeria", "confidence": 0.97817198851157294, "socials": [ "https://www.facebook.com/161924993831517" ] }, "geometry": { "type": "Point", "coordinates": [ -74.2371245, 40.1678238 ] } },
{ "type": "Feature", "properties": { "id": "08f2a138aa4c003103ccf33da5396d5b", "name": "A&S Pizza", "confidence": 0.97817198851157294, "socials": [ "https://www.facebook.com/317527761969" ] }, "geometry": { "type": "Point", "coordinates": [ -74.2449864, 40.1813355 ] } },
{ "type": "Feature", "properties": { "id": "08f2a1388552b2b003309e8f9241909f", "name": "Pat D's Pizza", "confidence": 0.97817198851157294, "socials": [ "https://www.facebook.com/104434197908558" ] }, "geometry": { "type": "Point", "coordinates": [ -74.2554285, 40.2037487 ] } },
{ "type": "Feature", "properties": { "id": "08f2a1388552b2b003067442cf8c8ea3", "name": "Pat D's Pizza", "confidence": 0.77, "socials": null }, "geometry": { "type": "Point", "coordinates": [ -74.2553255, 40.203831 ] } },
{ "type": "Feature", "properties": { "id": "08f2a138841aca1b036ca6262a848936", "name": "Vinnie's Pizzeria", "confidence": 0.97817198851157294, "socials": [ "https://www.facebook.com/142833532423183" ] }, "geometry": { "type": "Point", "coordinates": [ -74.2637046, 40.2201422 ] } },
{ "type": "Feature", "properties": { "id": "08f2a138a669c56a033a33ca2368da3a", "name": "Frankie Fed's", "confidence": 0.77, "socials": null }, "geometry": { "type": "Point", "coordinates": [ -74.2489508, 40.2492366 ] } },
{ "type": "Feature", "properties": { "id": "08f2a138a64e896b034db0f39ced791c", "name": "Cuzzin's Pizzeria & Restaurant", "confidence": 0.77, "socials": null }, "geometry": { "type": "Point", "coordinates": [ -74.2457405, 40.2538673 ] } },
{ "type": "Feature", "properties": { "id": "08f2a138a660a8c203ffca556e355a43", "name": "Romeo's Pizza", "confidence": 0.98582594999015549, "socials": [ "https://www.facebook.com/478353638695489" ] }, "geometry": { "type": "Point", "coordinates": [ -74.2438577, 40.2485836 ] } },
{ "type": "Feature", "properties": { "id": "08f2a13c76cda261031606eb58263ea1", "name": "Mannino's 4 Pizza and Restaurant", "confidence": 0.99497955735766175, "socials": [ "https://www.facebook.com/113784871969747" ] }, "geometry": { "type": "Point", "coordinates": [ -74.5237777, 40.2689933 ] } },
{ "type": "Feature", "properties": { "id": "08f2a13c7401553103504c40071bb34a", "name": "Scotto's Pizza", "confidence": 0.99497955735766175, "socials": [ "https://www.facebook.com/455492894603711" ] }, "geometry": { "type": "Point", "coordinates": [ -74.4892916, 40.2662788 ] } },
{ "type": "Feature", "properties": { "id": "08f2a13c2b3142660363fddce5058e51", "name": "Singas Famous Pizza", "confidence": 0.97817198851157294, "socials": [ "https://www.facebook.com/104513525425135" ] }, "geometry": { "type": "Point", "coordinates": [ -74.530183, 40.2784366 ] } },
{ "type": "Feature", "properties": { "id": "08f2a13c2b948d1503132795670627a9", "name": "Mannino's 4 Pizza & Restaurant", "confidence": 0.77, "socials": null }, "geometry": { "type": "Point", "coordinates": [ -74.5207505, 40.28762 ] } },
{ "type": "Feature", "properties": { "id": "08f2a13c74156b3403810d07b3d0dd1d", "name": "La Terrazza Pizzeria & Ristorante", "confidence": 0.77, "socials": null }, "geometry": { "type": "Point", "coordinates": [ -74.485508, 40.266757 ] } },
{ "type": "Feature", "properties": { "id": "08f2a13d5a8994c90329dcaa589197e8", "name": "Domino's Pizza", "confidence": 0.99497955735766175, "socials": [ "https://www.facebook.com/108006911812721" ] }, "geometry": { "type": "Point", "coordinates": [ -74.4714705, 40.2889664 ] } },
{ "type": "Feature", "properties": { "id": "08f2a13c2c6e2c1e031f2bbd06c0d54d", "name": "Cranbury Pizza", "confidence": 0.99497955735766175, "socials": [ "https://www.facebook.com/94974652136" ] }, "geometry": { "type": "Point", "coordinates": [ -74.5155316, 40.3128881 ] } },
{ "type": "Feature", "properties": { "id": "08f2a13c2d108cf403b72cf7e570178a", "name": "Tomato Pies Italian Kitchen", "confidence": 0.77, "socials": null }, "geometry": { "type": "Point", "coordinates": [ -74.487724, 40.304363 ] } },
{ "type": "Feature", "properties": { "id": "08f2a13c2c112801032ad82e2b6d99b6", "name": "Papa John's Distribution Center", "confidence": 0.71069587628865982, "socials": [ "https://www.facebook.com/102958119788607" ] }, "geometry": { "type": "Point", "coordinates": [ -74.5061196, 40.32408 ] } },
{ "type": "Feature", "properties": { "id": "08f2a13d5323696b03ae715e2e197380", "name": "Tomato Pies Italian Kitchen", "confidence": 0.77, "socials": null }, "geometry": { "type": "Point", "coordinates": [ -74.4739551, 40.3152725 ] } },
{ "type": "Feature", "properties": { "id": "08f2a13d532369610398c7b740624797", "name": "TomatoPies", "confidence": 0.97817198851157294, "socials": [ "https://www.facebook.com/198334660637549" ] }, "geometry": { "type": "Point", "coordinates": [ -74.473806, 40.3152766 ] } },
{ "type": "Feature", "properties": { "id": "08f2a13d5316036e03ace8ec7530921a", "name": "Antonio's Restaurant & Pizza", "confidence": 0.97817198851157294, "socials": [ "https://www.facebook.com/113737775321294" ] }, "geometry": { "type": "Point", "coordinates": [ -74.4705795, 40.3222773 ] } },
{ "type": "Feature", "properties": { "id": "08f2a13d5055949d0313bc380346715a", "name": "Sal's Roma Deli and Pizza", "confidence": 0.99497955735766175, "socials": [ "https://www.facebook.com/100193176231415" ] }, "geometry": { "type": "Point", "coordinates": [ -74.469728, 40.3417576 ] } },
{ "type": "Feature", "properties": { "id": "08f2a13d4a29d71103ea85e472bb24cc", "name": "Tre Colore Pizzeria & Restaurant", "confidence": 0.77, "socials": null }, "geometry": { "type": "Point", "coordinates": [ -74.4017216, 40.2599114 ] } },
{ "type": "Feature", "properties": { "id": "08f2a13d4a29d71103aa778a9866c86c", "name": "Tre Colore Pizzeria", "confidence": 0.97817198851157294, "socials": [ "https://www.facebook.com/1494180740800903" ] }, "geometry": { "type": "Point", "coordinates": [ -74.401635, 40.2598287 ] } },
{ "type": "Feature", "properties": { "id": "08f2a13d5132d698036a11769f96d9c0", "name": "D&T Pizza", "confidence": 0.97817198851157294, "socials": [ "https://www.facebook.com/145538735503973" ] }, "geometry": { "type": "Point", "coordinates": [ -74.4399506, 40.3168967 ] } },
{ "type": "Feature", "properties": { "id": "08f2a13d4195a6e5037ebb295ec405fd", "name": "Brooklyn Square Pizza", "confidence": 0.99497955735766175, "socials": [ "https://www.facebook.com/197421800820514" ] }, "geometry": { "type": "Point", "coordinates": [ -74.3608802, 40.3110347 ] } },
{ "type": "Feature", "properties": { "id": "08f2a13d450889ad03e5a2f562fe3f29", "name": "Molino's Italian Kitchen", "confidence": 0.77, "socials": null }, "geometry": { "type": "Point", "coordinates": [ -74.3611263, 40.3240971 ] } },
{ "type": "Feature", "properties": { "id": "08f2a13c24b5bb0003c8e93688bb035f", "name": "George Street Grill and PIzzeria", "confidence": 0.29137199434229144, "socials": [ "https://www.facebook.com/200983670518350" ] }, "geometry": { "type": "Point", "coordinates": [ -74.509553, 40.37195 ] } },
{ "type": "Feature", "properties": { "id": "08f2a13c248a2a4c031357c02fa638b7", "name": "Capriccios Pizza & Restaurant", "confidence": 0.97817198851157294, "socials": [ "https://www.facebook.com/718735251566192" ] }, "geometry": { "type": "Point", "coordinates": [ -74.5190394, 40.3812754 ] } },
{ "type": "Feature", "properties": { "id": "08f2a13d0b59ad2d0313ad1c5a9169ac", "name": "Giuseppe Pizzeria and Restaurant", "confidence": 0.99497955735766175, "socials": [ "https://www.facebook.com/203962172987106" ] }, "geometry": { "type": "Point", "coordinates": [ -74.5083252, 40.3804841 ] } },
{ "type": "Feature", "properties": { "id": "08f2a13d5402e2a203ff0761d81d946a", "name": "The Original Thin Crust Pizza Company", "confidence": 0.77, "socials": null }, "geometry": { "type": "Point", "coordinates": [ -74.44700388, 40.3591119 ] } },
{ "type": "Feature", "properties": { "id": "08f2a13d0d26e55203e48de9dd55f999", "name": "Cafe Amici", "confidence": 0.99497955735766175, "socials": [ "https://www.facebook.com/725723567499623" ] }, "geometry": { "type": "Point", "coordinates": [ -74.4441844, 40.3856127 ] } },
{ "type": "Feature", "properties": { "id": "08f2a13d2b55e35d03f4a51af75d93cb", "name": "Sbarro", "confidence": 0.97817198851157294, "socials": [ "https://www.facebook.com/135866589804662" ] }, "geometry": { "type": "Point", "coordinates": [ -74.4440376, 40.4167106 ] } },
{ "type": "Feature", "properties": { "id": "08f2a13d55c552c003bac2e6aa3668b5", "name": "Angelos Pizza and Pasta", "confidence": 0.35051546391752575, "socials": [ "https://www.facebook.com/104577321442794" ] }, "geometry": { "type": "Point", "coordinates": [ -74.433523, 40.346601 ] } },
{ "type": "Feature", "properties": { "id": "08f2a13d55d9ea65036a480f9bd2b74a", "name": "Domino's Pizza", "confidence": 0.99497955735766175, "socials": [ "https://www.facebook.com/599016803463186" ] }, "geometry": { "type": "Point", "coordinates": [ -74.4385038, 40.3511391 ] } },
{ "type": "Feature", "properties": { "id": "08f2a13d55c103a903a2bd31fcabf29b", "name": "Romeo's Pizza", "confidence": 0.99497955735766175, "socials": [ "https://www.facebook.com/100516893407410" ] }, "geometry": { "type": "Point", "coordinates": [ -74.4364756, 40.3493313 ] } },
{ "type": "Feature", "properties": { "id": "08f2a13d72aa8442036b7d8ec51bac94", "name": "Villa Borghese II", "confidence": 0.9961633011413521, "socials": [ "https://www.facebook.com/457499971096195" ] }, "geometry": { "type": "Point", "coordinates": [ -74.426437, 40.3753354 ] } },
{ "type": "Feature", "properties": { "id": "08f2a13d704e58ed0312bb5a77c74984", "name": "Gabbi's Trattoria", "confidence": 0.77, "socials": null }, "geometry": { "type": "Point", "coordinates": [ -74.415323, 40.379466 ] } },
{ "type": "Feature", "properties": { "id": "08f2a13d704e58e6037ff5c47064ab1c", "name": "Enzo's Pizzeria & Trattoria", "confidence": 0.77, "socials": null }, "geometry": { "type": "Point", "coordinates": [ -74.415345, 40.379495 ] } },
{ "type": "Feature", "properties": { "id": "08f2a13d70561606033105552c1b8eaf", "name": "Nunzios Pizza", "confidence": 0.31588785046728973, "socials": [ "https://www.facebook.com/103237821329591" ] }, "geometry": { "type": "Point", "coordinates": [ -74.409862, 40.3818097 ] } },
{ "type": "Feature", "properties": { "id": "08f2a13d70563b5403c1642c838bc2dc", "name": "Nunzio's", "confidence": 0.77, "socials": null }, "geometry": { "type": "Point", "coordinates": [ -74.4097839, 40.3818638 ] } },
{ "type": "Feature", "properties": { "id": "08f2a13d710624b103a24ab3baf9d5c7", "name": "Fresco Pizzeria & Italian Eatery", "confidence": 0.77, "socials": null }, "geometry": { "type": "Point", "coordinates": [ -74.3868584, 40.3593972 ] } },
{ "type": "Feature", "properties": { "id": "08f2a13d7107182d036a48e6d2174b43", "name": "Fresco Italian Eatery", "confidence": 0.97817198851157294, "socials": [ "https://www.facebook.com/125361352193799" ] }, "geometry": { "type": "Point", "coordinates": [ -74.3864008, 40.3593513 ] } },
{ "type": "Feature", "properties": { "id": "08f2a13d62315714032b0a96f860da6d", "name": "Bonetti's Pizza and Restaurant", "confidence": 0.98582594999015549, "socials": [ "https://www.facebook.com/238538676339969" ] }, "geometry": { "type": "Point", "coordinates": [ -74.3557371, 40.3570809 ] } },
{ "type": "Feature", "properties": { "id": "08f2a13d71d5659d0320186987639118", "name": "Antonio's Too", "confidence": 0.21337126600284495, "socials": [ "https://www.facebook.com/332895676904552" ] }, "geometry": { "type": "Point", "coordinates": [ -74.38921, 40.36979 ] } },
{ "type": "Feature", "properties": { "id": "08f2a13d71d56594032bf2c631e27d0a", "name": "Carmela's Pizzeria", "confidence": 0.99497955735766175, "socials": [ "https://www.facebook.com/336113570429607" ] }, "geometry": { "type": "Point", "coordinates": [ -74.3890633, 40.3696346 ] } },
{ "type": "Feature", "properties": { "id": "08f2a13d71d5698d038c736311220ca5", "name": "Papa John's Pizza", "confidence": 0.77, "socials": null }, "geometry": { "type": "Point", "coordinates": [ -74.3887921, 40.3698514 ] } },
{ "type": "Feature", "properties": { "id": "08f2a13d7569171e03c9f21c6da3d008", "name": "The Doughfather", "confidence": 0.99497955735766175, "socials": [ "https://www.facebook.com/394028971008553" ] }, "geometry": { "type": "Point", "coordinates": [ -74.3886757, 40.3740893 ] } },
{ "type": "Feature", "properties": { "id": "08f2a13d7569978103b4b843623a7d14", "name": "The Doughfather", "confidence": 0.77, "socials": null }, "geometry": { "type": "Point", "coordinates": [ -74.388434, 40.374178 ] } },
{ "type": "Feature", "properties": { "id": "08f2a13d754aec800373a9f5d17b37be", "name": "Papa A Pizza", "confidence": 0.21337126600284495, "socials": [ "https://www.facebook.com/240161789344631" ] }, "geometry": { "type": "Point", "coordinates": [ -74.388749, 40.382281 ] } },
{ "type": "Feature", "properties": { "id": "08f2a13d754ae968034e572872e69099", "name": "The Doughfather", "confidence": 0.77, "socials": null }, "geometry": { "type": "Point", "coordinates": [ -74.3883219, 40.3822314 ] } },
{ "type": "Feature", "properties": { "id": "08f2a13d295689310399e58e6d2c1fd0", "name": "Sandy's Lunchonette and Pizza", "confidence": 0.97817198851157294, "socials": [ "https://www.facebook.com/257115466213" ] }, "geometry": { "type": "Point", "coordinates": [ -74.4110258, 40.4180789 ] } },
{ "type": "Feature", "properties": { "id": "08f2a13d7438bc9903ec56036df8bc6b", "name": "Domino's Pizza", "confidence": 0.99497955735766175, "socials": [ "https://www.facebook.com/591354017562036" ] }, "geometry": { "type": "Point", "coordinates": [ -74.3903178, 40.391273 ] } },
{ "type": "Feature", "properties": { "id": "08f2a13d748800260361b5845f953d6b", "name": "Maria's Pizza Spotswood", "confidence": 0.97817198851157294, "socials": [ "https://www.facebook.com/171762399362818" ] }, "geometry": { "type": "Point", "coordinates": [ -74.3865598, 40.4032711 ] } },
{ "type": "Feature", "properties": { "id": "08f2a106db2e8b10036fcebdf40daff0", "name": "jasmin pizzeria y sazon tacuate", "confidence": 0.77, "socials": null }, "geometry": { "type": "Point", "coordinates": [ -74.3586098, 40.3879371 ] } },
{ "type": "Feature", "properties": { "id": "08f2a106db2ed003030db7e73ddde274", "name": "Jazmin Pizzeria", "confidence": 0.77, "socials": null }, "geometry": { "type": "Point", "coordinates": [ -74.3582433, 40.3879367 ] } },
{ "type": "Feature", "properties": { "id": "08f2a106db2ed11103779c62561ab4b2", "name": "Giovanni's Pizza", "confidence": 0.77, "socials": null }, "geometry": { "type": "Point", "coordinates": [ -74.358221, 40.387998 ] } },
{ "type": "Feature", "properties": { "id": "08f2a106db20a3a103f34d8b6163efbd", "name": "A & S Pizza", "confidence": 0.77, "socials": null }, "geometry": { "type": "Point", "coordinates": [ -74.358587, 40.3897144 ] } },
{ "type": "Feature", "properties": { "id": "08f2a106dbc4d75a031c3ae63e1c95d6", "name": "Nicolo's Pizzeria", "confidence": 0.99497955735766175, "socials": [ "https://www.facebook.com/120840211264058" ] }, "geometry": { "type": "Point", "coordinates": [ -74.3603731, 40.402848 ] } },
{ "type": "Feature", "properties": { "id": "08f2a106dac8d99603cf526cac463aff", "name": "Roman Delight Pizza", "confidence": 0.77, "socials": null }, "geometry": { "type": "Point", "coordinates": [ -74.382294, 40.423501 ] } },
{ "type": "Feature", "properties": { "id": "08f2a106daad349903a710f8ccfa65f6", "name": "Speedy Hot Pizza", "confidence": 0.53885630498533721, "socials": [ "https://www.facebook.com/104025578019489" ] }, "geometry": { "type": "Point", "coordinates": [ -74.3699983, 40.4116871 ] } },
{ "type": "Feature", "properties": { "id": "08f2a106da1656b003202db73b6d72b9", "name": "Brothers", "confidence": 0.97817198851157294, "socials": [ "https://www.facebook.com/116791571679184" ] }, "geometry": { "type": "Point", "coordinates": [ -74.3708041, 40.4175139 ] } },
{ "type": "Feature", "properties": { "id": "08f2a138b249e90e03becdee670d01b8", "name": "Romeo's Pizza Manalapan", "confidence": 0.97817198851157294, "socials": [ "https://www.facebook.com/151259398219114" ] }, "geometry": { "type": "Point", "coordinates": [ -74.3404683, 40.2543572 ] } },
{ "type": "Feature", "properties": { "id": "08f2a138b00910a303a1e11c4eaaeb68", "name": "Sbarro", "confidence": 0.99497955735766175, "socials": [ "https://www.facebook.com/196995897006366" ] }, "geometry": { "type": "Point", "coordinates": [ -74.2992744, 40.2541638 ] } },
{ "type": "Feature", "properties": { "id": "08f2a138b00b599303579b21abd2b79c", "name": "Brooklyn Pizza of Freehold Raceway Mall", "confidence": 0.77, "socials": null }, "geometry": { "type": "Point", "coordinates": [ -74.298621, 40.2546296 ] } },
{ "type": "Feature", "properties": { "id": "08f2a138b550b6de0343af191a8e94f1", "name": "New York Fried Chicken", "confidence": 0.97817198851157294, "socials": [ "https://www.facebook.com/334173456450400" ] }, "geometry": { "type": "Point", "coordinates": [ -74.2738497, 40.2576752 ] } },
{ "type": "Feature", "properties": { "id": "08f2a138b5cc1bb60360085a2789d4c5", "name": "King Pizza & Fried Chicken", "confidence": 0.77, "socials": null }, "geometry": { "type": "Point", "coordinates": [ -74.2696137, 40.2593288 ] } },
{ "type": "Feature", "properties": { "id": "08f2a138b5cc1d4c0336fcf92d68f93c", "name": "Venecia Pizza", "confidence": 0.98296875, "socials": [ "https://www.facebook.com/103688869079196" ] }, "geometry": { "type": "Point", "coordinates": [ -74.269319, 40.2592582 ] } },
{ "type": "Feature", "properties": { "id": "08f2a138b551420a03f39647503fb239", "name": "Mateo's", "confidence": 0.99497955735766175, "socials": [ "https://www.facebook.com/228351004772942" ] }, "geometry": { "type": "Point", "coordinates": [ -74.2749305, 40.259806 ] } },
{ "type": "Feature", "properties": { "id": "08f2a138b55352da0354a363aba6140e", "name": "Federici's Family Restaurant", "confidence": 0.9961633011413521, "socials": [ "https://www.facebook.com/104945436215799" ] }, "geometry": { "type": "Point", "coordinates": [ -74.2735175, 40.2602023 ] } },
{ "type": "Feature", "properties": { "id": "08f2a138b5c9b570036a65e582a3dbf0", "name": "Stefano's Pizza and Restaurant", "confidence": 0.53885630498533721, "socials": [ "https://www.facebook.com/117096384976887" ] }, "geometry": { "type": "Point", "coordinates": [ -74.2733058, 40.2608447 ] } },
{ "type": "Feature", "properties": { "id": "08f2a138b5c9b1930345bcc1b769a44e", "name": "Singas Famous Pizza Freehold", "confidence": 0.84265420560747661, "socials": null }, "geometry": { "type": "Point", "coordinates": [ -74.2733555, 40.2609085 ] } },
{ "type": "Feature", "properties": { "id": "08f2a138b5534ad90342825ae1d3a5fb", "name": "AK Patel", "confidence": 0.77, "socials": null }, "geometry": { "type": "Point", "coordinates": [ -74.2731225, 40.2607867 ] } },
{ "type": "Feature", "properties": { "id": "08f2a138b5c9953403e7e1be2413ce20", "name": "Singas Famous Pizza", "confidence": 0.77, "socials": null }, "geometry": { "type": "Point", "coordinates": [ -74.27284, 40.26101 ] } },
{ "type": "Feature", "properties": { "id": "08f2a13d6931b21603394054643eb2a1", "name": "Attilios Pizzeria", "confidence": 0.99497955735766175, "socials": [ "https://www.facebook.com/1515263342099067" ] }, "geometry": { "type": "Point", "coordinates": [ -74.2934099, 40.2838063 ] } },
{ "type": "Feature", "properties": { "id": "08f2a13d69cf4206032290ca6b487d57", "name": "Anthony's Coal Fired Pizza & Wings", "confidence": 0.77, "socials": null }, "geometry": { "type": "Point", "coordinates": [ -74.300905, 40.296683 ] } },
{ "type": "Feature", "properties": { "id": "08f2a13d6908c6430386f867d35639c4", "name": "Cucina Alessi Italian", "confidence": 0.97817198851157294, "socials": [ "https://www.facebook.com/168186603194578" ] }, "geometry": { "type": "Point", "coordinates": [ -74.3001584, 40.2892209 ] } },
{ "type": "Feature", "properties": { "id": "08f2a13d691b136503835ab1f5342d26", "name": "Coal Fired Pizza", "confidence": 0.77, "socials": null }, "geometry": { "type": "Point", "coordinates": [ -74.298496, 40.293382 ] } },
{ "type": "Feature", "properties": { "id": "08f2a13d69ce40c903c8e2fb52b4a25f", "name": "Coal Fired Pizza", "confidence": 0.77, "socials": null }, "geometry": { "type": "Point", "coordinates": [ -74.3004064, 40.29599 ] } },
{ "type": "Feature", "properties": { "id": "08f2a13d69ce19000395c36388f032b3", "name": "Coal- Coal Fired Pizza", "confidence": 0.71069587628865982, "socials": [ "https://www.facebook.com/138949630160807" ] }, "geometry": { "type": "Point", "coordinates": [ -74.2991644, 40.295921 ] } },
{ "type": "Feature", "properties": { "id": "08f2a13d69ce40c903cdb37f01463bea", "name": "Coal Fired Pizza", "confidence": 0.77, "socials": null }, "geometry": { "type": "Point", "coordinates": [ -74.2994461, 40.2964182 ] } },
{ "type": "Feature", "properties": { "id": "08f2a13d6855a03003a7b8c28de8dbd5", "name": "Basil Pizzeria & Trattoria", "confidence": 0.35051546391752575, "socials": [ "https://www.facebook.com/299022420737954" ] }, "geometry": { "type": "Point", "coordinates": [ -74.320335, 40.309797 ] } },
{ "type": "Feature", "properties": { "id": "08f2a13d6842c95503fdd4a362d9ec3a", "name": "The Crust Pizza Manalapan", "confidence": 0.91798695246971107, "socials": [ "https://www.facebook.com/456953104171541" ] }, "geometry": { "type": "Point", "coordinates": [ -74.3204833, 40.3106467 ] } },
{ "type": "Feature", "properties": { "id": "08f2a13d68553cd6031230f15b7da5b1", "name": "Molino's Italian Kitchen", "confidence": 0.77, "socials": null }, "geometry": { "type": "Point", "coordinates": [ -74.31926, 40.31105 ] } },
{ "type": "Feature", "properties": { "id": "08f2a13d6165dd40035c7fd5caac2463", "name": "Dusal's Pizza & Italian Restaurant", "confidence": 0.77, "socials": null }, "geometry": { "type": "Point", "coordinates": [ -74.32029, 40.33624 ] } },
{ "type": "Feature", "properties": { "id": "08f2a13d68b80cdb038d95754a94b990", "name": "CG Pizza", "confidence": 0.31588785046728973, "socials": [ "https://www.facebook.com/104121068321557" ] }, "geometry": { "type": "Point", "coordinates": [ -74.3037159, 40.3084838 ] } },
{ "type": "Feature", "properties": { "id": "08f2a13d6880e8b003a14ded7b008938", "name": "Sal's Gourmet Pizza", "confidence": 0.99497955735766175, "socials": [ "https://www.facebook.com/139700645203" ] }, "geometry": { "type": "Point", "coordinates": [ -74.3038032, 40.3129607 ] } },
{ "type": "Feature", "properties": { "id": "08f2a13d6898a48303c1bb1b40c8f5f9", "name": "Emilio's", "confidence": 0.99497955735766175, "socials": [ "https://www.facebook.com/1225266790871192" ] }, "geometry": { "type": "Point", "coordinates": [ -74.3066644, 40.314913 ] } },
{ "type": "Feature", "properties": { "id": "08f2a13d6c625d8103af7924cd0eac59", "name": "Aiello's of Brooklyn", "confidence": 0.77, "socials": null }, "geometry": { "type": "Point", "coordinates": [ -74.3046254, 40.3224771 ] } },
{ "type": "Feature", "properties": { "id": "08f2a13d613666d003578238f7274cf5", "name": "Carlo's Gourmet Pizzeria", "confidence": 0.99497955735766175, "socials": [ "https://www.facebook.com/39320668238" ] }, "geometry": { "type": "Point", "coordinates": [ -74.3064402, 40.3382857 ] } },
{ "type": "Feature", "properties": { "id": "08f2a13d61360214037bceb85cbd1833", "name": "Carlo's Gourmet Pizza Restaurant & Caterers", "confidence": 0.77, "socials": null }, "geometry": { "type": "Point", "coordinates": [ -74.3058335, 40.3378715 ] } },
{ "type": "Feature", "properties": { "id": "08f2a138a64edcc403aab4f40ad168c4", "name": "Pies in Poet's", "confidence": 0.99497955735766175, "socials": [ "https://www.facebook.com/102844575851164" ] }, "geometry": { "type": "Point", "coordinates": [ -74.246284, 40.2546744 ] } },
{ "type": "Feature", "properties": { "id": "08f2a1399e39c4e903ed9d7d20316f04", "name": "The Pizza & Pasta Factory", "confidence": 0.97817198851157294, "socials": [ "https://www.facebook.com/107941907510696" ] }, "geometry": { "type": "Point", "coordinates": [ -74.2533648, 40.3040967 ] } },
{ "type": "Feature", "properties": { "id": "08f2a1399e89ab1503fa3491dec78b37", "name": "Big Boy's Pizza", "confidence": 0.97817198851157294, "socials": [ "https://www.facebook.com/105789331663822" ] }, "geometry": { "type": "Point", "coordinates": [ -74.2502392, 40.3144944 ] } },
{ "type": "Feature", "properties": { "id": "08f2a1399e89a861033cb2250275d0ad", "name": "Romeo's Restaurant and Pizza", "confidence": 0.29137199434229144, "socials": [ "https://www.facebook.com/403488403092494" ] }, "geometry": { "type": "Point", "coordinates": [ -74.250297, 40.314556 ] } },
{ "type": "Feature", "properties": { "id": "08f2a13991509d1b037b71eeb148c52f", "name": "Red Tomato Urban Pizzeria", "confidence": 0.97817198851157294, "socials": [ "https://www.facebook.com/112434602527052" ] }, "geometry": { "type": "Point", "coordinates": [ -74.246734, 40.3324978 ] } },
{ "type": "Feature", "properties": { "id": "08f2a13991cd225403472bf33b4141c2", "name": "Marlboro Pizza", "confidence": 0.97817198851157294, "socials": [ "https://www.facebook.com/122705937781435" ] }, "geometry": { "type": "Point", "coordinates": [ -74.2452801, 40.3339894 ] } },
{ "type": "Feature", "properties": { "id": "08f2a13d63da3211038ef94fe8d7d62b", "name": "Trattoria Ravello", "confidence": 0.97817198851157294, "socials": [ "https://www.facebook.com/363688840491944" ] }, "geometry": { "type": "Point", "coordinates": [ -74.3472299, 40.3546994 ] } },
{ "type": "Feature", "properties": { "id": "08f2a13d61a132a2031f52c7710f7690", "name": "Meli's Thin & Crispy Pizza Company", "confidence": 0.98331870061457416, "socials": [ "https://www.facebook.com/1686389424948821" ] }, "geometry": { "type": "Point", "coordinates": [ -74.3049613, 40.3424139 ] } },
{ "type": "Feature", "properties": { "id": "08f2a13d618c118e03cf0dd5f8274fb0", "name": "Papa Johns Pizza", "confidence": 0.98582594999015549, "socials": [ "https://www.facebook.com/525778037278337" ] }, "geometry": { "type": "Point", "coordinates": [ -74.3072413, 40.3474181 ] } },
{ "type": "Feature", "properties": { "id": "08f2a13d618352e603ff0747e1d5c040", "name": "Anthony's Coal Fired Pizza", "confidence": 0.99497955735766175, "socials": [ "https://www.facebook.com/1053124671383399" ] }, "geometry": { "type": "Point", "coordinates": [ -74.3052433, 40.3512806 ] } },
{ "type": "Feature", "properties": { "id": "08f2a13d657280a90346199e642c43c3", "name": "Papa John's Pizza", "confidence": 0.77, "socials": null }, "geometry": { "type": "Point", "coordinates": [ -74.3050624, 40.3606117 ] } },
{ "type": "Feature", "properties": { "id": "08f2a13d65735d490307d437be76f2be", "name": "Angelotti's Pizza & Trattoria", "confidence": 0.77, "socials": null }, "geometry": { "type": "Point", "coordinates": [ -74.3057025, 40.3622122 ] } },
{ "type": "Feature", "properties": { "id": "08f2a13d6573595603db535307072a7d", "name": "Angelotti's Pizza & Trattoria", "confidence": 0.97817198851157294, "socials": [ "https://www.facebook.com/321913511198981" ] }, "geometry": { "type": "Point", "coordinates": [ -74.3055318, 40.3622069 ] } },
{ "type": "Feature", "properties": { "id": "08f2a13d65088b9503d452730f13e6e8", "name": "Via Roma of Marlboro", "confidence": 0.77, "socials": null }, "geometry": { "type": "Point", "coordinates": [ -74.303495, 40.362533 ] } },
{ "type": "Feature", "properties": { "id": "08f2a13d650888ca039a0c7541cc1d57", "name": "Slice", "confidence": 0.98296875, "socials": [ "https://www.facebook.com/130465975869243" ] }, "geometry": { "type": "Point", "coordinates": [ -74.3031131, 40.3624878 ] } },
{ "type": "Feature", "properties": { "id": "08f2a106d96c0c6403e8a26cc1425066", "name": "Attilio's Pizza", "confidence": 0.77, "socials": null }, "geometry": { "type": "Point", "coordinates": [ -74.3413742, 40.391591 ] } },
{ "type": "Feature", "properties": { "id": "08f2a106d96c084e0364a42058b32658", "name": "Neo Love Pizza", "confidence": 0.77, "socials": null }, "geometry": { "type": "Point", "coordinates": [ -74.340995, 40.3924517 ] } },
{ "type": "Feature", "properties": { "id": "08f2a106d9c6c01b03adfbe97b459cda", "name": "Round Pie Pizza Company", "confidence": 0.97817198851157294, "socials": [ "https://www.facebook.com/485706032220732" ] }, "geometry": { "type": "Point", "coordinates": [ -74.3295739, 40.4049972 ] } },
{ "type": "Feature", "properties": { "id": "08f2a106d98f569103349fcce00e20e7", "name": "G'zepps", "confidence": 0.71069587628865982, "socials": [ "https://www.facebook.com/126568694062659" ] }, "geometry": { "type": "Point", "coordinates": [ -74.3249393, 40.4035181 ] } },
{ "type": "Feature", "properties": { "id": "08f2a106d98f589a03204444a6335aa2", "name": "Domino's Pizza", "confidence": 0.99497955735766175, "socials": [ "https://www.facebook.com/1526730164286686" ] }, "geometry": { "type": "Point", "coordinates": [ -74.3244699, 40.4040355 ] } },
{ "type": "Feature", "properties": { "id": "08f2a106d981d0460304a37d6c5fc2b6", "name": "Krispy Pizza", "confidence": 0.99497955735766175, "socials": [ "https://www.facebook.com/149381741748836" ] }, "geometry": { "type": "Point", "coordinates": [ -74.3234204, 40.4043012 ] } },
{ "type": "Feature", "properties": { "id": "08f2a106ca41c77003221a0d1b679c36", "name": "Luigi's Restaurant & Pizzeria", "confidence": 0.97817198851157294, "socials": [ "https://www.facebook.com/249302598413535" ] }, "geometry": { "type": "Point", "coordinates": [ -74.3132222, 40.4023409 ] } },
{ "type": "Feature", "properties": { "id": "08f2a106ca41c77003ae72c0fa63b88a", "name": "Luigi's Restaurant & Pizzeria", "confidence": 0.77, "socials": null }, "geometry": { "type": "Point", "coordinates": [ -74.313156, 40.402387 ] } },
{ "type": "Feature", "properties": { "id": "08f2a106dc61b308032a1e079eccef2c", "name": "Mia's Pizza Restaurant", "confidence": 0.99497955735766175, "socials": [ "https://www.facebook.com/1384190505212768" ] }, "geometry": { "type": "Point", "coordinates": [ -74.3423948, 40.4296067 ] } },
{ "type": "Feature", "properties": { "id": "08f2a13d648304b30369fa0d5d0d3989", "name": "Old Bridge Restaurant & Pizzeria", "confidence": 0.77, "socials": null }, "geometry": { "type": "Point", "coordinates": [ -74.307851487562885, 40.388430476004146 ] } },
{ "type": "Feature", "properties": { "id": "08f2a106ca64285e03ce7e22c6ae5bb0", "name": "Old Bridge Pizza", "confidence": 0.77, "socials": null }, "geometry": { "type": "Point", "coordinates": [ -74.3078768, 40.3925237 ] } },
{ "type": "Feature", "properties": { "id": "08f2a106ca75114d03f83e4bc1155c0a", "name": "Old Bridge Restaurant & Pizzeria", "confidence": 0.97817198851157294, "socials": [ "https://www.facebook.com/728737710575475" ] }, "geometry": { "type": "Point", "coordinates": [ -74.3066552, 40.3951218 ] } },
{ "type": "Feature", "properties": { "id": "08f2a106cada010003ea45eaa15c84bc", "name": "Palumbo's Restaurant & Pizza", "confidence": 0.21337126600284495, "socials": [ "https://www.facebook.com/2183201211742489" ] }, "geometry": { "type": "Point", "coordinates": [ -74.304952, 40.411801 ] } },
{ "type": "Feature", "properties": { "id": "08f2a106c336a2ca0366a4957f9a1570", "name": "Torino Pizza", "confidence": 0.77, "socials": null }, "geometry": { "type": "Point", "coordinates": [ -74.295471, 40.429099 ] } },
{ "type": "Feature", "properties": { "id": "08f2a106cc58dc4a03d4c6bbe5b1db2f", "name": "Carlo's Gourmet Pizza & Pasta", "confidence": 0.97817198851157294, "socials": [ "https://www.facebook.com/234777169348" ] }, "geometry": { "type": "Point", "coordinates": [ -74.269648, 40.4241973 ] } },
{ "type": "Feature", "properties": { "id": "08f2a106c9af20d2035b67585ae29914", "name": "Avas Brick Oven", "confidence": 0.29137199434229144, "socials": [ "https://www.facebook.com/143856885796703" ] }, "geometry": { "type": "Point", "coordinates": [ -74.248546, 40.379468 ] } },
{ "type": "Feature", "properties": { "id": "08f2a106c9b2c4b6035931ad3df0aede", "name": "Tomato & Basil NJ", "confidence": 0.77, "socials": null }, "geometry": { "type": "Point", "coordinates": [ -74.2418219, 40.3839932 ] } },
{ "type": "Feature", "properties": { "id": "08f2a106c9b2c4b60302727498ed71c9", "name": "L & L Pizza", "confidence": 0.77, "socials": null }, "geometry": { "type": "Point", "coordinates": [ -74.2418219, 40.3839932 ] } },
{ "type": "Feature", "properties": { "id": "08f2a106c9b23b4903d40edc778dfe35", "name": "Tomato and Basil Pizzeria", "confidence": 0.77, "socials": null }, "geometry": { "type": "Point", "coordinates": [ -74.2408413, 40.3837649 ] } },
{ "type": "Feature", "properties": { "id": "08f2a106cda98c9e03f9bc9597c91a85", "name": "A Scotto's Pizza Restaurant", "confidence": 0.77, "socials": null }, "geometry": { "type": "Point", "coordinates": [ -74.236885, 40.399249 ] } },
{ "type": "Feature", "properties": { "id": "08f2a106cda99c9003f4737c3a713661", "name": "Amano Pizza", "confidence": 0.77, "socials": null }, "geometry": { "type": "Point", "coordinates": [ -74.2368076, 40.3993289 ] } },
{ "type": "Feature", "properties": { "id": "08f2a106cda99c90035a1f871d464dfc", "name": "A Scottos Pizza Restaurant", "confidence": 0.21337126600284495, "socials": [ "https://www.facebook.com/1762909847264109" ] }, "geometry": { "type": "Point", "coordinates": [ -74.2365693, 40.3989016 ] } },
{ "type": "Feature", "properties": { "id": "08f2a106cd166a4a03e14217a67a697a", "name": "Angelo's Pizza and Sub Shop", "confidence": 0.99497955735766175, "socials": [ "https://www.facebook.com/109544512424477" ] }, "geometry": { "type": "Point", "coordinates": [ -74.2368165, 40.4034717 ] } },
{ "type": "Feature", "properties": { "id": "08f2a106cda20a5e036a624bc5ae1aa1", "name": "APC CORP DBA BELLANONNA", "confidence": 0.77, "socials": null }, "geometry": { "type": "Point", "coordinates": [ -74.2298782, 40.4006911 ] } },
{ "type": "Feature", "properties": { "id": "08f2a106cda26a43033c7062287e3c74", "name": "Benedetta's Pizza & Restaurant", "confidence": 0.77, "socials": null }, "geometry": { "type": "Point", "coordinates": [ -74.230177, 40.401065 ] } },
{ "type": "Feature", "properties": { "id": "08f2a106cda26a29038f53aea60a168d", "name": "Bella Nonna Pizza & Restaurant", "confidence": 0.77, "socials": null }, "geometry": { "type": "Point", "coordinates": [ -74.2301757, 40.4011029 ] } },
{ "type": "Feature", "properties": { "id": "08f2a139b669c32a03d96d9145c488d3", "name": "Round Pie Pizza Company", "confidence": 0.97817198851157294, "socials": [ "https://www.facebook.com/107417330907194" ] }, "geometry": { "type": "Point", "coordinates": [ -74.2255035, 40.3970912 ] } },
{ "type": "Feature", "properties": { "id": "08f2a106cda2c985039b3a7587751739", "name": "Domino's Pizza", "confidence": 0.99497955735766175, "socials": [ "https://www.facebook.com/263120173827709" ] }, "geometry": { "type": "Point", "coordinates": [ -74.2289626, 40.4002033 ] } },
{ "type": "Feature", "properties": { "id": "08f2a106cdb400d20369b4a9b81df223", "name": "Deninos Pizza Aberdeen New Jersey", "confidence": 0.47268106734434556, "socials": [ "https://www.facebook.com/239897682717417" ] }, "geometry": { "type": "Point", "coordinates": [ -74.2270867, 40.4000787 ] } },
{ "type": "Feature", "properties": { "id": "08f2a106cdb4071a039d632aa3748963", "name": "Denino's Pizza Place", "confidence": 0.97817198851157294, "socials": [ "https://www.facebook.com/924522507568735" ] }, "geometry": { "type": "Point", "coordinates": [ -74.2270158, 40.4002225 ] } },
{ "type": "Feature", "properties": { "id": "08f2a106cdba41660367241e55a9f0a1", "name": "Papa John's Pizza", "confidence": 0.99497955735766175, "socials": [ "https://www.facebook.com/132547673482608" ] }, "geometry": { "type": "Point", "coordinates": [ -74.2317853, 40.4038348 ] } },
{ "type": "Feature", "properties": { "id": "08f2a106ccae6875039ad3e1e92be0d8", "name": "Flame 800", "confidence": 0.77, "socials": null }, "geometry": { "type": "Point", "coordinates": [ -74.247894, 40.416529 ] } },
{ "type": "Feature", "properties": { "id": "08f2a106cc9ab01c03a64f0049d3790d", "name": "Grana Pizza Cafe", "confidence": 0.77, "socials": null }, "geometry": { "type": "Point", "coordinates": [ -74.2504624, 40.427655 ] } },
{ "type": "Feature", "properties": { "id": "08f2a106cc91c0e303babcddea96b438", "name": "Famiglia Bistro Pizzeria", "confidence": 0.77, "socials": null }, "geometry": { "type": "Point", "coordinates": [ -74.2483554, 40.4280525 ] } },
{ "type": "Feature", "properties": { "id": "08f2a106cc916a6103cc040c2a777cd9", "name": "Attilio's Pizza Restaurant", "confidence": 0.77, "socials": null }, "geometry": { "type": "Point", "coordinates": [ -74.249054, 40.429085 ] } },
{ "type": "Feature", "properties": { "id": "08f2a106cc916b1c03f20adf75cd5268", "name": "Attilio's Ristorante & Pizzeria", "confidence": 0.97817198851157294, "socials": [ "https://www.facebook.com/169986533049014" ] }, "geometry": { "type": "Point", "coordinates": [ -74.2490507, 40.429202 ] } },
{ "type": "Feature", "properties": { "id": "08f2a106cd81327303b6cb0620c6bbda", "name": "Esposito's Pizza", "confidence": 0.97817198851157294, "socials": [ "https://www.facebook.com/133902343314673" ] }, "geometry": { "type": "Point", "coordinates": [ -74.2357091, 40.4083645 ] } },
{ "type": "Feature", "properties": { "id": "08f2a106cd830d5103b769d9270cba31", "name": "DiBari's Main Street Pizza", "confidence": 0.99497955735766175, "socials": [ "https://www.facebook.com/1175455742595895" ] }, "geometry": { "type": "Point", "coordinates": [ -74.2341814, 40.4090836 ] } },
{ "type": "Feature", "properties": { "id": "08f2a106eb29ea5b039b8b3f06658c64", "name": "Hott Carl's Pizza", "confidence": 0.35051546391752575, "socials": [ "https://www.facebook.com/173831139403684" ] }, "geometry": { "type": "Point", "coordinates": [ -74.2310143, 40.4126792 ] } },
{ "type": "Feature", "properties": { "id": "08f2a106e949a6db03fad32b384545c9", "name": "La Strada Pizza", "confidence": 0.99497955735766175, "socials": [ "https://www.facebook.com/282496922813" ] }, "geometry": { "type": "Point", "coordinates": [ -74.2152401, 40.4231663 ] } },
{ "type": "Feature", "properties": { "id": "08f2a106e9590052039b804271f2b648", "name": "Felicita Pizzeria and Mexican Restaurant", "confidence": 0.99497955735766175, "socials": [ "https://www.facebook.com/111624231111972" ] }, "geometry": { "type": "Point", "coordinates": [ -74.2126724, 40.4271507 ] } },
{ "type": "Feature", "properties": { "id": "08f2a106e921046803925edcf99dfcf3", "name": "Giuseppe Pizza and Restaurant", "confidence": 0.97817198851157294, "socials": [ "https://www.facebook.com/160592637335208" ] }, "geometry": { "type": "Point", "coordinates": [ -74.1973862, 40.41455 ] } },
{ "type": "Feature", "properties": { "id": "08f2a139b4cac9ac0387566ca74b9305", "name": "Salerno's Pizzeria", "confidence": 0.99497955735766175, "socials": [ "https://www.facebook.com/178210145670586" ] }, "geometry": { "type": "Point", "coordinates": [ -74.1873261, 40.4119388 ] } },
{ "type": "Feature", "properties": { "id": "08f2a106e910ccc603ccc5bc92561761", "name": "Ray's Real Pizza", "confidence": 0.97817198851157294, "socials": [ "https://www.facebook.com/121376251206257" ] }, "geometry": { "type": "Point", "coordinates": [ -74.1956655, 40.4241301 ] } },
{ "type": "Feature", "properties": { "id": "08f2a106e983215503b4b513eafe74ae", "name": "Papa John's Pizza", "confidence": 0.77, "socials": null }, "geometry": { "type": "Point", "coordinates": [ -74.1908793, 40.4286612 ] } },
{ "type": "Feature", "properties": { "id": "08f2a106e9b2e426031cec51e1099def", "name": "Briannis Pizza ", "confidence": 0.47268106734434556, "socials": [ "https://www.facebook.com/113216064998363" ] }, "geometry": { "type": "Point", "coordinates": [ -74.1845, 40.42252 ] } },
{ "type": "Feature", "properties": { "id": "08f2a106e9831499038321e6a8a3864f", "name": "Brianni's Pizza", "confidence": 0.77, "socials": null }, "geometry": { "type": "Point", "coordinates": [ -74.190349, 40.4283231 ] } },
{ "type": "Feature", "properties": { "id": "08f2a106e997616e03b4f521b97fe5f8", "name": "Angela's Pizza & Restaurant", "confidence": 0.97817198851157294, "socials": [ "https://www.facebook.com/129967287061461" ] }, "geometry": { "type": "Point", "coordinates": [ -74.1863311, 40.4292099 ] } },
{ "type": "Feature", "properties": { "id": "08f2a138c6ad082803a395f7837710f0", "name": "Bacoli Pizza", "confidence": 0.97817198851157294, "socials": [ "https://www.facebook.com/1774481069463673" ] }, "geometry": { "type": "Point", "coordinates": [ -74.1765061, 40.086742 ] } },
{ "type": "Feature", "properties": { "id": "08f2a138c09562d903017408dbabcd5d", "name": "Knockout Pizza", "confidence": 0.77, "socials": null }, "geometry": { "type": "Point", "coordinates": [ -74.1577828, 40.0795107 ] } },
{ "type": "Feature", "properties": { "id": "08f2a138c4873b96034066bf73f5d5f0", "name": "J & G Pizza", "confidence": 0.97817198851157294, "socials": [ "https://www.facebook.com/1410031109266936" ] }, "geometry": { "type": "Point", "coordinates": [ -74.1445109, 40.0958603 ] } },
{ "type": "Feature", "properties": { "id": "08f2a138c48748d303b849e90996b2c4", "name": "Domino's Pizza", "confidence": 0.99497955735766175, "socials": [ "https://www.facebook.com/287295262054384" ] }, "geometry": { "type": "Point", "coordinates": [ -74.1440691, 40.0966957 ] } },
{ "type": "Feature", "properties": { "id": "08f2a138e359506c03f9f2fb3846bf65", "name": "Nickolas Pizza & Restaurant", "confidence": 0.97817198851157294, "socials": [ "https://www.facebook.com/107451192099203" ] }, "geometry": { "type": "Point", "coordinates": [ -74.1385918, 40.0981619 ] } },
{ "type": "Feature", "properties": { "id": "08f2a138e2d89b99037c225605555464", "name": "Corsi's Pizza", "confidence": 0.99497955735766175, "socials": [ "https://www.facebook.com/174715922541498" ] }, "geometry": { "type": "Point", "coordinates": [ -74.1441133, 40.1198206 ] } },
{ "type": "Feature", "properties": { "id": "08f2a138e2d8040a03cd48c0f1c6a4b8", "name": "Four Boys Pizza", "confidence": 0.99497955735766175, "socials": [ "https://www.facebook.com/227121967443485" ] }, "geometry": { "type": "Point", "coordinates": [ -74.1451714, 40.121301 ] } },
{ "type": "Feature", "properties": { "id": "08f2a138e156dd0d036b000a98031ed0", "name": "Papa V's", "confidence": 0.99497955735766175, "socials": [ "https://www.facebook.com/169206799788345" ] }, "geometry": { "type": "Point", "coordinates": [ -74.0995289, 40.0962426 ] } },
{ "type": "Feature", "properties": { "id": "08f2a138e119395e03509d6a347397e1", "name": "Little Mia's Pizza", "confidence": 0.99497955735766175, "socials": [ "https://www.facebook.com/107097354904993" ] }, "geometry": { "type": "Point", "coordinates": [ -74.0992229, 40.0964411 ] } },
{ "type": "Feature", "properties": { "id": "08f2a138e1193b1d035bb46e61d789c3", "name": "Vinnie's Pizzeria & Family Restaurant", "confidence": 0.77, "socials": null }, "geometry": { "type": "Point", "coordinates": [ -74.099136352539105, 40.096401214599602 ] } },
{ "type": "Feature", "properties": { "id": "08f2a138e1cd92f40344f8d29a73b587", "name": "Cuzzins Pizza", "confidence": 0.77, "socials": null }, "geometry": { "type": "Point", "coordinates": [ -74.1006421, 40.09765 ] } },
{ "type": "Feature", "properties": { "id": "08f2a138ec55327003f176bdf01a3146", "name": "Little Caesars Pizza", "confidence": 0.99497955735766175, "socials": [ "https://www.facebook.com/124000914320599" ] }, "geometry": { "type": "Point", "coordinates": [ -74.0878588, 40.0782115 ] } },
{ "type": "Feature", "properties": { "id": "08f2a138ec50b1b103acffcaf9bad3e5", "name": "Alfredo's Restaurant & Pizzeria", "confidence": 0.77, "socials": null }, "geometry": { "type": "Point", "coordinates": [ -74.0884725, 40.0795544 ] } },
{ "type": "Feature", "properties": { "id": "08f2a138ec50b1b10310e2755fbefd0f", "name": "Alfredo's Pizzeria", "confidence": 0.99497955735766175, "socials": [ "https://www.facebook.com/728792387254965" ] }, "geometry": { "type": "Point", "coordinates": [ -74.0883369, 40.0795393 ] } },
{ "type": "Feature", "properties": { "id": "08f2a138eccc80510320a4981d8a692e", "name": "Maria's Pizza", "confidence": 0.99497955735766175, "socials": [ "https://www.facebook.com/1718215338416387" ] }, "geometry": { "type": "Point", "coordinates": [ -74.084066, 40.0799662 ] } },
{ "type": "Feature", "properties": { "id": "08f2a138ecce8b1903411428ece33f1c", "name": "Pat's Pizza", "confidence": 0.99497955735766175, "socials": [ "https://www.facebook.com/111469808891424" ] }, "geometry": { "type": "Point", "coordinates": [ -74.0824535, 40.080709 ] } },
{ "type": "Feature", "properties": { "id": "08f2a138ec8a5ade03c2f031f60cd92d", "name": "Pizza Express", "confidence": 0.99497955735766175, "socials": [ "https://www.facebook.com/572556902916656" ] }, "geometry": { "type": "Point", "coordinates": [ -74.0739566, 40.0820906 ] } },
{ "type": "Feature", "properties": { "id": "08f2a1385232c20603050b7c5596a0d4", "name": "Little Mia's Pizza", "confidence": 0.99497955735766175, "socials": [ "https://www.facebook.com/181893228538822" ] }, "geometry": { "type": "Point", "coordinates": [ -74.0595586, 40.0894517 ] } },
{ "type": "Feature", "properties": { "id": "08f2a138507a0a2b03371b6bf79740f7", "name": "Joey Tomato's", "confidence": 0.77, "socials": null }, "geometry": { "type": "Point", "coordinates": [ -74.048279, 40.09185 ] } },
{ "type": "Feature", "properties": { "id": "08f2a138e5d4206803f27f614bad0f1d", "name": "Lubrano's Trattoria", "confidence": 0.77, "socials": null }, "geometry": { "type": "Point", "coordinates": [ -74.08008805, 40.12049825 ] } },
{ "type": "Feature", "properties": { "id": "08f2a1385662dc4603778169556b2728", "name": "Pete's Pizza", "confidence": 0.85061855670103093, "socials": null }, "geometry": { "type": "Point", "coordinates": [ -74.0579294, 40.1078056 ] } },
{ "type": "Feature", "properties": { "id": "08f2a1380b249c6d0353bb72bb7f8ca8", "name": "Lubrano's Trattoria", "confidence": 0.77, "socials": null }, "geometry": { "type": "Point", "coordinates": [ -74.06198, 40.11967 ] } },
{ "type": "Feature", "properties": { "id": "08f2a138560b5399035e8336dd3d755f", "name": "Jimmy's Cucina", "confidence": 0.99497955735766175, "socials": [ "https://www.facebook.com/170773459783871" ] }, "geometry": { "type": "Point", "coordinates": [ -74.0557696, 40.1143847 ] } },
{ "type": "Feature", "properties": { "id": "08f2a13853d4c926037120575538a288", "name": "Ancient Bread Pizza", "confidence": 0.77, "socials": null }, "geometry": { "type": "Point", "coordinates": [ -74.0476837, 40.0841927 ] } },
{ "type": "Feature", "properties": { "id": "08f2a13853d4c95e03402f72626030e9", "name": "Luigi's Famous Pizza", "confidence": 0.99497955735766175, "socials": [ "https://www.facebook.com/1908625029423700" ] }, "geometry": { "type": "Point", "coordinates": [ -74.0476224, 40.0841521 ] } },
{ "type": "Feature", "properties": { "id": "08f2a138503b274e030180ac321999e0", "name": "Pizza Plus Inc", "confidence": 0.93837369560937189, "socials": [ "https://www.facebook.com/108163722559176" ] }, "geometry": { "type": "Point", "coordinates": [ -74.0371337, 40.0913394 ] } },
{ "type": "Feature", "properties": { "id": "08f2a138500e60c903d788171da7232c", "name": "Joey Tomato's", "confidence": 0.99497955735766175, "socials": [ "https://www.facebook.com/177040022224" ] }, "geometry": { "type": "Point", "coordinates": [ -74.0371058, 40.093932 ] } },
{ "type": "Feature", "properties": { "id": "08f2a138500e422803b678c4f68ef3eb", "name": "Joey Tomato's", "confidence": 0.77, "socials": null }, "geometry": { "type": "Point", "coordinates": [ -74.036779, 40.093879 ] } },
{ "type": "Feature", "properties": { "id": "08f2a13850cd3db0034a6a2d6e60d4d5", "name": "Jimmy's Cucina", "confidence": 0.99497955735766175, "socials": [ "https://www.facebook.com/217028275828953" ] }, "geometry": { "type": "Point", "coordinates": [ -74.0424947, 40.1007587 ] } },
{ "type": "Feature", "properties": { "id": "08f2a1385479ad75037615d87bf74bbc", "name": "First Ave Pizza", "confidence": 0.97817198851157294, "socials": [ "https://www.facebook.com/240764732702446" ] }, "geometry": { "type": "Point", "coordinates": [ -74.0342646, 40.1107684 ] } },
{ "type": "Feature", "properties": { "id": "08f2a1385699b1b6030cbd9cacfe8762", "name": "Esposito's Pizza", "confidence": 0.99497955735766175, "socials": [ "https://www.facebook.com/104528387605693" ] }, "geometry": { "type": "Point", "coordinates": [ -74.047402, 40.1204788 ] } },
{ "type": "Feature", "properties": { "id": "08f2a13854795a5603ed8cf5e3a0dbb1", "name": "Gee Gee's Pizza and Grill", "confidence": 0.97817198851157294, "socials": [ "https://www.facebook.com/511204912338273" ] }, "geometry": { "type": "Point", "coordinates": [ -74.0334207, 40.1116536 ] } },
{ "type": "Feature", "properties": { "id": "08f2a1380b399630031ce39c2efe8b87", "name": "Antonio's Trattoria Italiana Cucina", "confidence": 0.77, "socials": null }, "geometry": { "type": "Point", "coordinates": [ -74.0686891, 40.1250613 ] } },
{ "type": "Feature", "properties": { "id": "08f2a13856d62c8c03527177910e36c9", "name": "Manasquan Pizza", "confidence": 0.97817198851157294, "socials": [ "https://www.facebook.com/888030071572290" ] }, "geometry": { "type": "Point", "coordinates": [ -74.0496711, 40.1222143 ] } },
{ "type": "Feature", "properties": { "id": "08f2a13856d62c8c03464fa6d50472b4", "name": "Qua Pizza", "confidence": 0.77, "socials": null }, "geometry": { "type": "Point", "coordinates": [ -74.0495769, 40.1223077 ] } },
{ "type": "Feature", "properties": { "id": "08f2a1380b8d3c3203a6928181303443", "name": "Sea Girt Pizza Inc", "confidence": 0.77, "socials": null }, "geometry": { "type": "Point", "coordinates": [ -74.0629798, 40.134338 ] } },
{ "type": "Feature", "properties": { "id": "08f2a1380b8d3c3203cb6169fcfd1e87", "name": "Andy's Pizzeria", "confidence": 0.97817198851157294, "socials": [ "https://www.facebook.com/211088435425852" ] }, "geometry": { "type": "Point", "coordinates": [ -74.0625678, 40.1342833 ] } },
{ "type": "Feature", "properties": { "id": "08f2a13808081a9b0329f2b4a310de4e", "name": "Mossuto's Market & Cafe", "confidence": 0.77, "socials": null }, "geometry": { "type": "Point", "coordinates": [ -74.0571058, 40.1496085 ] } },
{ "type": "Feature", "properties": { "id": "08f2a1380818376d03fb683565081454", "name": "Mossutos Market & Cafe", "confidence": 0.77, "socials": null }, "geometry": { "type": "Point", "coordinates": [ -74.05584, 40.15223 ] } },
{ "type": "Feature", "properties": { "id": "08f2a13808cebc8c032dcbeabd9af488", "name": "Joe's Pizzeria & Restaurant II", "confidence": 0.35051546391752575, "socials": [ "https://www.facebook.com/421178082039989" ] }, "geometry": { "type": "Point", "coordinates": [ -74.056032, 40.155875 ] } },
{ "type": "Feature", "properties": { "id": "08f2a13808d0d62a03f2d7e3e28d67ac", "name": "Joe's Pizza II - Wall Township", "confidence": 0.77, "socials": null }, "geometry": { "type": "Point", "coordinates": [ -74.0529204, 40.1594314 ] } },
{ "type": "Feature", "properties": { "id": "08f2a13808d0886e032e8662cb533ceb", "name": "Joe's Pizzeria & Restaurant II", "confidence": 0.97817198851157294, "socials": [ "https://www.facebook.com/110493571305025" ] }, "geometry": { "type": "Point", "coordinates": [ -74.0527236, 40.1598364 ] } },
{ "type": "Feature", "properties": { "id": "08f2a1380c79c2340399896e228d9da3", "name": "Attilio's of Wall", "confidence": 0.77, "socials": null }, "geometry": { "type": "Point", "coordinates": [ -74.050553, 40.165483 ] } },
{ "type": "Feature", "properties": { "id": "08f2a138096e584b038ca3329e10d941", "name": "Domino's Pizza", "confidence": 0.99497955735766175, "socials": [ "https://www.facebook.com/555102091194496" ] }, "geometry": { "type": "Point", "coordinates": [ -74.0460111, 40.1248067 ] } },
{ "type": "Feature", "properties": { "id": "08f2a13809d8038103e641b7ccbf2b09", "name": "BENNY'S PIZZA", "confidence": 0.77, "socials": null }, "geometry": { "type": "Point", "coordinates": [ -74.0425431, 40.1422358 ] } },
{ "type": "Feature", "properties": { "id": "08f2a13809d813850328dccb67b6634d", "name": "Gunny's Pizza Restaurant", "confidence": 0.77, "socials": null }, "geometry": { "type": "Point", "coordinates": [ -74.042092, 40.142127 ] } },
{ "type": "Feature", "properties": { "id": "08f2a13809d83b040306ef9342aef736", "name": "Benny's Pizza and Subs", "confidence": 0.97817198851157294, "socials": [ "https://www.facebook.com/304238982953359" ] }, "geometry": { "type": "Point", "coordinates": [ -74.0423423, 40.1424443 ] } },
{ "type": "Feature", "properties": { "id": "08f2a13809156c090311816789e72eda", "name": "The Coal House", "confidence": 0.31588785046728973, "socials": [ "https://www.facebook.com/106517156801146" ] }, "geometry": { "type": "Point", "coordinates": [ -74.0354445, 40.1331849 ] } },
{ "type": "Feature", "properties": { "id": "08f2a1380d0b0224032ec4ea745c4cbe", "name": "SPRING LAKE PIZZA", "confidence": 0.77, "socials": null }, "geometry": { "type": "Point", "coordinates": [ -74.028245, 40.151861 ] } },
{ "type": "Feature", "properties": { "id": "08f2a1380c302601034a984dccd6f522", "name": "Fusaros Pizza Spring Lake Heights", "confidence": 0.71069587628865982, "socials": [ "https://www.facebook.com/105906798924350" ] }, "geometry": { "type": "Point", "coordinates": [ -74.03559, 40.16367 ] } },
{ "type": "Feature", "properties": { "id": "08f2a1380c3026010346305ff7c36e36", "name": "Naples Pizzeria", "confidence": 0.71069587628865982, "socials": [ "https://www.facebook.com/408133045865823" ] }, "geometry": { "type": "Point", "coordinates": [ -74.035556, 40.16373 ] } },
{ "type": "Feature", "properties": { "id": "08f2a1381365ed33037486f0034ba6e0", "name": "Pizza Twist", "confidence": 0.98296875, "socials": [ "https://www.facebook.com/106578712426169" ] }, "geometry": { "type": "Point", "coordinates": [ -74.1660625, 40.1931802 ] } },
{ "type": "Feature", "properties": { "id": "08f2a13813659c340351df38af148d97", "name": "Bruno's Pizza", "confidence": 0.98296875, "socials": [ "https://www.facebook.com/132213940188092" ] }, "geometry": { "type": "Point", "coordinates": [ -74.1659822, 40.1933671 ] } },
{ "type": "Feature", "properties": { "id": "08f2a138136550a403c2501865851005", "name": "Tony's Pizzeria", "confidence": 0.97817198851157294, "socials": [ "https://www.facebook.com/115359778489762" ] }, "geometry": { "type": "Point", "coordinates": [ -74.1660591, 40.1945558 ] } },
{ "type": "Feature", "properties": { "id": "08f2a13802381b5803458e220492c57b", "name": "Pizza Hut Express", "confidence": 0.77, "socials": null }, "geometry": { "type": "Point", "coordinates": [ -74.099096, 40.198307 ] } },
{ "type": "Feature", "properties": { "id": "08f2a13812c6960003d3aa515771892e", "name": "Doughboys Pizza", "confidence": 0.99497955735766175, "socials": [ "https://www.facebook.com/239208323500117" ] }, "geometry": { "type": "Point", "coordinates": [ -74.1731866, 40.2247392 ] } },
{ "type": "Feature", "properties": { "id": "08f2a138105a811c037c24ff4d150920", "name": "Geo's Pizza", "confidence": 0.77, "socials": null }, "geometry": { "type": "Point", "coordinates": [ -74.1564297, 40.2256688 ] } },
{ "type": "Feature", "properties": { "id": "08f2a13810c53891036155b1d2598732", "name": "Geo's Pizza", "confidence": 0.97817198851157294, "socials": [ "https://www.facebook.com/2360598347553980" ] }, "geometry": { "type": "Point", "coordinates": [ -74.1470346, 40.2264444 ] } },
{ "type": "Feature", "properties": { "id": "08f2a1380655a735033d0f3af4bfd649", "name": "Urban Pizza", "confidence": 0.97817198851157294, "socials": [ "https://www.facebook.com/100923992012653" ] }, "geometry": { "type": "Point", "coordinates": [ -74.09481, 40.2243735 ] } },
{ "type": "Feature", "properties": { "id": "08f2a138065543420362f10913b3417c", "name": "Urban Pizza", "confidence": 0.77, "socials": null }, "geometry": { "type": "Point", "coordinates": [ -74.0934381, 40.2257575 ] } },
{ "type": "Feature", "properties": { "id": "08f2a1380e16b351031f28c33a4a063a", "name": "Pasquale's Pizzeria", "confidence": 0.9961633011413521, "socials": [ "https://www.facebook.com/692892880788323" ] }, "geometry": { "type": "Point", "coordinates": [ -74.063209, 40.1673926 ] } },
{ "type": "Feature", "properties": { "id": "08f2a1380e16ba130362bbfa63a40f0d", "name": "Luke's Pizza", "confidence": 0.77, "socials": null }, "geometry": { "type": "Point", "coordinates": [ -74.063179, 40.167458 ] } },
{ "type": "Feature", "properties": { "id": "08f2a1380c79502203ca4a1009c50d17", "name": "Attilio's of Wall", "confidence": 0.77, "socials": null }, "geometry": { "type": "Point", "coordinates": [ -74.0506153, 40.1663765 ] } },
{ "type": "Feature", "properties": { "id": "08f2a1380c7a0683030595a8b35d2ea2", "name": "Vinnie's Pizza", "confidence": 0.97817198851157294, "socials": [ "https://www.facebook.com/289808861089834" ] }, "geometry": { "type": "Point", "coordinates": [ -74.0486499, 40.1666167 ] } },
{ "type": "Feature", "properties": { "id": "08f2a1380c7b6b3403381005509e9873", "name": "Attilios Pizza & Restaurant", "confidence": 0.77, "socials": null }, "geometry": { "type": "Point", "coordinates": [ -74.050115, 40.1675341 ] } },
{ "type": "Feature", "properties": { "id": "08f2a1380e9b546e03616299deeff3ff", "name": "Anthony's Pizza", "confidence": 0.99497955735766175, "socials": [ "https://www.facebook.com/847955671916652" ] }, "geometry": { "type": "Point", "coordinates": [ -74.0626538, 40.1772367 ] } },
{ "type": "Feature", "properties": { "id": "08f2a1380549c7160389b570e4c1ca36", "name": "Dominic's Pizzeria & Trattoria", "confidence": 0.77, "socials": null }, "geometry": { "type": "Point", "coordinates": [ -74.0566947, 40.2074092 ] } },
{ "type": "Feature", "properties": { "id": "08f2a1380549c7b30324d8efd4297171", "name": "Dominic's Pizzeria & Trattoria", "confidence": 0.97817198851157294, "socials": [ "https://www.facebook.com/200175920063331" ] }, "geometry": { "type": "Point", "coordinates": [ -74.0561894, 40.2073267 ] } },
{ "type": "Feature", "properties": { "id": "08f2a1380c95c82a03cec69e19b1a2d1", "name": "Reye's Pizza", "confidence": 0.97817198851157294, "socials": [ "https://www.facebook.com/204433202932080" ] }, "geometry": { "type": "Point", "coordinates": [ -74.0274246, 40.1742167 ] } },
{ "type": "Feature", "properties": { "id": "08f2a1380c9468310371c806b95cd97e", "name": "Pizzashop", "confidence": 0.77, "socials": null }, "geometry": { "type": "Point", "coordinates": [ -74.0269483, 40.1750218 ] } },
{ "type": "Feature", "properties": { "id": "08f2a1380c9444160392045e19b20e91", "name": "Eddy's Pizza Belmar", "confidence": 0.31588785046728973, "socials": [ "https://www.facebook.com/225952704157085" ] }, "geometry": { "type": "Point", "coordinates": [ -74.026905, 40.175058 ] } },
{ "type": "Feature", "properties": { "id": "08f2a1380c97129d0314e7bfaa2cdfd4", "name": "Vinnie's Cheesesteaks and Pizza", "confidence": 0.92595108695652173, "socials": [ "https://www.facebook.com/152978227892815" ] }, "geometry": { "type": "Point", "coordinates": [ -74.0268757, 40.1751008 ] } },
{ "type": "Feature", "properties": { "id": "08f2a1382b54b42d03c9deec240aed8f", "name": "Mamalukes Pizza", "confidence": 0.97817198851157294, "socials": [ "https://www.facebook.com/447275952079442" ] }, "geometry": { "type": "Point", "coordinates": [ -74.0161398, 40.1707232 ] } },
{ "type": "Feature", "properties": { "id": "08f2a1382b541cdc03e5bc77ef52d079", "name": "3 Brothers From Italy", "confidence": 0.99497955735766175, "socials": [ "https://www.facebook.com/143281505718851" ] }, "geometry": { "type": "Point", "coordinates": [ -74.0157649, 40.1718875 ] } },
{ "type": "Feature", "properties": { "id": "08f2a1382b54564903f66d7037ab5e9a", "name": "Vineyard Ice Cream ™", "confidence": 0.47268106734434556, "socials": [ "https://www.facebook.com/78408578391" ] }, "geometry": { "type": "Point", "coordinates": [ -74.0156443, 40.1720182 ] } },
{ "type": "Feature", "properties": { "id": "08f2a1382a2aba2c0328e0db6f0c45ab", "name": "F Street Social", "confidence": 0.97817198851157294, "socials": [ "https://www.facebook.com/103197055973047" ] }, "geometry": { "type": "Point", "coordinates": [ -74.0255167, 40.179009 ] } },
{ "type": "Feature", "properties": { "id": "08f2a1382a2a56c3031726059154a343", "name": "DON'S", "confidence": 0.53885630498533721, "socials": [ "https://www.facebook.com/133922283296561" ] }, "geometry": { "type": "Point", "coordinates": [ -74.0254101, 40.1804733 ] } },
{ "type": "Feature", "properties": { "id": "08f2a1382a2a541503f0404f3356f77c", "name": "Don's Pizza King", "confidence": 0.77, "socials": null }, "geometry": { "type": "Point", "coordinates": [ -74.02546, 40.18062 ] } },
{ "type": "Feature", "properties": { "id": "08f2a1382a3819680343109508d5e31a", "name": "Federico's Pizza & Restaurant", "confidence": 0.99497955735766175, "socials": [ "https://www.facebook.com/229492493923256" ] }, "geometry": { "type": "Point", "coordinates": [ -74.0244566, 40.1821709 ] } },
{ "type": "Feature", "properties": { "id": "08f2a1382a05ba7203ea840bf9a12b9b", "name": "Pizza Heaven", "confidence": 0.97817198851157294, "socials": [ "https://www.facebook.com/111305915061064" ] }, "geometry": { "type": "Point", "coordinates": [ -74.0241116, 40.1838517 ] } },
{ "type": "Feature", "properties": { "id": "08f2a1382a05b0b00353444a0f18c0bf", "name": "Doughboys Authentic Wood Fired Pizza", "confidence": 0.77, "socials": null }, "geometry": { "type": "Point", "coordinates": [ -74.0245498, 40.183989 ] } },
{ "type": "Feature", "properties": { "id": "08f2a1382bc1450303f620f74651a914", "name": "J's Pizza", "confidence": 0.99497955735766175, "socials": [ "https://www.facebook.com/105345282144130" ] }, "geometry": { "type": "Point", "coordinates": [ -74.0133765, 40.1783433 ] } },
{ "type": "Feature", "properties": { "id": "08f2a1380528b71e033225f74670691b", "name": "River Hills Cafe and Bistro (formerly John's Cracker Barrel)", "confidence": 0.77, "socials": null }, "geometry": { "type": "Point", "coordinates": [ -74.0426262, 40.1961535 ] } },
{ "type": "Feature", "properties": { "id": "08f2a138050a41a80394a80083a9a989", "name": "Tony's Pizzeria & Restaurant", "confidence": 0.77, "socials": null }, "geometry": { "type": "Point", "coordinates": [ -74.0435069, 40.2067311 ] } },
{ "type": "Feature", "properties": { "id": "08f2a1380518b50c035b2c9882e0ae25", "name": "Tonys Pizzeria", "confidence": 0.97817198851157294, "socials": [ "https://www.facebook.com/197696226943600" ] }, "geometry": { "type": "Point", "coordinates": [ -74.0429975, 40.2068659 ] } },
{ "type": "Feature", "properties": { "id": "08f2a1380530c0f003724a9c042b2b1a", "name": "Bruno's Pizza & Subs", "confidence": 0.77, "socials": null }, "geometry": { "type": "Point", "coordinates": [ -74.03570708, 40.19974734 ] } },
{ "type": "Feature", "properties": { "id": "08f2a1380530c12003ec8396a18cb510", "name": "Bruno's Pizza & Subs", "confidence": 0.97817198851157294, "socials": [ "https://www.facebook.com/255533637794783" ] }, "geometry": { "type": "Point", "coordinates": [ -74.0356682, 40.1998759 ] } },
{ "type": "Feature", "properties": { "id": "08f2a1382ada639d03166c77622f2069", "name": "Pete & Elda's Bar / Carmen's Pizzeria", "confidence": 0.99497955735766175, "socials": [ "https://www.facebook.com/116216105076377" ] }, "geometry": { "type": "Point", "coordinates": [ -74.0287839, 40.199161 ] } },
{ "type": "Feature", "properties": { "id": "08f2a13805a092f0033978d55eedba4c", "name": "Nanno's Pizza & Grill", "confidence": 0.83701555869872701, "socials": null }, "geometry": { "type": "Point", "coordinates": [ -74.029395, 40.2016385 ] } },
{ "type": "Feature", "properties": { "id": "08f2a13805a71ca0035522bac2b2fa24", "name": "Domino's Pizza", "confidence": 0.99497955735766175, "socials": [ "https://www.facebook.com/200715796751749" ] }, "geometry": { "type": "Point", "coordinates": [ -74.027772, 40.2016298 ] } },
{ "type": "Feature", "properties": { "id": "08f2a1382a8847820394847fa68b9126", "name": "Michael's Pizzeria", "confidence": 0.99497955735766175, "socials": [ "https://www.facebook.com/1981893208769689" ] }, "geometry": { "type": "Point", "coordinates": [ -74.0212603, 40.1933715 ] } },
{ "type": "Feature", "properties": { "id": "08f2a1382ac7086203d97c735c49dac6", "name": "Santino's Pizza", "confidence": 0.99497955735766175, "socials": [ "https://www.facebook.com/106871547883850" ] }, "geometry": { "type": "Point", "coordinates": [ -74.0255485, 40.1941852 ] } },
{ "type": "Feature", "properties": { "id": "08f2a1382e70338e034025e7bdebe949", "name": "Del Ponte's Coal Fired Pizza", "confidence": 0.99497955735766175, "socials": [ "https://www.facebook.com/177401078977685" ] }, "geometry": { "type": "Point", "coordinates": [ -74.0176786, 40.2031098 ] } },
{ "type": "Feature", "properties": { "id": "08f2a1382e703ac00363642d26d2a182", "name": "Coal Fired Brick Oven Pizza", "confidence": 0.29137199434229144, "socials": [ "https://www.facebook.com/111340652257496" ] }, "geometry": { "type": "Point", "coordinates": [ -74.017492, 40.203177 ] } },
{ "type": "Feature", "properties": { "id": "08f2a1382e0984a203893702d2725cc8", "name": "Rocco's Pizza", "confidence": 0.99497955735766175, "socials": [ "https://www.facebook.com/105005998128225" ] }, "geometry": { "type": "Point", "coordinates": [ -74.0169289, 40.2056566 ] } },
{ "type": "Feature", "properties": { "id": "08f2a1382e09841103e2624d386edcef", "name": "Pizza on Main", "confidence": 0.77, "socials": null }, "geometry": { "type": "Point", "coordinates": [ -74.016796, 40.20561 ] } },
{ "type": "Feature", "properties": { "id": "08f2a1380291ac6803c0d36b485e8a81", "name": "Delvetto's Pizzeria & Pub", "confidence": 0.99497955735766175, "socials": [ "https://www.facebook.com/712745162456081" ] }, "geometry": { "type": "Point", "coordinates": [ -74.0908444, 40.2111745 ] } },
{ "type": "Feature", "properties": { "id": "08f2a138045acd160369a58b4478b4bb", "name": "Ninos Bistro Express", "confidence": 0.77, "socials": null }, "geometry": { "type": "Point", "coordinates": [ -74.067408796295169, 40.228757187555033 ] } },
{ "type": "Feature", "properties": { "id": "08f2a138045acd100368fcb27b194ac1", "name": "Ninos Bistro Express", "confidence": 0.98331870061457416, "socials": [ "https://www.facebook.com/164911923377629" ] }, "geometry": { "type": "Point", "coordinates": [ -74.0674024, 40.2287558 ] } },
{ "type": "Feature", "properties": { "id": "08f2a1383161c37303862e21ac3cde0b", "name": "Domino's Pizza", "confidence": 0.99497955735766175, "socials": [ "https://www.facebook.com/134631043407898" ] }, "geometry": { "type": "Point", "coordinates": [ -74.0806815, 40.2356798 ] } },
{ "type": "Feature", "properties": { "id": "08f2a13831621a5b03f2eb485d52aa46", "name": "The Original Attilio's Pizza", "confidence": 0.99497955735766175, "socials": [ "https://www.facebook.com/355701061261133" ] }, "geometry": { "type": "Point", "coordinates": [ -74.0783532, 40.2363165 ] } },
{ "type": "Feature", "properties": { "id": "08f2a138059227b103f93bf80e44c3b1", "name": "Neptune Pizza", "confidence": 0.97817198851157294, "socials": [ "https://www.facebook.com/364013887102279" ] }, "geometry": { "type": "Point", "coordinates": [ -74.0300155, 40.2145589 ] } },
{ "type": "Feature", "properties": { "id": "08f2a1382349b2f60346d768b8b86070", "name": "Maurizio's Pizzeria", "confidence": 0.97817198851157294, "socials": [ "https://www.facebook.com/400671923281046" ] }, "geometry": { "type": "Point", "coordinates": [ -74.0431389, 40.2252984 ] } },
{ "type": "Feature", "properties": { "id": "08f2a138234e4c19032467d45d9703ed", "name": "Papa John's Pizza", "confidence": 0.99497955735766175, "socials": [ "https://www.facebook.com/202848749741161" ] }, "geometry": { "type": "Point", "coordinates": [ -74.0379735, 40.2253456 ] } },
{ "type": "Feature", "properties": { "id": "08f2a13823419561030430aca81cd33b", "name": "Papa John's Pizza", "confidence": 0.77, "socials": null }, "geometry": { "type": "Point", "coordinates": [ -74.0375913, 40.225606 ] } },
{ "type": "Feature", "properties": { "id": "08f2a138234917b403ec0747d6fe5b6f", "name": "Maurizio Pizzeria", "confidence": 0.77, "socials": null }, "geometry": { "type": "Point", "coordinates": [ -74.043002, 40.2265658 ] } },
{ "type": "Feature", "properties": { "id": "08f2a1380492a8680384b001481db246", "name": "Pizza Hut", "confidence": 0.97817198851157294, "socials": [ "https://www.facebook.com/134720777077313" ] }, "geometry": { "type": "Point", "coordinates": [ -74.0447837, 40.2311531 ] } },
{ "type": "Feature", "properties": { "id": "08f2a1380492a868035778d54a6bda1c", "name": "Pizza Hut Express", "confidence": 0.77, "socials": null }, "geometry": { "type": "Point", "coordinates": [ -74.044850836539752, 40.231457872732683 ] } },
{ "type": "Feature", "properties": { "id": "08f2a1382343352c03372ab860b4dbcd", "name": "Pizza Hut", "confidence": 0.97817198851157294, "socials": [ "https://www.facebook.com/100865019240602" ] }, "geometry": { "type": "Point", "coordinates": [ -74.0382663, 40.227539 ] } },
{ "type": "Feature", "properties": { "id": "08f2a138232e4c6803289e55ad3278e4", "name": "Mr Pizza Fried Chicken", "confidence": 0.77, "socials": null }, "geometry": { "type": "Point", "coordinates": [ -74.024765, 40.215184 ] } },
{ "type": "Feature", "properties": { "id": "08f2a138232e4c6903030b50fc05ac24", "name": "Mr. Pizza and Fried Chicken", "confidence": 0.99497955735766175, "socials": [ "https://www.facebook.com/112338690143239" ] }, "geometry": { "type": "Point", "coordinates": [ -74.0247319, 40.2152647 ] } },
{ "type": "Feature", "properties": { "id": "08f2a1382ec1841d03e72d75ff3a145a", "name": "Luigi's Restaurant and Pizza", "confidence": 0.99497955735766175, "socials": [ "https://www.facebook.com/380699132005187" ] }, "geometry": { "type": "Point", "coordinates": [ -74.0149265, 40.2133758 ] } },
{ "type": "Feature", "properties": { "id": "08f2a1382ed89993031a944cb814075e", "name": "Super Spot Food Store", "confidence": 0.97817198851157294, "socials": [ "https://www.facebook.com/1714471755457018" ] }, "geometry": { "type": "Point", "coordinates": [ -74.01509, 40.2154 ] } },
{ "type": "Feature", "properties": { "id": "08f2a1382ed8910303a3631645512463", "name": "Mr. Spot Pizza", "confidence": 0.77, "socials": null }, "geometry": { "type": "Point", "coordinates": [ -74.015091, 40.215402 ] } },
{ "type": "Feature", "properties": { "id": "08f2a1382ec25d49038e4b60edbd346e", "name": "Crust & Crumble Pizzeria", "confidence": 0.97817198851157294, "socials": [ "https://www.facebook.com/113950598635920" ] }, "geometry": { "type": "Point", "coordinates": [ -74.0117901, 40.2151873 ] } },
{ "type": "Feature", "properties": { "id": "08f2a1382e8809400395b66323eae192", "name": "Osteria Procaccini", "confidence": 0.31588785046728973, "socials": [ "https://www.facebook.com/234061144013835" ] }, "geometry": { "type": "Point", "coordinates": [ -74.007044, 40.211933 ] } },
{ "type": "Feature", "properties": { "id": "08f2a1382e8846eb03f8c924ca141b5d", "name": "Tino's Artisan Pizza Co.", "confidence": 0.97817198851157294, "socials": [ "https://www.facebook.com/140911233225729" ] }, "geometry": { "type": "Point", "coordinates": [ -74.0070258, 40.212024 ] } },
{ "type": "Feature", "properties": { "id": "08f2a1382ed0385603bc19e44fd75761", "name": "Killer Pies", "confidence": 0.99497955735766175, "socials": [ "https://www.facebook.com/109102338410284" ] }, "geometry": { "type": "Point", "coordinates": [ -74.0117244, 40.2165273 ] } },
{ "type": "Feature", "properties": { "id": "08f2a1382ed292e303c760fc8ede018d", "name": "Talula's", "confidence": 0.97817198851157294, "socials": [ "https://www.facebook.com/882753191740976" ] }, "geometry": { "type": "Point", "coordinates": [ -74.009745, 40.2161299 ] } },
{ "type": "Feature", "properties": { "id": "08f2a1382ed32b35034fc0a1bee814be", "name": "Future Pizza", "confidence": 0.9795387149917627, "socials": [ "https://www.facebook.com/105865781376631" ] }, "geometry": { "type": "Point", "coordinates": [ -74.0123452, 40.2183959 ] } },
{ "type": "Feature", "properties": { "id": "08f2a1382ed36063036b08f785d4ac1b", "name": "Joe’s Rotisseria Asbury Park", "confidence": 0.97817198851157294, "socials": [ "https://www.facebook.com/109657274093532" ] }, "geometry": { "type": "Point", "coordinates": [ -74.0123436, 40.2184129 ] } },
{ "type": "Feature", "properties": { "id": "08f2a13823a462c203e53ff1a1e622d2", "name": "Parmagianni", "confidence": 0.89363057324840767, "socials": [ "https://www.facebook.com/108831174687480" ] }, "geometry": { "type": "Point", "coordinates": [ -74.0140983, 40.2196706 ] } },
{ "type": "Feature", "properties": { "id": "08f2a1382ed3606003d01be996707663", "name": "Joe's Rotisseria", "confidence": 0.77, "socials": null }, "geometry": { "type": "Point", "coordinates": [ -74.012131, 40.218368 ] } },
{ "type": "Feature", "properties": { "id": "08f2a13823a618ad03b565b05e1e8b49", "name": "TJ's Pizza", "confidence": 0.99497955735766175, "socials": [ "https://www.facebook.com/309327635800033" ] }, "geometry": { "type": "Point", "coordinates": [ -74.0120489, 40.2200521 ] } },
{ "type": "Feature", "properties": { "id": "08f2a138214c054b03209d95c293f03f", "name": "Medusa Stone Fired Kitchen", "confidence": 0.71069587628865982, "socials": [ "https://www.facebook.com/1762590247329564" ] }, "geometry": { "type": "Point", "coordinates": [ -74.0098866, 40.224901 ] } },
{ "type": "Feature", "properties": { "id": "08f2a1382148caa803175ed0daa7f47c", "name": "The Galley Pizza & Eatery", "confidence": 0.9961633011413521, "socials": [ "https://www.facebook.com/370916456839959" ] }, "geometry": { "type": "Point", "coordinates": [ -74.0110548, 40.2266478 ] } },
{ "type": "Feature", "properties": { "id": "08f2a138223093a203d650c127ceaf05", "name": "Tramonto's Pizza", "confidence": 0.9961633011413521, "socials": [ "https://www.facebook.com/100908839733786" ] }, "geometry": { "type": "Point", "coordinates": [ -74.0363388, 40.2354369 ] } },
{ "type": "Feature", "properties": { "id": "08f2a13822d73840034eae91b09011f6", "name": "Rizzo's Pizza", "confidence": 0.97817198851157294, "socials": [ "https://www.facebook.com/120514781298967" ] }, "geometry": { "type": "Point", "coordinates": [ -74.0406659, 40.2511045 ] } },
{ "type": "Feature", "properties": { "id": "08f2a13823d55a6403a120024d5749a6", "name": "Nick's Pizza and Grill", "confidence": 0.99497955735766175, "socials": [ "https://www.facebook.com/227077707145805" ] }, "geometry": { "type": "Point", "coordinates": [ -74.0254162, 40.2326612 ] } },
{ "type": "Feature", "properties": { "id": "08f2a13820373d8c03bda8b2305ec185", "name": "Serpico's Pizzeria & Restaurant", "confidence": 0.97817198851157294, "socials": [ "https://www.facebook.com/111619398877005" ] }, "geometry": { "type": "Point", "coordinates": [ -74.0064256, 40.2365702 ] } },
{ "type": "Feature", "properties": { "id": "08f2a1382175546a03ab9f2f2e0babb5", "name": "Porta Pizzeria", "confidence": 0.21337126600284495, "socials": [ "https://www.facebook.com/1667445763493025" ] }, "geometry": { "type": "Point", "coordinates": [ -74.0021676, 40.2202071 ] } },
{ "type": "Feature", "properties": { "id": "08f2a1398e22eb8c038e7fe83e8339c4", "name": "Gianni's Colts Neck Pizza", "confidence": 0.97817198851157294, "socials": [ "https://www.facebook.com/281243995245604" ] }, "geometry": { "type": "Point", "coordinates": [ -74.1740581, 40.2860292 ] } },
{ "type": "Feature", "properties": { "id": "08f2a139a827392e03f48a79433aaf83", "name": "MJ's Restaurant Bar and Grill", "confidence": 0.97817198851157294, "socials": [ "https://www.facebook.com/151204541556677" ] }, "geometry": { "type": "Point", "coordinates": [ -74.1002029, 40.3047165 ] } },
{ "type": "Feature", "properties": { "id": "08f2a139ae0098ad03f6073de4ab4d10", "name": "Joyce's Subs and Pizza", "confidence": 0.97817198851157294, "socials": [ "https://www.facebook.com/395760042106" ] }, "geometry": { "type": "Point", "coordinates": [ -74.1193164, 40.3308675 ] } },
{ "type": "Feature", "properties": { "id": "08f2a139ae003c6303fc7d353329313a", "name": "Luigi's Famous Pizza and Catering", "confidence": 0.97817198851157294, "socials": [ "https://www.facebook.com/113269535376688" ] }, "geometry": { "type": "Point", "coordinates": [ -74.1204316, 40.331894 ] } },
{ "type": "Feature", "properties": { "id": "08f2a139ae02dc4e03e15c1720d8cf4d", "name": "Attilio's Villagio Restaurant & Pizzeria", "confidence": 0.99497955735766175, "socials": [ "https://www.facebook.com/320064458036041" ] }, "geometry": { "type": "Point", "coordinates": [ -74.1188652, 40.3320376 ] } },
{ "type": "Feature", "properties": { "id": "08f2a13834789da803d584f2d5053239", "name": "Capelli Pizza", "confidence": 0.77, "socials": null }, "geometry": { "type": "Point", "coordinates": [ -74.0831945, 40.274088 ] } },
{ "type": "Feature", "properties": { "id": "08f2a13834db42b503cf808f65e228a4", "name": "Maurizio Pizzeria & Italian Ristorante", "confidence": 0.77, "socials": null }, "geometry": { "type": "Point", "coordinates": [ -74.0780845, 40.2900295 ] } },
{ "type": "Feature", "properties": { "id": "08f2a1391a32899a033547cdcb67c2a8", "name": "Olivia's II Pizza and Pasta", "confidence": 0.97817198851157294, "socials": [ "https://www.facebook.com/142433732483947" ] }, "geometry": { "type": "Point", "coordinates": [ -74.0532575, 40.29168 ] } },
{ "type": "Feature", "properties": { "id": "08f2a1391aa95d4003b1886716ef0859", "name": "Ruffino's Pizza & Italian Restaurant", "confidence": 0.77, "socials": null }, "geometry": { "type": "Point", "coordinates": [ -74.0536741, 40.2951433 ] } },
{ "type": "Feature", "properties": { "id": "08f2a1391a14509303baf62b642afea8", "name": "Domino's Pizza", "confidence": 0.99497955735766175, "socials": [ "https://www.facebook.com/177524839083450" ] }, "geometry": { "type": "Point", "coordinates": [ -74.0545707, 40.2972209 ] } },
{ "type": "Feature", "properties": { "id": "08f2a1383586060e0331af10ef6d6908", "name": "Merendino's Pizza & Ristorante", "confidence": 0.99497955735766175, "socials": [ "https://www.facebook.com/116816375009581" ] }, "geometry": { "type": "Point", "coordinates": [ -74.0461861, 40.2639301 ] } },
{ "type": "Feature", "properties": { "id": "08f2a13826413a9b03680eb92e1f5b4b", "name": "PEEL", "confidence": 0.99497955735766175, "socials": [ "https://www.facebook.com/102610738130073" ] }, "geometry": { "type": "Point", "coordinates": [ -74.0405173, 40.263347 ] } },
{ "type": "Feature", "properties": { "id": "08f2a13826413a9b035f8aa8a278a8fb", "name": "Oakhurst Pizza & Family Restaurant", "confidence": 0.77, "socials": null }, "geometry": { "type": "Point", "coordinates": [ -74.0407051, 40.263765 ] } },
{ "type": "Feature", "properties": { "id": "08f2a139192d45b6031fbca35095aa35", "name": "Attilio Pizzeria", "confidence": 0.97817198851157294, "socials": [ "https://www.facebook.com/410575265811748" ] }, "geometry": { "type": "Point", "coordinates": [ -74.0152873, 40.2702498 ] } },
{ "type": "Feature", "properties": { "id": "08f2a1391928a06303c4c184a8358829", "name": "Gianni's Pizzeria", "confidence": 0.97817198851157294, "socials": [ "https://www.facebook.com/679344008893794" ] }, "geometry": { "type": "Point", "coordinates": [ -74.0160898, 40.2708671 ] } },
{ "type": "Feature", "properties": { "id": "08f2a139180c60a003112b2a4c1f4f41", "name": "Attilio Ristorante - Pizzeria", "confidence": 0.77, "socials": null }, "geometry": { "type": "Point", "coordinates": [ -74.03207479, 40.29555272 ] } },
{ "type": "Feature", "properties": { "id": "08f2a139180ee51c03a6b17e0026732a", "name": "Mancino's Pizzeria & Pasta", "confidence": 0.99497955735766175, "socials": [ "https://www.facebook.com/217972264728677" ] }, "geometry": { "type": "Point", "coordinates": [ -74.0319858, 40.2956511 ] } },
{ "type": "Feature", "properties": { "id": "08f2a1391805a36e039efca089989a09", "name": "Lupo Pizzeria", "confidence": 0.99497955735766175, "socials": [ "https://www.facebook.com/2165872200319253" ] }, "geometry": { "type": "Point", "coordinates": [ -74.0291809, 40.2945044 ] } },
{ "type": "Feature", "properties": { "id": "08f2a139180ee51c031cd81c4541c026", "name": "Mancino's Pizzeria & Pastaria", "confidence": 0.77, "socials": null }, "geometry": { "type": "Point", "coordinates": [ -74.030609, 40.2953498 ] } },
{ "type": "Feature", "properties": { "id": "08f2a13918052c6503098f0c7e32f4c0", "name": "Attilio Ristorante & Pizzeria", "confidence": 0.77, "socials": null }, "geometry": { "type": "Point", "coordinates": [ -74.0294792, 40.2957759 ] } },
{ "type": "Feature", "properties": { "id": "08f2a1391952814003d375ea8e49272e", "name": "Joe's Pizzeria & Restaurant", "confidence": 0.71069587628865982, "socials": [ "https://www.facebook.com/110070662362677" ] }, "geometry": { "type": "Point", "coordinates": [ -74.021109, 40.284602 ] } },
{ "type": "Feature", "properties": { "id": "08f2a139195288e203086cdb03c24f34", "name": "Joes Pizza III", "confidence": 0.98113699906803353, "socials": [ "https://www.facebook.com/1003952206446769" ] }, "geometry": { "type": "Point", "coordinates": [ -74.0211291, 40.2847093 ] } },
{ "type": "Feature", "properties": { "id": "08f2a13919ccb0980342b0fe9667a090", "name": "Nelly's Grill Pizzeria", "confidence": 0.77, "socials": null }, "geometry": { "type": "Point", "coordinates": [ -74.018544, 40.283552 ] } },
{ "type": "Feature", "properties": { "id": "08f2a13919cca25403cc5ac1a4919ca3", "name": "Nelly's Pizza", "confidence": 0.97817198851157294, "socials": [ "https://www.facebook.com/46760086831" ] }, "geometry": { "type": "Point", "coordinates": [ -74.018669, 40.2836834 ] } },
{ "type": "Feature", "properties": { "id": "08f2a13919cca36003e64b36264fd357", "name": "Nelly's Grill & Pizzeria", "confidence": 0.77, "socials": null }, "geometry": { "type": "Point", "coordinates": [ -74.0186005, 40.2837964 ] } },
{ "type": "Feature", "properties": { "id": "08f2a13919cdbd8403113c06e350cb0f", "name": "Papa John's Pizza", "confidence": 0.99497955735766175, "socials": [ "https://www.facebook.com/196073570413723" ] }, "geometry": { "type": "Point", "coordinates": [ -74.0200388, 40.2841313 ] } },
{ "type": "Feature", "properties": { "id": "08f2a13919c1a9b603fcda4c4b3a8f72", "name": "La Scarpetta Italian Grill and Pizzeria", "confidence": 0.9961633011413521, "socials": [ "https://www.facebook.com/115985311762900" ] }, "geometry": { "type": "Point", "coordinates": [ -74.0180677, 40.2871533 ] } },
{ "type": "Feature", "properties": { "id": "08f2a1391ad506ea03d487448371a8db", "name": "Belo Pizzeria", "confidence": 0.9961633011413521, "socials": [ "https://www.facebook.com/100919175929634" ] }, "geometry": { "type": "Point", "coordinates": [ -74.0592346, 40.305147 ] } },
{ "type": "Feature", "properties": { "id": "08f2a1391ad506ea03fd47ae3c40c510", "name": "Siino's Pizzeria", "confidence": 0.77, "socials": null }, "geometry": { "type": "Point", "coordinates": [ -74.0591738, 40.3051768 ] } },
{ "type": "Feature", "properties": { "id": "08f2a139adb81519032a7ac25b9e6da1", "name": "Federico's Pizza", "confidence": 0.99497955735766175, "socials": [ "https://www.facebook.com/208066273201" ] }, "geometry": { "type": "Point", "coordinates": [ -74.0662218, 40.3149991 ] } },
{ "type": "Feature", "properties": { "id": "08f2a139ad9483aa03b7316392680368", "name": "Mangia Brick Oven Pizza", "confidence": 0.99497955735766175, "socials": [ "https://www.facebook.com/1749660075269494" ] }, "geometry": { "type": "Point", "coordinates": [ -74.0616249, 40.3161906 ] } },
{ "type": "Feature", "properties": { "id": "08f2a139ad9483aa0317a62cafcfc9b2", "name": "Mangia Brick Oven Pizza", "confidence": 0.77, "socials": null }, "geometry": { "type": "Point", "coordinates": [ -74.06196, 40.31943 ] } },
{ "type": "Feature", "properties": { "id": "08f2a139134366a303e8e05029bfd65b", "name": "Fredy Jeremy's Restaurante", "confidence": 0.77, "socials": null }, "geometry": { "type": "Point", "coordinates": [ -74.0723479, 40.3375604 ] } },
{ "type": "Feature", "properties": { "id": "08f2a13913cf0a8303776730b724f969", "name": "Gianni's Pizzeria", "confidence": 0.97817198851157294, "socials": [ "https://www.facebook.com/113427310060650" ] }, "geometry": { "type": "Point", "coordinates": [ -74.0654934, 40.3399875 ] } },
{ "type": "Feature", "properties": { "id": "08f2a13918d829160396aaacec546f37", "name": "Gigi's Pizza Oceanport", "confidence": 0.77, "socials": null }, "geometry": { "type": "Point", "coordinates": [ -74.0346903, 40.3084569 ] } },
{ "type": "Feature", "properties": { "id": "08f2a13918d82d6603431614efd71c8a", "name": "Gigi's Oceanport Pizza", "confidence": 0.97817198851157294, "socials": [ "https://www.facebook.com/106722877666891" ] }, "geometry": { "type": "Point", "coordinates": [ -74.0346849, 40.3084771 ] } },
{ "type": "Feature", "properties": { "id": "08f2a139188508ac03ce0e652c24e448", "name": "Bombay Curry Pizza La Quinta West Long Branch", "confidence": 0.92595108695652173, "socials": [ "https://www.facebook.com/387892171068330" ] }, "geometry": { "type": "Point", "coordinates": [ -74.0208858, 40.3011351 ] } },
{ "type": "Feature", "properties": { "id": "08f2a1391d4ec4dc033e8c48f5b019ba", "name": "Brother's Pizza", "confidence": 0.99497955735766175, "socials": [ "https://www.facebook.com/154192315317561" ] }, "geometry": { "type": "Point", "coordinates": [ -74.01113, 40.29841 ] } },
{ "type": "Feature", "properties": { "id": "08f2a1391d5994b5036c8c950a005581", "name": "Zachary's", "confidence": 0.97817198851157294, "socials": [ "https://www.facebook.com/130207730392252" ] }, "geometry": { "type": "Point", "coordinates": [ -74.0140296, 40.3024524 ] } },
{ "type": "Feature", "properties": { "id": "08f2a1391c605c0a0314ec8124a00080", "name": "Enzo's Pizza and Subs", "confidence": 0.97817198851157294, "socials": [ "https://www.facebook.com/2009143399360583" ] }, "geometry": { "type": "Point", "coordinates": [ -74.0233457, 40.3112971 ] } },
{ "type": "Feature", "properties": { "id": "08f2a1391c78549103cfa3e773b279c0", "name": "Federicosonmain Oceanport", "confidence": 0.71069587628865982, "socials": [ "https://www.facebook.com/103051861460233" ] }, "geometry": { "type": "Point", "coordinates": [ -74.025724, 40.31384 ] } },
{ "type": "Feature", "properties": { "id": "08f2a1391ddb564303e7027d06d0ac7c", "name": "Sacco's Pizzeria", "confidence": 0.77, "socials": null }, "geometry": { "type": "Point", "coordinates": [ -74.0044869, 40.3100746 ] } },
{ "type": "Feature", "properties": { "id": "08f2a1391e9ac4f203049b9d1db863d9", "name": "Luigi's Famous Pizza", "confidence": 0.99497955735766175, "socials": [ "https://www.facebook.com/441748942578900" ] }, "geometry": { "type": "Point", "coordinates": [ -74.0377479, 40.3239676 ] } },
{ "type": "Feature", "properties": { "id": "08f2a139116c03a8037c4f9e1edea368", "name": "Palumbo's Pizza & Restaurant", "confidence": 0.77, "socials": null }, "geometry": { "type": "Point", "coordinates": [ -74.04132041, 40.32639193 ] } },
{ "type": "Feature", "properties": { "id": "08f2a1391151990403f1cea7d78c6db1", "name": "Olivia's Trattoria & Artisan Pizza", "confidence": 0.99497955735766175, "socials": [ "https://www.facebook.com/509459095749965" ] }, "geometry": { "type": "Point", "coordinates": [ -74.040354, 40.3386456 ] } },
{ "type": "Feature", "properties": { "id": "08f2a139115ad31d0365d812f7e22ce1", "name": "Gianni's Pizzeria", "confidence": 0.97817198851157294, "socials": [ "https://www.facebook.com/115694705123113" ] }, "geometry": { "type": "Point", "coordinates": [ -74.041888, 40.3392179 ] } },
{ "type": "Feature", "properties": { "id": "08f2a139b1b514230359b105c3a6e7fd", "name": "Bell Market", "confidence": 0.97817198851157294, "socials": [ "https://www.facebook.com/2096089207278575" ] }, "geometry": { "type": "Point", "coordinates": [ -74.1671871, 40.3653354 ] } },
{ "type": "Feature", "properties": { "id": "08f2a139b1b514040329baf2ac430884", "name": "Corbo and Sons", "confidence": 0.99497955735766175, "socials": [ "https://www.facebook.com/102456165702031" ] }, "geometry": { "type": "Point", "coordinates": [ -74.167159, 40.3653647 ] } },
{ "type": "Feature", "properties": { "id": "08f2a139a0435cc003612ab0898095a9", "name": "American Mushroom Hunter", "confidence": 0.31588785046728973, "socials": [ "https://www.facebook.com/169378259744464" ] }, "geometry": { "type": "Point", "coordinates": [ -74.13237, 40.372045 ] } },
{ "type": "Feature", "properties": { "id": "08f2a139a5c7448b03c3e09fdba83a16", "name": "Il Colosseo Ristorante", "confidence": 0.77, "socials": null }, "geometry": { "type": "Point", "coordinates": [ -74.0925203, 40.3765831 ] } },
{ "type": "Feature", "properties": { "id": "08f2a1065a74658003be2bfb9058e461", "name": "La Dolce Brick Oven Pizza", "confidence": 0.21337126600284495, "socials": [ "https://www.facebook.com/1710584109175336" ] }, "geometry": { "type": "Point", "coordinates": [ -74.173134, 40.41799 ] } },
{ "type": "Feature", "properties": { "id": "08f2a1065a76179c03041b5d1f38124b", "name": "Bertucci's Italian Restaurant", "confidence": 0.77, "socials": null }, "geometry": { "type": "Point", "coordinates": [ -74.1712799, 40.4178783 ] } },
{ "type": "Feature", "properties": { "id": "08f2a1065aaca875035a81d94a684a36", "name": "Villa Pizza", "confidence": 0.97817198851157294, "socials": [ "https://www.facebook.com/281771748651322" ] }, "geometry": { "type": "Point", "coordinates": [ -74.1597752, 40.4167678 ] } },
{ "type": "Feature", "properties": { "id": "08f2a1065abb4c1303999d6163818b7b", "name": "Romeo's Pizza & Restaurant", "confidence": 0.97817198851157294, "socials": [ "https://www.facebook.com/113552988678267" ] }, "geometry": { "type": "Point", "coordinates": [ -74.1603666, 40.4247735 ] } },
{ "type": "Feature", "properties": { "id": "08f2a1065864898a0353acb98caf2c28", "name": "Palumbo Restaurant & Pizza", "confidence": 0.77, "socials": null }, "geometry": { "type": "Point", "coordinates": [ -74.1443652, 40.414708 ] } },
{ "type": "Feature", "properties": { "id": "08f2a1065829b75803b2154ce2edbd63", "name": "Palumbo's Restaurant & Pizza", "confidence": 0.97817198851157294, "socials": [ "https://www.facebook.com/113941015303521" ] }, "geometry": { "type": "Point", "coordinates": [ -74.1421419, 40.4144709 ] } },
{ "type": "Feature", "properties": { "id": "08f2a1065809ba34031437e63b31b3c7", "name": "Luigi's Famous Pizza", "confidence": 0.98113699906803353, "socials": [ "https://www.facebook.com/102255012349895" ] }, "geometry": { "type": "Point", "coordinates": [ -74.1444015, 40.4224134 ] } },
{ "type": "Feature", "properties": { "id": "08f2a1065809b8c10336ea3e82f69635", "name": "Luigispizzahazlet", "confidence": 0.71069587628865982, "socials": [ "https://www.facebook.com/296855224097830" ] }, "geometry": { "type": "Point", "coordinates": [ -74.1443808, 40.4225164 ] } },
{ "type": "Feature", "properties": { "id": "08f2a139a45a487103b5c73e9aef9574", "name": "Toscanella Village Cafe", "confidence": 0.99497955735766175, "socials": [ "https://www.facebook.com/169570446445653" ] }, "geometry": { "type": "Point", "coordinates": [ -74.1187895, 40.393976 ] } },
{ "type": "Feature", "properties": { "id": "08f2a106590838c50392569d6b7f5ec3", "name": "Cugini’s Pizzeria", "confidence": 0.47268106734434556, "socials": [ "https://www.facebook.com/106647621489815" ] }, "geometry": { "type": "Point", "coordinates": [ -74.12756, 40.40533 ] } },
{ "type": "Feature", "properties": { "id": "08f2a139a4db6243034b971127f9aeab", "name": "Tre Colore Pizzeria", "confidence": 0.9961633011413521, "socials": [ "https://www.facebook.com/438947199547326" ] }, "geometry": { "type": "Point", "coordinates": [ -74.112839, 40.3993694 ] } },
{ "type": "Feature", "properties": { "id": "08f2a139a4c32c65030632c135976b3a", "name": "Panko Pizza", "confidence": 0.93837369560937189, "socials": [ "https://www.facebook.com/212677595268229" ] }, "geometry": { "type": "Point", "coordinates": [ -74.1107727, 40.3968609 ] } },
{ "type": "Feature", "properties": { "id": "08f2a139a4c32c4c03421bd08910a129", "name": "Basille's Restaurant and Pizza", "confidence": 0.71069587628865982, "socials": [ "https://www.facebook.com/265680854188495" ] }, "geometry": { "type": "Point", "coordinates": [ -74.1105914, 40.3967557 ] } },
{ "type": "Feature", "properties": { "id": "08f2a139a4d020f2037119d118b07ae4", "name": "Chuck E. Cheese", "confidence": 0.99497955735766175, "socials": [ "https://www.facebook.com/197140870320012" ] }, "geometry": { "type": "Point", "coordinates": [ -74.1086734, 40.398157 ] } },
{ "type": "Feature", "properties": { "id": "08f2a1065951671403aedf60af736cbe", "name": "Pasquale's Pizzeria III", "confidence": 0.99497955735766175, "socials": [ "https://www.facebook.com/310024256251068" ] }, "geometry": { "type": "Point", "coordinates": [ -74.1336127, 40.4113778 ] } },
{ "type": "Feature", "properties": { "id": "08f2a1064ac2102903f1823545f602e4", "name": "Chiafullo's", "confidence": 0.21337126600284495, "socials": [ "https://www.facebook.com/564193653624107" ] }, "geometry": { "type": "Point", "coordinates": [ -74.0943958, 40.414803 ] } },
{ "type": "Feature", "properties": { "id": "08f2a1064ac21ced0301028438d63e28", "name": "Valentino's Restaurant", "confidence": 0.99497955735766175, "socials": [ "https://www.facebook.com/110161715718295" ] }, "geometry": { "type": "Point", "coordinates": [ -74.0944224, 40.4150017 ] } },
{ "type": "Feature", "properties": { "id": "08f2a1064ad1996d035fec668e386493", "name": "Naples Pizzeria", "confidence": 0.97817198851157294, "socials": [ "https://www.facebook.com/234621763234984" ] }, "geometry": { "type": "Point", "coordinates": [ -74.0942729, 40.4159966 ] } },
{ "type": "Feature", "properties": { "id": "08f2a1065db9819d0332d2407b1a03a5", "name": "Romeo's Italian Restaurant & Pizza", "confidence": 0.53885630498533721, "socials": [ "https://www.facebook.com/1542308859425293" ] }, "geometry": { "type": "Point", "coordinates": [ -74.101825, 40.424097 ] } },
{ "type": "Feature", "properties": { "id": "08f2a1065db98183034f94d1460a1214", "name": "Pizza & Pasta Factory", "confidence": 0.97817198851157294, "socials": [ "https://www.facebook.com/160221634039646" ] }, "geometry": { "type": "Point", "coordinates": [ -74.1016906, 40.424113 ] } },
{ "type": "Feature", "properties": { "id": "08f2a139123828a903021d13a293af0c", "name": "Marta's Deli", "confidence": 0.97817198851157294, "socials": [ "https://www.facebook.com/736592629866581" ] }, "geometry": { "type": "Point", "coordinates": [ -74.076394, 40.3467105 ] } },
{ "type": "Feature", "properties": { "id": "08f2a1391205682203b7332ba1fa26ad", "name": "Urban CoalHouse Pizza", "confidence": 0.99497955735766175, "socials": [ "https://www.facebook.com/1430745423809080" ] }, "geometry": { "type": "Point", "coordinates": [ -74.0758071, 40.3501746 ] } },
{ "type": "Feature", "properties": { "id": "08f2a1391200d3180391f226bfa48a1b", "name": "Tommy's Coal Fired Pizza", "confidence": 0.83841059602649004, "socials": [ "https://www.facebook.com/497847660315931" ] }, "geometry": { "type": "Point", "coordinates": [ -74.0755051, 40.3505726 ] } },
{ "type": "Feature", "properties": { "id": "08f2a1391215608003c6eb5b0d52f8b8", "name": "Brothers'Pizza & Restaurant", "confidence": 0.21337126600284495, "socials": [ "https://www.facebook.com/116138891748462" ] }, "geometry": { "type": "Point", "coordinates": [ -74.073875, 40.351039 ] } },
{ "type": "Feature", "properties": { "id": "08f2a139128d9960039c85b84a1ffdab", "name": "Zoni's Coal Fired Pizza", "confidence": 0.77, "socials": null }, "geometry": { "type": "Point", "coordinates": [ -74.070667266845689, 40.353614774244207 ] } },
{ "type": "Feature", "properties": { "id": "08f2a13912a063130371f2880ba04ea2", "name": "Mr Pizza Slice", "confidence": 0.99497955735766175, "socials": [ "https://www.facebook.com/116401781717224" ] }, "geometry": { "type": "Point", "coordinates": [ -74.0658673, 40.3497168 ] } },
{ "type": "Feature", "properties": { "id": "08f2a13912b8992603a35bb5a86f36e3", "name": "Domino's Pizza", "confidence": 0.99497955735766175, "socials": [ "https://www.facebook.com/478401512236800" ] }, "geometry": { "type": "Point", "coordinates": [ -74.0667783, 40.3507678 ] } },
{ "type": "Feature", "properties": { "id": "08f2a13912b13a3403c2f1383443244e", "name": "Sally Boy's Pizza", "confidence": 0.77, "socials": null }, "geometry": { "type": "Point", "coordinates": [ -74.0652043, 40.3521504 ] } },
{ "type": "Feature", "properties": { "id": "08f2a13912a28b2903f88ba0b964b818", "name": "Antico Arturo", "confidence": 0.9795387149917627, "socials": [ "https://www.facebook.com/105184454522479" ] }, "geometry": { "type": "Point", "coordinates": [ -74.0638338, 40.3493488 ] } },
{ "type": "Feature", "properties": { "id": "08f2a139a5aad75d03379e70ee6b4006", "name": "Zoni's Brooklyn Brick Coal Oven Pizzeria", "confidence": 0.99497955735766175, "socials": [ "https://www.facebook.com/109531900958588" ] }, "geometry": { "type": "Point", "coordinates": [ -74.0834955, 40.3667209 ] } },
{ "type": "Feature", "properties": { "id": "08f2a139a5aad20803626aadf24c14fa", "name": "Zonis Coal Fired Pizza", "confidence": 0.47268106734434556, "socials": [ "https://www.facebook.com/1475354196088536" ] }, "geometry": { "type": "Point", "coordinates": [ -74.0832672, 40.3668594 ] } },
{ "type": "Feature", "properties": { "id": "08f2a139a5aad75903aabe7e2fcd115f", "name": "Zoni's Coal Fired Pizza", "confidence": 0.77, "socials": null }, "geometry": { "type": "Point", "coordinates": [ -74.08343, 40.366908 ] } },
{ "type": "Feature", "properties": { "id": "08f2a139a5aad3b103c3cb9801fe8665", "name": "ZONI'S COAL FIRED PIZZERIA", "confidence": 0.77, "socials": null }, "geometry": { "type": "Point", "coordinates": [ -74.0833198, 40.3669535 ] } },
{ "type": "Feature", "properties": { "id": "08f2a139a5d4a49803d01a1e12968e93", "name": "Fratelli’s Pizzeria & Restaurant", "confidence": 0.97817198851157294, "socials": [ "https://www.facebook.com/113943258637555" ] }, "geometry": { "type": "Point", "coordinates": [ -74.0906364, 40.3768226 ] } },
{ "type": "Feature", "properties": { "id": "08f2a13910996271035b29373fa7fbd9", "name": "Umberto Restaurant & Pizza", "confidence": 0.77, "socials": null }, "geometry": { "type": "Point", "coordinates": [ -74.0423685, 40.3612197 ] } },
{ "type": "Feature", "properties": { "id": "08f2a13910996c5a038aec7f6a4a2ffe", "name": "Umberto Restaurant & Pizza", "confidence": 0.77, "socials": null }, "geometry": { "type": "Point", "coordinates": [ -74.042495727539105, 40.361507415771499 ] } },
{ "type": "Feature", "properties": { "id": "08f2a139142b2540038d2abe0b74b055", "name": "Lupo Pizzeria Fair Haven", "confidence": 0.97817198851157294, "socials": [ "https://www.facebook.com/120256129375223" ] }, "geometry": { "type": "Point", "coordinates": [ -74.0355934, 40.3645599 ] } },
{ "type": "Feature", "properties": { "id": "08f2a1064c66172603cbebf5efa823dc", "name": "Pizzeria De Leonardo", "confidence": 0.77, "socials": null }, "geometry": { "type": "Point", "coordinates": [ -74.0542848, 40.4185991 ] } },
{ "type": "Feature", "properties": { "id": "08f2a139360c8836037bce2b01f64b9d", "name": "Amici Pizzeria", "confidence": 0.99497955735766175, "socials": [ "https://www.facebook.com/101850455468446" ] }, "geometry": { "type": "Point", "coordinates": [ -74.0057205, 40.4058896 ] } },
{ "type": "Feature", "properties": { "id": "08f2a1064d54c7a4039d20b841ccdfb4", "name": "Domino's Pizza", "confidence": 0.99497955735766175, "socials": [ "https://www.facebook.com/392055834246783" ] }, "geometry": { "type": "Point", "coordinates": [ -74.0399113, 40.4097811 ] } },
{ "type": "Feature", "properties": { "id": "08f2a1064dcc548e034d71ccccc000c3", "name": "Strada Pizza Bar", "confidence": 0.99497955735766175, "socials": [ "https://www.facebook.com/106458955105991" ] }, "geometry": { "type": "Point", "coordinates": [ -74.0380117, 40.4134992 ] } },
{ "type": "Feature", "properties": { "id": "08f2a1064dcc4924030a5695f808e920", "name": "Julio's Pizza Co.", "confidence": 0.99497955735766175, "socials": [ "https://www.facebook.com/1349186615243771" ] }, "geometry": { "type": "Point", "coordinates": [ -74.0378405, 40.4139619 ] } },
{ "type": "Feature", "properties": { "id": "08f2a138240c4d660322d745aadae531", "name": "Slices Inc.", "confidence": 0.47268106734434556, "socials": [ "https://www.facebook.com/104923249550744" ] }, "geometry": { "type": "Point", "coordinates": [ -74.0001848, 40.2598553 ] } },
{ "type": "Feature", "properties": { "id": "08f2a1391d0b5b0e0369eb523ea79638", "name": "Beach Point Cafe", "confidence": 0.99497955735766175, "socials": [ "https://www.facebook.com/281589068928840" ] }, "geometry": { "type": "Point", "coordinates": [ -74.0036068, 40.2995898 ] } },
{ "type": "Feature", "properties": { "id": "08f2a1391d18d61b0399a369f181d1b6", "name": "Freddie's Restaurant And Pizzeria", "confidence": 0.87645687645687642, "socials": [ "https://www.facebook.com/259086972241" ] }, "geometry": { "type": "Point", "coordinates": [ -74.0013999, 40.2999655 ] } },
{ "type": "Feature", "properties": { "id": "08f2a1391d18d4ed03a85881aa31002c", "name": "Lezama's Restaurant and Pizzeria", "confidence": 0.99497955735766175, "socials": [ "https://www.facebook.com/100408501399248" ] }, "geometry": { "type": "Point", "coordinates": [ -74.0014027, 40.3000114 ] } },
{ "type": "Feature", "properties": { "id": "08f2a13d0228e94e0330a23105a052c8", "name": "Singas Famous Pizza", "confidence": 0.99497955735766175, "socials": [ "https://www.facebook.com/102999072736955" ] }, "geometry": { "type": "Point", "coordinates": [ -74.52839, 40.43964 ] } },
{ "type": "Feature", "properties": { "id": "08f2a13d02384d2103574236897a028a", "name": "Brunswick Pizza & Grill", "confidence": 0.97817198851157294, "socials": [ "https://www.facebook.com/113959225301219" ] }, "geometry": { "type": "Point", "coordinates": [ -74.5266269, 40.4443481 ] } },
{ "type": "Feature", "properties": { "id": "08f2a13d023a26b203dcdfa338b03998", "name": "Brunswick Pizza & Grill", "confidence": 0.77, "socials": null }, "geometry": { "type": "Point", "coordinates": [ -74.5264987, 40.4443234 ] } },
{ "type": "Feature", "properties": { "id": "08f2a13d0381941d035e4ff097f6cfda", "name": "Pizza Hut Express", "confidence": 0.99497955735766175, "socials": [ "https://www.facebook.com/1817747548543179" ] }, "geometry": { "type": "Point", "coordinates": [ -74.5044582, 40.4355676 ] } },
{ "type": "Feature", "properties": { "id": "08f2a13d03d419ae036b427c34ca4ecb", "name": "Pizza Village 2", "confidence": 0.77, "socials": null }, "geometry": { "type": "Point", "coordinates": [ -74.5090661, 40.4387251 ] } },
{ "type": "Feature", "properties": { "id": "08f2a13d01553c290357f0fd72fbdd2b", "name": "North Brunswick Pizza", "confidence": 0.97817198851157294, "socials": [ "https://www.facebook.com/120723024690409" ] }, "geometry": { "type": "Point", "coordinates": [ -74.4897864, 40.4344013 ] } },
{ "type": "Feature", "properties": { "id": "08f2a13d01541a9603974d1e366f960f", "name": "Krispy Krust Pizza", "confidence": 0.77, "socials": null }, "geometry": { "type": "Point", "coordinates": [ -74.4876164, 40.4339325 ] } },
{ "type": "Feature", "properties": { "id": "08f2a13d0150ba4e034063a00e00fb44", "name": "North Brunswick Pizza", "confidence": 0.77, "socials": null }, "geometry": { "type": "Point", "coordinates": [ -74.4899498, 40.435281 ] } },
{ "type": "Feature", "properties": { "id": "08f2a13d000ce6ac0370029edee14921", "name": "Pizza Hut", "confidence": 0.99497955735766175, "socials": [ "https://www.facebook.com/156398434391716" ] }, "geometry": { "type": "Point", "coordinates": [ -74.4995141, 40.446218 ] } },
{ "type": "Feature", "properties": { "id": "08f2a13d005488e503b67b93c98ae81f", "name": "Sal's Pizza", "confidence": 0.99497955735766175, "socials": [ "https://www.facebook.com/104791569336027" ] }, "geometry": { "type": "Point", "coordinates": [ -74.5031953, 40.4512326 ] } },
{ "type": "Feature", "properties": { "id": "08f2a13d062e04f603bf22af2bf7ec36", "name": "G's Famous Pizza 3", "confidence": 0.77, "socials": null }, "geometry": { "type": "Point", "coordinates": [ -74.5116756, 40.4580847 ] } },
{ "type": "Feature", "properties": { "id": "08f2a13d062e488a03188440d4083f86", "name": "Galore Fried Chicken & Pizza", "confidence": 0.97817198851157294, "socials": [ "https://www.facebook.com/734365649978024" ] }, "geometry": { "type": "Point", "coordinates": [ -74.5109705, 40.458502 ] } },
{ "type": "Feature", "properties": { "id": "08f2a13d0156b52503b8a831a77ec3f6", "name": "Krispy Krust Pizza", "confidence": 0.97817198851157294, "socials": [ "https://www.facebook.com/1867228230186723" ] }, "geometry": { "type": "Point", "coordinates": [ -74.4870466, 40.4337248 ] } },
{ "type": "Feature", "properties": { "id": "08f2a13d0156e5230391e8ae4fdd5bfb", "name": "Krispy Krust Pizza", "confidence": 0.77, "socials": null }, "geometry": { "type": "Point", "coordinates": [ -74.4869795, 40.4344806 ] } },
{ "type": "Feature", "properties": { "id": "08f2a13d019938020351d1596b9b78e1", "name": "Margarita Pizzeria & Restaurant", "confidence": 0.97817198851157294, "socials": [ "https://www.facebook.com/201989463263469" ] }, "geometry": { "type": "Point", "coordinates": [ -74.4772568, 40.4401015 ] } },
{ "type": "Feature", "properties": { "id": "08f2a13d0565e8c8033485d2efdc2014", "name": "Nino's Pizza and Subs", "confidence": 0.97817198851157294, "socials": [ "https://www.facebook.com/135552603164384" ] }, "geometry": { "type": "Point", "coordinates": [ -74.4748733, 40.4421232 ] } },
{ "type": "Feature", "properties": { "id": "08f2a13d0539b37103e18def0d8791c3", "name": "Papa John's Pizza", "confidence": 0.99497955735766175, "socials": [ "https://www.facebook.com/186369234738227" ] }, "geometry": { "type": "Point", "coordinates": [ -74.4686349, 40.444321 ] } },
{ "type": "Feature", "properties": { "id": "08f2a13d04a26c62032435ca6b0ea801", "name": "Cristo's Pizza & Grill", "confidence": 0.99497955735766175, "socials": [ "https://www.facebook.com/704057429673332" ] }, "geometry": { "type": "Point", "coordinates": [ -74.471764, 40.467793 ] } },
{ "type": "Feature", "properties": { "id": "08f2a13d232366dc03ad6248252852fd", "name": "Roberto's Pizza Restaurant", "confidence": 0.93346005154639178, "socials": null }, "geometry": { "type": "Point", "coordinates": [ -74.4513534, 40.463023 ] } },
{ "type": "Feature", "properties": { "id": "08f2a13d230e182c0342599a6012a0f5", "name": "Little Caesars Pizza", "confidence": 0.99497955735766175, "socials": [ "https://www.facebook.com/351642108217207" ] }, "geometry": { "type": "Point", "coordinates": [ -74.4538019, 40.4674453 ] } },
{ "type": "Feature", "properties": { "id": "08f2a13d2300941403ddd2e859578054", "name": "U.S Chicken Pizza and Spanish Food", "confidence": 0.97817198851157294, "socials": [ "https://www.facebook.com/374084999909234" ] }, "geometry": { "type": "Point", "coordinates": [ -74.4530484, 40.4682086 ] } },
{ "type": "Feature", "properties": { "id": "08f2a13d23155420033f5f60675a6f3a", "name": "Domino's Pizza", "confidence": 0.99497955735766175, "socials": [ "https://www.facebook.com/403587969753800" ] }, "geometry": { "type": "Point", "coordinates": [ -74.4504296, 40.4703775 ] } },
{ "type": "Feature", "properties": { "id": "08f2a13d04c836c9034c3cefde3a9163", "name": "King's Pizzeria", "confidence": 0.77, "socials": null }, "geometry": { "type": "Point", "coordinates": [ -74.4897606, 40.4752307 ] } },
{ "type": "Feature", "properties": { "id": "08f2a13d3081a0e9030fe6e983599e85", "name": "Cafe Amici", "confidence": 0.99497955735766175, "socials": [ "https://www.facebook.com/175639209149531" ] }, "geometry": { "type": "Point", "coordinates": [ -74.5084106, 40.5093992 ] } },
{ "type": "Feature", "properties": { "id": "08f2a13d35cd880d03bf797ea876ed92", "name": "Somerset Pizza", "confidence": 0.77, "socials": null }, "geometry": { "type": "Point", "coordinates": [ -74.4906957, 40.5100234 ] } },
{ "type": "Feature", "properties": { "id": "08f2a13d35da562603b45350ba6c0928", "name": "Bella Pizza 2", "confidence": 0.99497955735766175, "socials": [ "https://www.facebook.com/306905209915400" ] }, "geometry": { "type": "Point", "coordinates": [ -74.4880905, 40.5165445 ] } },
{ "type": "Feature", "properties": { "id": "08f2a13d226a0db003f19579d3ca5b3c", "name": "Douglass Pizza & Grill", "confidence": 0.77, "socials": null }, "geometry": { "type": "Point", "coordinates": [ -74.480655, 40.483058 ] } },
{ "type": "Feature", "properties": { "id": "08f2a13d2279139a03f0da3de627d22c", "name": "Papa John's Pizza", "confidence": 0.77, "socials": null }, "geometry": { "type": "Point", "coordinates": [ -74.4809085, 40.4845307 ] } },
{ "type": "Feature", "properties": { "id": "08f2a13d224de4b003961d1bdc9aef1a", "name": "Santini's Pizza Palace", "confidence": 0.77, "socials": null }, "geometry": { "type": "Point", "coordinates": [ -74.48396, 40.486869 ] } },
{ "type": "Feature", "properties": { "id": "08f2a13d224d8b0003b37cbbc6aa3a5c", "name": "Atlixco Pizza Palace", "confidence": 0.98582594999015549, "socials": [ "https://www.facebook.com/106373458429858" ] }, "geometry": { "type": "Point", "coordinates": [ -74.4829206, 40.4864621 ] } },
{ "type": "Feature", "properties": { "id": "08f2a13d224dd56d03143e0c5ab15093", "name": "Pizza Palace", "confidence": 0.35051546391752575, "socials": [ "https://www.facebook.com/1540127179587472" ] }, "geometry": { "type": "Point", "coordinates": [ -74.4828005, 40.4864991 ] } },
{ "type": "Feature", "properties": { "id": "08f2a13d2240a11d03fa1f62db052ab2", "name": "Corfu 2", "confidence": 0.77, "socials": null }, "geometry": { "type": "Point", "coordinates": [ -74.480376, 40.488831 ] } },
{ "type": "Feature", "properties": { "id": "08f2a13d22c4624203f1c85af8b86755", "name": "Nicola's Pizzeria", "confidence": 0.98331870061457416, "socials": [ "https://www.facebook.com/110609772308229" ] }, "geometry": { "type": "Point", "coordinates": [ -74.4699122, 40.4929671 ] } },
{ "type": "Feature", "properties": { "id": "08f2a13d2299968a03ba17ffd96cd553", "name": "Maya's Pizzeria Restaurant", "confidence": 0.98582594999015549, "socials": [ "https://www.facebook.com/100677382756661" ] }, "geometry": { "type": "Point", "coordinates": [ -74.4645832, 40.4944909 ] } },
{ "type": "Feature", "properties": { "id": "08f2a13d2048e983033279b0c794c139", "name": "Mozzarella Cucina Italiana & Pizzeria", "confidence": 0.77, "socials": null }, "geometry": { "type": "Point", "coordinates": [ -74.4544861, 40.4901332 ] } },
{ "type": "Feature", "properties": { "id": "08f2a13d2294e43603a6ff1b7ce1eca0", "name": "Pizza City", "confidence": 0.99497955735766175, "socials": [ "https://www.facebook.com/153978447994776" ] }, "geometry": { "type": "Point", "coordinates": [ -74.4570218, 40.4926378 ] } },
{ "type": "Feature", "properties": { "id": "08f2a13d204b0a31039f3cc204926927", "name": "Sam's Chicken & Pizza", "confidence": 0.99497955735766175, "socials": [ "https://www.facebook.com/104829394722199" ] }, "geometry": { "type": "Point", "coordinates": [ -74.4547453, 40.4917583 ] } },
{ "type": "Feature", "properties": { "id": "08f2a13d2058e22403e932f58d161c74", "name": "C&C Pizza and Restaurant", "confidence": 0.99497955735766175, "socials": [ "https://www.facebook.com/104772065540120" ] }, "geometry": { "type": "Point", "coordinates": [ -74.4526616, 40.4926611 ] } },
{ "type": "Feature", "properties": { "id": "08f2a13d20cc9356030ad67c12394a75", "name": "Douglas Pizza and Grill", "confidence": 0.97817198851157294, "socials": [ "https://www.facebook.com/111731392197594" ] }, "geometry": { "type": "Point", "coordinates": [ -74.4433662, 40.4921068 ] } },
{ "type": "Feature", "properties": { "id": "08f2a13d20cc4229037229d80fdb953a", "name": "Filippo's Famous Pizza", "confidence": 0.99497955735766175, "socials": [ "https://www.facebook.com/165382060627454" ] }, "geometry": { "type": "Point", "coordinates": [ -74.4437067, 40.4939098 ] } },
{ "type": "Feature", "properties": { "id": "08f2a13d35c417220375cb5c2283da85", "name": "STEVES PIZZA AND RESTAU", "confidence": 0.77, "socials": null }, "geometry": { "type": "Point", "coordinates": [ -74.4852421, 40.5104463 ] } },
{ "type": "Feature", "properties": { "id": "08f2a13d35c4154103f7c42fe545c95a", "name": "Steve's Pizza", "confidence": 0.99497955735766175, "socials": [ "https://www.facebook.com/112111531712137" ] }, "geometry": { "type": "Point", "coordinates": [ -74.485227, 40.5105124 ] } },
{ "type": "Feature", "properties": { "id": "08f2a13d35d5a272035075f5cd9035c7", "name": "A & S Pizza", "confidence": 0.77, "socials": null }, "geometry": { "type": "Point", "coordinates": [ -74.485169, 40.512555 ] } },
{ "type": "Feature", "properties": { "id": "08f2a13d26398a6c031596146979549b", "name": "Daniel's Pizzeria", "confidence": 0.97817198851157294, "socials": [ "https://www.facebook.com/994488314063645" ] }, "geometry": { "type": "Point", "coordinates": [ -74.4559489, 40.5005179 ] } },
{ "type": "Feature", "properties": { "id": "08f2a13d2638d29e0304496364c98e22", "name": "P J's Grill & Pizza", "confidence": 0.97817198851157294, "socials": [ "https://www.facebook.com/146433208044" ] }, "geometry": { "type": "Point", "coordinates": [ -74.454386, 40.4999061 ] } },
{ "type": "Feature", "properties": { "id": "08f2a13d262e296303b8d6303c493ad6", "name": "Tata's Pizza", "confidence": 0.97817198851157294, "socials": [ "https://www.facebook.com/114079131957506" ] }, "geometry": { "type": "Point", "coordinates": [ -74.4540866, 40.496959 ] } },
{ "type": "Feature", "properties": { "id": "08f2a13d2635d6c303dfcaa3d5722137", "name": "Giovanneli's Pizza & Grill", "confidence": 0.99497955735766175, "socials": [ "https://www.facebook.com/434071796715516" ] }, "geometry": { "type": "Point", "coordinates": [ -74.449376, 40.4979134 ] } },
{ "type": "Feature", "properties": { "id": "08f2a13d262316ed0388de2af9d3b202", "name": "Nuebies Pizza", "confidence": 0.77, "socials": null }, "geometry": { "type": "Point", "coordinates": [ -74.453096, 40.499273 ] } },
{ "type": "Feature", "properties": { "id": "08f2a13d262306090302b99a017baec4", "name": "The Original Pizza City", "confidence": 0.77, "socials": null }, "geometry": { "type": "Point", "coordinates": [ -74.453410282731099, 40.499669685959802 ] } },
{ "type": "Feature", "properties": { "id": "08f2a13d2623179203e1427203048fe0", "name": "RU Grill & Pizza", "confidence": 0.77, "socials": null }, "geometry": { "type": "Point", "coordinates": [ -74.4531891, 40.4993941 ] } },
{ "type": "Feature", "properties": { "id": "08f2a13d26233b4a03d552258f8427d2", "name": "R.U. Grill & Pizza", "confidence": 0.97817198851157294, "socials": [ "https://www.facebook.com/104522315232824" ] }, "geometry": { "type": "Point", "coordinates": [ -74.4532135, 40.4994334 ] } },
{ "type": "Feature", "properties": { "id": "08f2a13d262339740378ef338371c3c1", "name": "R-U Grill & Pizza Inc", "confidence": 0.77, "socials": null }, "geometry": { "type": "Point", "coordinates": [ -74.453283, 40.499571 ] } },
{ "type": "Feature", "properties": { "id": "08f2a13d2622e01803a15f2909123d3a", "name": "Jimmy's Grill", "confidence": 0.77, "socials": null }, "geometry": { "type": "Point", "coordinates": [ -74.4517064, 40.4987168 ] } },
{ "type": "Feature", "properties": { "id": "08f2a13d2622e10e033be5ae295fc05e", "name": "Artichoke Basille's Pizza", "confidence": 0.99497955735766175, "socials": [ "https://www.facebook.com/106613962540733" ] }, "geometry": { "type": "Point", "coordinates": [ -74.4516736, 40.4987834 ] } },
{ "type": "Feature", "properties": { "id": "08f2a13d26223aec0373dbb5d6cd69dd", "name": "Kings Pizza", "confidence": 0.77, "socials": null }, "geometry": { "type": "Point", "coordinates": [ -74.4517924, 40.498994 ] } },
{ "type": "Feature", "properties": { "id": "08f2a13d2623044403987b786d675d20", "name": "Pizza City", "confidence": 0.97817198851157294, "socials": [ "https://www.facebook.com/100122899719743" ] }, "geometry": { "type": "Point", "coordinates": [ -74.4535077, 40.4998591 ] } },
{ "type": "Feature", "properties": { "id": "08f2a13d26376d2a03f4e60ffdca962d", "name": "Bistro 70", "confidence": 0.820627802690583, "socials": [ "https://www.facebook.com/370799953298039" ] }, "geometry": { "type": "Point", "coordinates": [ -74.4495492, 40.5003244 ] } },
{ "type": "Feature", "properties": { "id": "08f2a13d2634e04e03a76a019892edc2", "name": "Knights Express Pizza & Grill", "confidence": 0.99497955735766175, "socials": [ "https://www.facebook.com/112429841435609" ] }, "geometry": { "type": "Point", "coordinates": [ -74.4486817, 40.4978281 ] } },
{ "type": "Feature", "properties": { "id": "08f2a13d20c1e72d03f2d3f4af7c1737", "name": "Panicos Restaurant and Bar with Brick Oven Pizza", "confidence": 0.97817198851157294, "socials": [ "https://www.facebook.com/175929102457258" ] }, "geometry": { "type": "Point", "coordinates": [ -74.4437226, 40.4959042 ] } },
{ "type": "Feature", "properties": { "id": "08f2a13d20c1e2b103768fe3db1db83b", "name": "Panico's Restaurant with Brick Oven Pizza", "confidence": 0.77, "socials": null }, "geometry": { "type": "Point", "coordinates": [ -74.443676, 40.495822 ] } },
{ "type": "Feature", "properties": { "id": "08f2a13d20c1e76a03df6d0e0aef5bdd", "name": "Panico's Brick Oven Pizza", "confidence": 0.77, "socials": null }, "geometry": { "type": "Point", "coordinates": [ -74.4436849, 40.4958501 ] } },
{ "type": "Feature", "properties": { "id": "08f2a13d2637116d0393f7cf1099fb98", "name": "Krispy Pizza - New Brunswick, NJ", "confidence": 0.99497955735766175, "socials": [ "https://www.facebook.com/174472689689880" ] }, "geometry": { "type": "Point", "coordinates": [ -74.4484389, 40.4996309 ] } },
{ "type": "Feature", "properties": { "id": "08f2a13d281aba0303eafbca0d1787b3", "name": "Vinnie's Pizza & Subs", "confidence": 0.99497955735766175, "socials": [ "https://www.facebook.com/105098151167409" ] }, "geometry": { "type": "Point", "coordinates": [ -74.4228155, 40.435514 ] } },
{ "type": "Feature", "properties": { "id": "08f2a13d2e0028d1033cd20bfd09649e", "name": "Francesco Pizza", "confidence": 0.99497955735766175, "socials": [ "https://www.facebook.com/278674612257067" ] }, "geometry": { "type": "Point", "coordinates": [ -74.4382315, 40.4516291 ] } },
{ "type": "Feature", "properties": { "id": "08f2a13d28c2a7a603951e862df24543", "name": "Domino's Pizza", "confidence": 0.99497955735766175, "socials": [ "https://www.facebook.com/482171278528037" ] }, "geometry": { "type": "Point", "coordinates": [ -74.4239907, 40.4412822 ] } },
{ "type": "Feature", "properties": { "id": "08f2a13d2e19cd21034821ab1d1713e8", "name": "Maria's Pizza", "confidence": 0.99497955735766175, "socials": [ "https://www.facebook.com/348784451963180" ] }, "geometry": { "type": "Point", "coordinates": [ -74.4410308, 40.4540313 ] } },
{ "type": "Feature", "properties": { "id": "08f2a13d2e86dd7303b8eced6ff017f3", "name": "Pasquale Brick Oven Pizza", "confidence": 0.77, "socials": null }, "geometry": { "type": "Point", "coordinates": [ -74.4251691, 40.4545469 ] } },
{ "type": "Feature", "properties": { "id": "08f2a13d2e86d9b0036fec77ec7ce468", "name": "Pasquales Brick Oven", "confidence": 0.97817198851157294, "socials": [ "https://www.facebook.com/1035927736457266" ] }, "geometry": { "type": "Point", "coordinates": [ -74.4250757, 40.4545512 ] } },
{ "type": "Feature", "properties": { "id": "08f2a13d2e94448c03b681a6e5843225", "name": "Dusal's Restaurant", "confidence": 0.77, "socials": null }, "geometry": { "type": "Point", "coordinates": [ -74.425579, 40.457612 ] } },
{ "type": "Feature", "properties": { "id": "08f2a13d2cb86960033cd426a8395a34", "name": "Bella La Pizzeria", "confidence": 0.97817198851157294, "socials": [ "https://www.facebook.com/323352962093" ] }, "geometry": { "type": "Point", "coordinates": [ -74.3995492, 40.4534161 ] } },
{ "type": "Feature", "properties": { "id": "08f2a13d2c8f42f6034c26c94f83f395", "name": "Mancini Pizza", "confidence": 0.99497955735766175, "socials": [ "https://www.facebook.com/164782400198942" ] }, "geometry": { "type": "Point", "coordinates": [ -74.4018123, 40.4568241 ] } },
{ "type": "Feature", "properties": { "id": "08f2a106d26eb02603f906dfca3e533f", "name": "Gregory's Pizza Restaurant", "confidence": 0.93837369560937189, "socials": [ "https://www.facebook.com/382825391572715" ] }, "geometry": { "type": "Point", "coordinates": [ -74.4030729, 40.4626058 ] } },
{ "type": "Feature", "properties": { "id": "08f2a106d26e2395035ee5e8282472f9", "name": "Michelangelo's Pizza", "confidence": 0.99497955735766175, "socials": [ "https://www.facebook.com/158738280832005" ] }, "geometry": { "type": "Point", "coordinates": [ -74.4036901, 40.4640055 ] } },
{ "type": "Feature", "properties": { "id": "08f2a106d26eb80603400c3067640725", "name": "Primos Pizza", "confidence": 0.77, "socials": null }, "geometry": { "type": "Point", "coordinates": [ -74.4029289, 40.4627032 ] } },
{ "type": "Feature", "properties": { "id": "08f2a13d2d14346003f2fef40cba2e57", "name": "Papa Johns Pizza", "confidence": 0.92595108695652173, "socials": [ "https://www.facebook.com/537593516096910" ] }, "geometry": { "type": "Point", "coordinates": [ -74.3885149, 40.4344336 ] } },
{ "type": "Feature", "properties": { "id": "08f2a13d2d143465037dc13b3ac43a65", "name": "Papa Johns Pizza", "confidence": 0.77, "socials": null }, "geometry": { "type": "Point", "coordinates": [ -74.388511303308604, 40.43443512467956 ] } },
{ "type": "Feature", "properties": { "id": "08f2a13d2ca5278e0370f9b083d1045b", "name": "Papa John's Pizza", "confidence": 0.77, "socials": null }, "geometry": { "type": "Point", "coordinates": [ -74.3974434, 40.4479995 ] } },
{ "type": "Feature", "properties": { "id": "08f2a106d30c0452031a06836659020c", "name": "J&J Restaurant and Pizzeria", "confidence": 0.98296875, "socials": [ "https://www.facebook.com/107479874788219" ] }, "geometry": { "type": "Point", "coordinates": [ -74.3805964, 40.450785 ] } },
{ "type": "Feature", "properties": { "id": "08f2a106d30d544503108b4931836a1e", "name": "Villaggio's Food Emporium", "confidence": 0.77, "socials": null }, "geometry": { "type": "Point", "coordinates": [ -74.3814267, 40.4511961 ] } },
{ "type": "Feature", "properties": { "id": "08f2a13d2c94968203684dc611fc8701", "name": "Frank's Pizza and Italian Restaurant", "confidence": 0.97817198851157294, "socials": [ "https://www.facebook.com/566537190025889" ] }, "geometry": { "type": "Point", "coordinates": [ -74.3952475, 40.456678 ] } },
{ "type": "Feature", "properties": { "id": "08f2a106d3b101a6039560cb0d8bf1c7", "name": "Romeo's Pop-Up Pizza Events", "confidence": 0.97817198851157294, "socials": [ "https://www.facebook.com/116073255079904" ] }, "geometry": { "type": "Point", "coordinates": [ -74.3670866, 40.4543544 ] } },
{ "type": "Feature", "properties": { "id": "08f2a106d3873a6903736043b8f16c63", "name": "Camillo's Restaurant & Pizza", "confidence": 0.97817198851157294, "socials": [ "https://www.facebook.com/116653631692853" ] }, "geometry": { "type": "Point", "coordinates": [ -74.3681723, 40.4572372 ] } },
{ "type": "Feature", "properties": { "id": "08f2a106d15a03b003f9cbcb8d9daaf2", "name": "Angelo's Pizza & Restaurant", "confidence": 0.97817198851157294, "socials": [ "https://www.facebook.com/117898871560618" ] }, "geometry": { "type": "Point", "coordinates": [ -74.3605136, 40.4600357 ] } },
{ "type": "Feature", "properties": { "id": "08f2a106d02582ce038f5682da9f9ae3", "name": "Domino's Pizza", "confidence": 0.99497955735766175, "socials": [ "https://www.facebook.com/553780007993726" ] }, "geometry": { "type": "Point", "coordinates": [ -74.3609402, 40.4610349 ] } },
{ "type": "Feature", "properties": { "id": "08f2a106d0a94259038f24fcf01f0934", "name": "Rustoni's Pizza", "confidence": 0.99497955735766175, "socials": [ "https://www.facebook.com/705322369500707" ] }, "geometry": { "type": "Point", "coordinates": [ -74.3589883, 40.4704188 ] } },
{ "type": "Feature", "properties": { "id": "08f2a13d2465b29b0351d271b703beea", "name": "Pappagallo's Pizzeria and Mediterranean Restaurant", "confidence": 0.53885630498533721, "socials": [ "https://www.facebook.com/100189591831290" ] }, "geometry": { "type": "Point", "coordinates": [ -74.4329465, 40.4980192 ] } },
{ "type": "Feature", "properties": { "id": "08f2a13d246e9a650315ad8198031b71", "name": "Papa John's Pizza", "confidence": 0.99497955735766175, "socials": [ "https://www.facebook.com/156617217728684" ] }, "geometry": { "type": "Point", "coordinates": [ -74.4337077, 40.4983678 ] } },
{ "type": "Feature", "properties": { "id": "08f2a13d2429e0e8038c62c5d2fc2d16", "name": "Jerusalem Pizza", "confidence": 0.99497955735766175, "socials": [ "https://www.facebook.com/117535918272086" ] }, "geometry": { "type": "Point", "coordinates": [ -74.4288498, 40.4989231 ] } },
{ "type": "Feature", "properties": { "id": "08f2a13d242a3984032448e15f9b4409", "name": "Skullboy's Pizza Shack", "confidence": 0.97817198851157294, "socials": [ "https://www.facebook.com/100373099614324" ] }, "geometry": { "type": "Point", "coordinates": [ -74.4263591, 40.5000643 ] } },
{ "type": "Feature", "properties": { "id": "08f2a13d242a05ab03fde0d3f69fb974", "name": "Giddy's Pizzeria", "confidence": 0.97817198851157294, "socials": [ "https://www.facebook.com/644989465580744" ] }, "geometry": { "type": "Point", "coordinates": [ -74.4262993, 40.500369 ] } },
{ "type": "Feature", "properties": { "id": "08f2a13d2423400b03a5367e608d2d76", "name": "Highland Pizza", "confidence": 0.99497955735766175, "socials": [ "https://www.facebook.com/114088295289720" ] }, "geometry": { "type": "Point", "coordinates": [ -74.4232897, 40.5010416 ] } },
{ "type": "Feature", "properties": { "id": "08f2a13d24366d8c03fb3212cbbeb3b1", "name": "La Rosa Pizzeria", "confidence": 0.99497955735766175, "socials": [ "https://www.facebook.com/106925688750945" ] }, "geometry": { "type": "Point", "coordinates": [ -74.4181169, 40.5011756 ] } },
{ "type": "Feature", "properties": { "id": "08f2a1068b528a92034db073d9207258", "name": "ZIA LISA Pizzeria", "confidence": 0.97817198851157294, "socials": [ "https://www.facebook.com/213644041997723" ] }, "geometry": { "type": "Point", "coordinates": [ -74.4028793, 40.5130587 ] } },
{ "type": "Feature", "properties": { "id": "08f2a1068bad367403f200808b28a920", "name": "Cucina Mandreucci", "confidence": 0.93837369560937189, "socials": [ "https://www.facebook.com/1019662388097737" ] }, "geometry": { "type": "Point", "coordinates": [ -74.3889988, 40.5031149 ] } },
{ "type": "Feature", "properties": { "id": "08f2a1068bad331a034d78f57f280adb", "name": "Edison Pizza & Italian Restaurant", "confidence": 0.97817198851157294, "socials": [ "https://www.facebook.com/187315714755" ] }, "geometry": { "type": "Point", "coordinates": [ -74.3888289, 40.5031091 ] } },
{ "type": "Feature", "properties": { "id": "08f2a1068bc328d6036a3bfcf1f74205", "name": "Pizza Hut", "confidence": 0.99497955735766175, "socials": [ "https://www.facebook.com/109643864284039" ] }, "geometry": { "type": "Point", "coordinates": [ -74.3992389, 40.517372 ] } },
{ "type": "Feature", "properties": { "id": "08f2a106895b582e03cd7c86fee61a57", "name": "Lo Chiatto's", "confidence": 0.97817198851157294, "socials": [ "https://www.facebook.com/265969146748336" ] }, "geometry": { "type": "Point", "coordinates": [ -74.3786411, 40.5154891 ] } },
{ "type": "Feature", "properties": { "id": "08f2a1068909ac000388daff7d62826c", "name": "Francesco's Pizza & Restaurant", "confidence": 0.99497955735766175, "socials": [ "https://www.facebook.com/107575952690262" ] }, "geometry": { "type": "Point", "coordinates": [ -74.3721344, 40.5084691 ] } },
{ "type": "Feature", "properties": { "id": "08f2a1068909e29e033d54d7f5a0253f", "name": "Francesco's Pizzeria", "confidence": 0.77, "socials": null }, "geometry": { "type": "Point", "coordinates": [ -74.371894836425795, 40.508560180664098 ] } },
{ "type": "Feature", "properties": { "id": "08f2a1068824ec59030224f79ee6eaab", "name": "Frank's Pizza & Restaurant", "confidence": 0.99497955735766175, "socials": [ "https://www.facebook.com/112247030483800" ] }, "geometry": { "type": "Point", "coordinates": [ -74.3769918, 40.5161524 ] } },
{ "type": "Feature", "properties": { "id": "08f2a1068910e0a9032cd468212d9dad", "name": "Chicago's Pizza With A Twist", "confidence": 0.99497955735766175, "socials": [ "https://www.facebook.com/983669681823485" ] }, "geometry": { "type": "Point", "coordinates": [ -74.3642226, 40.5113194 ] } },
{ "type": "Feature", "properties": { "id": "08f2a1068982250d0339f3068c5dd6b7", "name": "Pizzatwist", "confidence": 0.77, "socials": null }, "geometry": { "type": "Point", "coordinates": [ -74.3574, 40.51566 ] } },
{ "type": "Feature", "properties": { "id": "08f2a13d36ba974203cce73e626af787", "name": "Piazza Orsillo", "confidence": 0.97817198851157294, "socials": [ "https://www.facebook.com/131473630264296" ] }, "geometry": { "type": "Point", "coordinates": [ -74.5205584, 40.5221211 ] } },
{ "type": "Feature", "properties": { "id": "08f2a13d36826812030f47623b3d031e", "name": "Somerset Pizza & Restaurant", "confidence": 0.99497955735766175, "socials": [ "https://www.facebook.com/105512267536568" ] }, "geometry": { "type": "Point", "coordinates": [ -74.5214417, 40.5294681 ] } },
{ "type": "Feature", "properties": { "id": "08f2a1069a79b24d036d90fcb5d59b05", "name": "Romano Pizza Steaks & Subs", "confidence": 0.99497955735766175, "socials": [ "https://www.facebook.com/160434723974887" ] }, "geometry": { "type": "Point", "coordinates": [ -74.4988197, 40.5380289 ] } },
{ "type": "Feature", "properties": { "id": "08f2a12a68ad23000312085daca831b4", "name": "Isabella's Pizza", "confidence": 0.77, "socials": null }, "geometry": { "type": "Point", "coordinates": [ -74.5259358, 40.5546276 ] } },
{ "type": "Feature", "properties": { "id": "08f2a12a68ad222d03b3abd69efc2467", "name": "Tito's Pizza & Mexican Cafe", "confidence": 0.77, "socials": null }, "geometry": { "type": "Point", "coordinates": [ -74.5259358, 40.5546276 ] } },
{ "type": "Feature", "properties": { "id": "08f2a12a68ad2714036664bd978d6d12", "name": "Domino's Pizza", "confidence": 0.99497955735766175, "socials": [ "https://www.facebook.com/184137511748191" ] }, "geometry": { "type": "Point", "coordinates": [ -74.5260898, 40.5551033 ] } },
{ "type": "Feature", "properties": { "id": "08f2a12a68a9051e03ab8399a75f13f7", "name": "Phoenix Café", "confidence": 0.31588785046728973, "socials": [ "https://www.facebook.com/103273868886325" ] }, "geometry": { "type": "Point", "coordinates": [ -74.52789, 40.55747 ] } },
{ "type": "Feature", "properties": { "id": "08f2a1069ba25c6e03ee019e37e6648d", "name": "Gerlanda's Pizza", "confidence": 0.77, "socials": null }, "geometry": { "type": "Point", "coordinates": [ -74.4586309, 40.5231103 ] } },
{ "type": "Feature", "properties": { "id": "08f2a12a681019a00381a7eafe39ee0e", "name": "Tacos Pizza", "confidence": 0.99497955735766175, "socials": [ "https://www.facebook.com/152094838159296" ] }, "geometry": { "type": "Point", "coordinates": [ -74.530083, 40.5619887 ] } },
{ "type": "Feature", "properties": { "id": "08f2a12a6d405ca40345aef9679a2e39", "name": "Ferraro's Pizzeria & Pub", "confidence": 0.97817198851157294, "socials": [ "https://www.facebook.com/434973236560345" ] }, "geometry": { "type": "Point", "coordinates": [ -74.5132094, 40.5628698 ] } },
{ "type": "Feature", "properties": { "id": "08f2a12a6c36560303069bdf08108887", "name": "Luca's Pizza", "confidence": 0.97817198851157294, "socials": [ "https://www.facebook.com/116235241730411" ] }, "geometry": { "type": "Point", "coordinates": [ -74.5102301, 40.5712431 ] } },
{ "type": "Feature", "properties": { "id": "08f2a12a6d5441a003bb2b05e8d27fff", "name": "Anthony's Pizza & Pasta", "confidence": 0.77, "socials": null }, "geometry": { "type": "Point", "coordinates": [ -74.509109497070298, 40.563320159912102 ] } },
{ "type": "Feature", "properties": { "id": "08f2a12a6d5441a0032fdb9b4f9f76c8", "name": "Pizza Center", "confidence": 0.99497955735766175, "socials": [ "https://www.facebook.com/109923279050868" ] }, "geometry": { "type": "Point", "coordinates": [ -74.5092011, 40.5635472 ] } },
{ "type": "Feature", "properties": { "id": "08f2a1069360bb6d03c29759acdb9dd5", "name": "La Familia Restaurant & Pizzeria", "confidence": 0.77, "socials": null }, "geometry": { "type": "Point", "coordinates": [ -74.4972048, 40.5720942 ] } },
{ "type": "Feature", "properties": { "id": "08f2a106932d570003c27c04ef2bc73e", "name": "Pizza and Pasta", "confidence": 0.97817198851157294, "socials": [ "https://www.facebook.com/391569734318772" ] }, "geometry": { "type": "Point", "coordinates": [ -74.4895658, 40.5690216 ] } },
{ "type": "Feature", "properties": { "id": "08f2a10693282a0403097690e61c4b32", "name": "Forte's Pizza", "confidence": 0.77, "socials": null }, "geometry": { "type": "Point", "coordinates": [ -74.490978, 40.571313 ] } },
{ "type": "Feature", "properties": { "id": "08f2a12a6cb0b213034469188724b735", "name": "Papa John's Pizza", "confidence": 0.99497955735766175, "socials": [ "https://www.facebook.com/150898908302472" ] }, "geometry": { "type": "Point", "coordinates": [ -74.5058714, 40.5772663 ] } },
{ "type": "Feature", "properties": { "id": "08f2a106931163a003224823169b977b", "name": "Romano's 24 II", "confidence": 0.91798695246971107, "socials": [ "https://www.facebook.com/120126127999072" ] }, "geometry": { "type": "Point", "coordinates": [ -74.4886554, 40.5825944 ] } },
{ "type": "Feature", "properties": { "id": "08f2a1069c5b419b03d8af940be694ab", "name": "Fratelli's Pizzeria & Cafe", "confidence": 0.97817198851157294, "socials": [ "https://www.facebook.com/524508244315518" ] }, "geometry": { "type": "Point", "coordinates": [ -74.4564704, 40.5686334 ] } },
{ "type": "Feature", "properties": { "id": "08f2a106912e174003ea9d5a8170ce66", "name": "Gianni's Pizzarama", "confidence": 0.99497955735766175, "socials": [ "https://www.facebook.com/239005476179362" ] }, "geometry": { "type": "Point", "coordinates": [ -74.4570955, 40.5702392 ] } },
{ "type": "Feature", "properties": { "id": "08f2a106911401350367351e3999b809", "name": "Dominick's Pizzeria", "confidence": 0.77, "socials": null }, "geometry": { "type": "Point", "coordinates": [ -74.4547317, 40.580491 ] } },
{ "type": "Feature", "properties": { "id": "08f2a1069114429d03573bc6a379b1c2", "name": "Dominick's Pizzeria", "confidence": 0.97817198851157294, "socials": [ "https://www.facebook.com/1583173565054036" ] }, "geometry": { "type": "Point", "coordinates": [ -74.4546541, 40.5805996 ] } },
{ "type": "Feature", "properties": { "id": "08f2a106902446cb036d24c866a5d35b", "name": "Avellino's Pizzeria & Sports Bar", "confidence": 0.97817198851157294, "socials": [ "https://www.facebook.com/281877725260178" ] }, "geometry": { "type": "Point", "coordinates": [ -74.4700137, 40.5881034 ] } },
{ "type": "Feature", "properties": { "id": "08f2a1069054024203013e3023bd0452", "name": "Mr Assante Pizza", "confidence": 0.97817198851157294, "socials": [ "https://www.facebook.com/279616475482190" ] }, "geometry": { "type": "Point", "coordinates": [ -74.4813641, 40.6005319 ] } },
{ "type": "Feature", "properties": { "id": "08f2a1069011514203b47633955a6481", "name": "Giuseppe's Pizza", "confidence": 0.97817198851157294, "socials": [ "https://www.facebook.com/391951314334872" ] }, "geometry": { "type": "Point", "coordinates": [ -74.4736259, 40.6013845 ] } },
{ "type": "Feature", "properties": { "id": "08f2a10691d91c53035c2bd7571e9595", "name": "Il Forno a Legna", "confidence": 0.97817198851157294, "socials": [ "https://www.facebook.com/102564949060717" ] }, "geometry": { "type": "Point", "coordinates": [ -74.4651944, 40.5907081 ] } },
{ "type": "Feature", "properties": { "id": "08f2a10691db189403c3e439fda61d1c", "name": "Rome Pizza", "confidence": 0.97817198851157294, "socials": [ "https://www.facebook.com/522941897719878" ] }, "geometry": { "type": "Point", "coordinates": [ -74.4637457, 40.5915116 ] } },
{ "type": "Feature", "properties": { "id": "08f2a1069906534503ef3e5671b6a120", "name": "Sbarro", "confidence": 0.99497955735766175, "socials": [ "https://www.facebook.com/119051572833236" ] }, "geometry": { "type": "Point", "coordinates": [ -74.436666, 40.5237234 ] } },
{ "type": "Feature", "properties": { "id": "08f2a1068a0f595403bfc8aea13eeef8", "name": "Rose's Pizza and Ice Cream", "confidence": 0.99497955735766175, "socials": [ "https://www.facebook.com/10150100905965467" ] }, "geometry": { "type": "Point", "coordinates": [ -74.4131245, 40.5248758 ] } },
{ "type": "Feature", "properties": { "id": "08f2a1069d06996103717206959063f1", "name": "Stelton Pizza", "confidence": 0.99497955735766175, "socials": [ "https://www.facebook.com/542096992566732" ] }, "geometry": { "type": "Point", "coordinates": [ -74.4231159, 40.5411372 ] } },
{ "type": "Feature", "properties": { "id": "08f2a1069d1116d00350770f1b6f30f6", "name": "Pizza Hut", "confidence": 0.99497955735766175, "socials": [ "https://www.facebook.com/111469705559590" ] }, "geometry": { "type": "Point", "coordinates": [ -74.4267511, 40.5466521 ] } },
{ "type": "Feature", "properties": { "id": "08f2a1069d132cc2039f51e6ee03082f", "name": "Pizza Hut Express", "confidence": 0.99497955735766175, "socials": [ "https://www.facebook.com/1787337004626441" ] }, "geometry": { "type": "Point", "coordinates": [ -74.4266089, 40.5485009 ] } },
{ "type": "Feature", "properties": { "id": "08f2a1069c2c4b720333fc84f6018071", "name": "Piscataway Pizza", "confidence": 0.99497955735766175, "socials": [ "https://www.facebook.com/231181651886" ] }, "geometry": { "type": "Point", "coordinates": [ -74.4422347, 40.552146 ] } },
{ "type": "Feature", "properties": { "id": "08f2a1069c21b8f30352b9ce49cfb668", "name": "Panatieri's", "confidence": 0.99497955735766175, "socials": [ "https://www.facebook.com/107681427551794" ] }, "geometry": { "type": "Point", "coordinates": [ -74.44198, 40.5533449 ] } },
{ "type": "Feature", "properties": { "id": "08f2a1069dc998b503b31f15de7954d4", "name": "Healthy Garden & Gourmet Pizza", "confidence": 0.77, "socials": null }, "geometry": { "type": "Point", "coordinates": [ -74.4349602, 40.5510041 ] } },
{ "type": "Feature", "properties": { "id": "08f2a1069c065ce003aa4c589b66ae8f", "name": "Enzo's Pizza", "confidence": 0.99497955735766175, "socials": [ "https://www.facebook.com/117487994937148" ] }, "geometry": { "type": "Point", "coordinates": [ -74.4396747, 40.5606255 ] } },
{ "type": "Feature", "properties": { "id": "08f2a1069dc0d0110313f32cba91dd16", "name": "Villa Pizza", "confidence": 0.99497955735766175, "socials": [ "https://www.facebook.com/103834195766560" ] }, "geometry": { "type": "Point", "coordinates": [ -74.4289521, 40.551013 ] } },
{ "type": "Feature", "properties": { "id": "08f2a106886a1add035711b1edbff427", "name": "Pizza Hut", "confidence": 0.41176470588235292, "socials": [ "https://www.facebook.com/1395700070709241" ] }, "geometry": { "type": "Point", "coordinates": [ -74.3926899, 40.5219081 ] } },
{ "type": "Feature", "properties": { "id": "08f2a1068871139903cb20aea9414754", "name": "Domino's Pizza", "confidence": 0.97817198851157294, "socials": [ "https://www.facebook.com/390153067769310" ] }, "geometry": { "type": "Point", "coordinates": [ -74.3896903, 40.5242242 ] } },
{ "type": "Feature", "properties": { "id": "08f2a106885b5b82033fc12fa9d49ef4", "name": "Singas Famous Pizza", "confidence": 0.99497955735766175, "socials": [ "https://www.facebook.com/101085822914307" ] }, "geometry": { "type": "Point", "coordinates": [ -74.3946366, 40.5333767 ] } },
{ "type": "Feature", "properties": { "id": "08f2a106885b52dd03e320ed86eb0617", "name": "Palermo Pizza and Grill", "confidence": 0.77, "socials": null }, "geometry": { "type": "Point", "coordinates": [ -74.3946199, 40.5333767 ] } },
{ "type": "Feature", "properties": { "id": "08f2a106885b5c4303eda3d6c01dd295", "name": "Jams Pizzeria & Restaurant", "confidence": 0.77, "socials": null }, "geometry": { "type": "Point", "coordinates": [ -74.3946199, 40.5333767 ] } },
{ "type": "Feature", "properties": { "id": "08f2a1068e2e560e038ea5f3e5df7102", "name": "Fracos pizza edison", "confidence": 0.71069587628865982, "socials": [ "https://www.facebook.com/164771783691909" ] }, "geometry": { "type": "Point", "coordinates": [ -74.395634, 40.53542 ] } },
{ "type": "Feature", "properties": { "id": "08f2a1068d6d315903fd182c7f34fd53", "name": "Chuck E. Cheese", "confidence": 0.97817198851157294, "socials": [ "https://www.facebook.com/134366056636485" ] }, "geometry": { "type": "Point", "coordinates": [ -74.3643382, 40.5197156 ] } },
{ "type": "Feature", "properties": { "id": "08f2a1068c20586e0394cbb439a2fe59", "name": "Wood Stack Pizza and Kitchen", "confidence": 0.97817198851157294, "socials": [ "https://www.facebook.com/105830884163487" ] }, "geometry": { "type": "Point", "coordinates": [ -74.3643442, 40.5384005 ] } },
{ "type": "Feature", "properties": { "id": "08f2a1068d526d9e03422dc9ff27368d", "name": "Vecchio Forno Pizzeria & Ristorante", "confidence": 0.77, "socials": null }, "geometry": { "type": "Point", "coordinates": [ -74.360073, 40.534538 ] } },
{ "type": "Feature", "properties": { "id": "08f2a1068dc9bada03f7fe4309c3207c", "name": "L&L Pizza and Pasta", "confidence": 0.97817198851157294, "socials": [ "https://www.facebook.com/104179338058854" ] }, "geometry": { "type": "Point", "coordinates": [ -74.3599789, 40.5345967 ] } },
{ "type": "Feature", "properties": { "id": "08f2a1068e3b5c0403037dee81698e23", "name": "Bella Mama", "confidence": 0.77, "socials": null }, "geometry": { "type": "Point", "coordinates": [ -74.39716, 40.541282 ] } },
{ "type": "Feature", "properties": { "id": "08f2a1068c0a0c160398e1ef6d339c3b", "name": "Joey D's Pizza", "confidence": 0.99497955735766175, "socials": [ "https://www.facebook.com/332244883756" ] }, "geometry": { "type": "Point", "coordinates": [ -74.3709173, 40.5469473 ] } },
{ "type": "Feature", "properties": { "id": "08f2a1068c3adc6203d6531997bcbca2", "name": "La Rosa's Pizza", "confidence": 0.97817198851157294, "socials": [ "https://www.facebook.com/144530045566681" ] }, "geometry": { "type": "Point", "coordinates": [ -74.3654519, 40.5404724 ] } },
{ "type": "Feature", "properties": { "id": "08f2a1068c300a8e038fc6fbe5a59f30", "name": "Che Pizza", "confidence": 0.99497955735766175, "socials": [ "https://www.facebook.com/103727192406033" ] }, "geometry": { "type": "Point", "coordinates": [ -74.3632766, 40.541064 ] } },
{ "type": "Feature", "properties": { "id": "08f2a1068c324b450358888de444665a", "name": "Mangia Toscano", "confidence": 0.98331870061457416, "socials": [ "https://www.facebook.com/296777357926028" ] }, "geometry": { "type": "Point", "coordinates": [ -74.3616207, 40.5420925 ] } },
{ "type": "Feature", "properties": { "id": "08f2a1068ca9825b03ae8b29e6253990", "name": "Antonio's Brick Oven Pizza", "confidence": 0.99497955735766175, "socials": [ "https://www.facebook.com/211681043895" ] }, "geometry": { "type": "Point", "coordinates": [ -74.3623142, 40.5427117 ] } },
{ "type": "Feature", "properties": { "id": "08f2a106820e359903d9e4d32d9d1675", "name": "Luigi's New York Style Pizza", "confidence": 0.99497955735766175, "socials": [ "https://www.facebook.com/108636651745712" ] }, "geometry": { "type": "Point", "coordinates": [ -74.430625, 40.5790333 ] } },
{ "type": "Feature", "properties": { "id": "08f2a10682a65b4303155cad677d3c6d", "name": "Giuseppe Pizza", "confidence": 0.97817198851157294, "socials": [ "https://www.facebook.com/101128906282597" ] }, "geometry": { "type": "Point", "coordinates": [ -74.414073, 40.5768424 ] } },
{ "type": "Feature", "properties": { "id": "08f2a10680692d9103fdf9a2db5066fb", "name": "Pizza Stop", "confidence": 0.77, "socials": null }, "geometry": { "type": "Point", "coordinates": [ -74.414188, 40.5769827 ] } },
{ "type": "Feature", "properties": { "id": "08f2a1068079581a039cf8c462a10b1e", "name": "Pizza Pieology", "confidence": 0.53885630498533721, "socials": [ "https://www.facebook.com/403872263279074" ] }, "geometry": { "type": "Point", "coordinates": [ -74.41072, 40.57962 ] } },
{ "type": "Feature", "properties": { "id": "08f2a106804d080b03678bdad16d50a8", "name": "Domino's Pizza", "confidence": 0.99497955735766175, "socials": [ "https://www.facebook.com/674580462558955" ] }, "geometry": { "type": "Point", "coordinates": [ -74.4136724, 40.582095 ] } },
{ "type": "Feature", "properties": { "id": "08f2a106804c259b03b5742908e10bf9", "name": "Ciccio's Pizza", "confidence": 0.97817198851157294, "socials": [ "https://www.facebook.com/340703717708" ] }, "geometry": { "type": "Point", "coordinates": [ -74.4129143, 40.5818321 ] } },
{ "type": "Feature", "properties": { "id": "08f2a10695a84b82039aab33ff4a1b6e", "name": "Ottos Pizza & Pasta", "confidence": 0.99497955735766175, "socials": [ "https://www.facebook.com/101125895481095" ] }, "geometry": { "type": "Point", "coordinates": [ -74.4379805, 40.5972493 ] } },
{ "type": "Feature", "properties": { "id": "08f2a1068280c84403de285d65960ce6", "name": "Rodolfo's Restaurant & Pizzeria", "confidence": 0.99497955735766175, "socials": [ "https://www.facebook.com/117665161586565" ] }, "geometry": { "type": "Point", "coordinates": [ -74.4200553, 40.5860157 ] } },
{ "type": "Feature", "properties": { "id": "08f2a10682952d4e0364097281211234", "name": "Papa John's Pizza", "confidence": 0.99497955735766175, "socials": [ "https://www.facebook.com/203382679674158" ] }, "geometry": { "type": "Point", "coordinates": [ -74.4188492, 40.5873522 ] } },
{ "type": "Feature", "properties": { "id": "08f2a10686b4348303e12419efe984ab", "name": "Bruno's Pizza Factory", "confidence": 0.99497955735766175, "socials": [ "https://www.facebook.com/101964059508140" ] }, "geometry": { "type": "Point", "coordinates": [ -74.4008365, 40.5975617 ] } },
{ "type": "Feature", "properties": { "id": "08f2a10686b5490603f1faf584b7b9a6", "name": "Salerno Pizza Ristorante", "confidence": 0.97817198851157294, "socials": [ "https://www.facebook.com/283830791741651" ] }, "geometry": { "type": "Point", "coordinates": [ -74.4013068, 40.5988155 ] } },
{ "type": "Feature", "properties": { "id": "08f2a10680adc79b0308b2d406bb88dc", "name": "Tony's Pizza", "confidence": 0.97817198851157294, "socials": [ "https://www.facebook.com/387728138002244" ] }, "geometry": { "type": "Point", "coordinates": [ -74.3917545, 40.5766695 ] } },
{ "type": "Feature", "properties": { "id": "08f2a10680ae236e0395930ef6049514", "name": "Carmen's Trattoria", "confidence": 0.9961633011413521, "socials": [ "https://www.facebook.com/10150104437215158" ] }, "geometry": { "type": "Point", "coordinates": [ -74.3899712, 40.5782429 ] } },
{ "type": "Feature", "properties": { "id": "08f2a1068560d4840380b06c4cc08a04", "name": "Benny's Pizza", "confidence": 0.97817198851157294, "socials": [ "https://www.facebook.com/108190155245325" ] }, "geometry": { "type": "Point", "coordinates": [ -74.3771793, 40.5763679 ] } },
{ "type": "Feature", "properties": { "id": "08f2a1068560d48403a217d983e5fb00", "name": "Benny's Pizza", "confidence": 0.77, "socials": null }, "geometry": { "type": "Point", "coordinates": [ -74.3771662, 40.5764636 ] } },
{ "type": "Feature", "properties": { "id": "08f2a106a368088a03f48e74f1b22f4b", "name": "Cafe Gallo Pizzeria & Ristorante", "confidence": 0.77, "socials": null }, "geometry": { "type": "Point", "coordinates": [ -74.3679799, 40.5963724 ] } },
{ "type": "Feature", "properties": { "id": "08f2a106c2304adc03348ae75fc452ac", "name": "Sammy’s Deli & Grill", "confidence": 0.71069587628865982, "socials": [ "https://www.facebook.com/541700242699500" ] }, "geometry": { "type": "Point", "coordinates": [ -74.3140985, 40.4504423 ] } },
{ "type": "Feature", "properties": { "id": "08f2a106c2304791038965f3088ab9a6", "name": "TJ's Pizzeria and Catering", "confidence": 0.99497955735766175, "socials": [ "https://www.facebook.com/234384148831" ] }, "geometry": { "type": "Point", "coordinates": [ -74.3142214, 40.4504679 ] } },
{ "type": "Feature", "properties": { "id": "08f2a106d573496803f967f1451828aa", "name": "Si Mangia!", "confidence": 0.77, "socials": null }, "geometry": { "type": "Point", "coordinates": [ -74.340621, 40.472117 ] } },
{ "type": "Feature", "properties": { "id": "08f2a106d526c2d3034c5b7a3b83ec81", "name": "Pizza Heaven", "confidence": 0.97817198851157294, "socials": [ "https://www.facebook.com/1476428686007075" ] }, "geometry": { "type": "Point", "coordinates": [ -74.328104, 40.4626901 ] } },
{ "type": "Feature", "properties": { "id": "08f2a106d526c2e20312bc9a35fa575d", "name": "Pizza Heaven", "confidence": 0.77, "socials": null }, "geometry": { "type": "Point", "coordinates": [ -74.3279993, 40.4627837 ] } },
{ "type": "Feature", "properties": { "id": "08f2a106c660bdb5034db966a6e2514b", "name": "Nana's Pizza", "confidence": 0.77, "socials": null }, "geometry": { "type": "Point", "coordinates": [ -74.3131045, 40.4674363 ] } },
{ "type": "Feature", "properties": { "id": "08f2a106c660d0d103cbcce6a32c7452", "name": "Primo’s pizza & subs", "confidence": 0.77, "socials": null }, "geometry": { "type": "Point", "coordinates": [ -74.312189, 40.467551 ] } },
{ "type": "Feature", "properties": { "id": "08f2a106c3370d1c0391570a1fec90e4", "name": "Torino Pizza", "confidence": 0.77, "socials": null }, "geometry": { "type": "Point", "coordinates": [ -74.296781, 40.4310108 ] } },
{ "type": "Feature", "properties": { "id": "08f2a106c33232cd03fc17791007b5a5", "name": "La Tombola", "confidence": 0.77, "socials": null }, "geometry": { "type": "Point", "coordinates": [ -74.297723, 40.432421 ] } },
{ "type": "Feature", "properties": { "id": "08f2a106c3068c1e035f122e5e07a446", "name": "Cafe Patanaro", "confidence": 0.77, "socials": null }, "geometry": { "type": "Point", "coordinates": [ -74.2994396, 40.4346426 ] } },
{ "type": "Feature", "properties": { "id": "08f2a106c3323a51035f656347a3d302", "name": "Torino Pizza", "confidence": 0.97817198851157294, "socials": [ "https://www.facebook.com/114242231286089" ] }, "geometry": { "type": "Point", "coordinates": [ -74.2975016, 40.4325298 ] } },
{ "type": "Feature", "properties": { "id": "08f2a106c06d3a4003e04f9cd9938198", "name": "Domino's Pizza", "confidence": 0.99497955735766175, "socials": [ "https://www.facebook.com/113150914635354" ] }, "geometry": { "type": "Point", "coordinates": [ -74.3009857, 40.4482429 ] } },
{ "type": "Feature", "properties": { "id": "08f2a106c0671693031bc684a91a0411", "name": "Vinnie's Pizza", "confidence": 0.99497955735766175, "socials": [ "https://www.facebook.com/343257722478246" ] }, "geometry": { "type": "Point", "coordinates": [ -74.295503, 40.4487801 ] } },
{ "type": "Feature", "properties": { "id": "08f2a106c2aa4851030661cf80972e92", "name": "Pulcinella Restaurant & Pizza", "confidence": 0.99497955735766175, "socials": [ "https://www.facebook.com/835466783480883" ] }, "geometry": { "type": "Point", "coordinates": [ -74.3106237, 40.4541282 ] } },
{ "type": "Feature", "properties": { "id": "08f2a106c286562a03868989001b1f2f", "name": "Goodfellows Pizza & Italian Specialties", "confidence": 0.77, "socials": null }, "geometry": { "type": "Point", "coordinates": [ -74.3067108, 40.4589978 ] } },
{ "type": "Feature", "properties": { "id": "08f2a106c07b3ae10365ce86506cd960", "name": "Mike's Pizza", "confidence": 0.99497955735766175, "socials": [ "https://www.facebook.com/1484651231756413" ] }, "geometry": { "type": "Point", "coordinates": [ -74.3000152, 40.4538931 ] } },
{ "type": "Feature", "properties": { "id": "08f2a106c07a1ac803e865b4120f1735", "name": "Bubba's 33 - Parlin, NJ", "confidence": 0.9961633011413521, "socials": [ "https://www.facebook.com/127623174572930" ] }, "geometry": { "type": "Point", "coordinates": [ -74.2980379, 40.4536201 ] } },
{ "type": "Feature", "properties": { "id": "08f2a106c0468321030dc6c599294270", "name": "Singas Famous Pizza", "confidence": 0.99497955735766175, "socials": [ "https://www.facebook.com/150656838293493" ] }, "geometry": { "type": "Point", "coordinates": [ -74.2959509, 40.4555961 ] } },
{ "type": "Feature", "properties": { "id": "08f2a106c046d69903825feced8ffbae", "name": "Singas Famous Pizza", "confidence": 0.77, "socials": null }, "geometry": { "type": "Point", "coordinates": [ -74.29573, 40.45554 ] } },
{ "type": "Feature", "properties": { "id": "08f2a106c0726b3303f762fe2210549f", "name": "Santino's Pizza", "confidence": 0.97817198851157294, "socials": [ "https://www.facebook.com/632938360517229" ] }, "geometry": { "type": "Point", "coordinates": [ -74.2943414, 40.4544988 ] } },
{ "type": "Feature", "properties": { "id": "08f2a106c0c9e0ee03e1a7de68c5b454", "name": "Pronto Pizza and Restaurant", "confidence": 0.9961633011413521, "socials": [ "https://www.facebook.com/104791487989371" ] }, "geometry": { "type": "Point", "coordinates": [ -74.2973076, 40.463449 ] } },
{ "type": "Feature", "properties": { "id": "08f2a106c0d0155d03d25412746a4680", "name": "Sbarro", "confidence": 0.77, "socials": null }, "geometry": { "type": "Point", "coordinates": [ -74.2888836, 40.4669564 ] } },
{ "type": "Feature", "properties": { "id": "08f2a106c42f551303618345fcb6e2c6", "name": "J&S Pizza", "confidence": 0.93837369560937189, "socials": [ "https://www.facebook.com/1449092308460748" ] }, "geometry": { "type": "Point", "coordinates": [ -74.2747209, 40.4657243 ] } },
{ "type": "Feature", "properties": { "id": "08f2a106d4da63a203f5514af3ad667b", "name": "Aqua Di Parma", "confidence": 0.53885630498533721, "socials": [ "https://www.facebook.com/218599418161249" ] }, "geometry": { "type": "Point", "coordinates": [ -74.35419, 40.50277 ] } },
{ "type": "Feature", "properties": { "id": "08f2a106c455472c03bea78b190c4741", "name": "Amano Pizza", "confidence": 0.9961633011413521, "socials": [ "https://www.facebook.com/809137555952004" ] }, "geometry": { "type": "Point", "coordinates": [ -74.2827185, 40.478015 ] } },
{ "type": "Feature", "properties": { "id": "08f2a106f127420b030eca15ca15af99", "name": "Don Giovanni Restaurant", "confidence": 0.99497955735766175, "socials": [ "https://www.facebook.com/1950759058491007" ] }, "geometry": { "type": "Point", "coordinates": [ -74.2860196, 40.4839822 ] } },
{ "type": "Feature", "properties": { "id": "08f2a106c4ca611903e4adf9d07b64b2", "name": "Delios Pizza", "confidence": 0.97817198851157294, "socials": [ "https://www.facebook.com/120218344661850" ] }, "geometry": { "type": "Point", "coordinates": [ -74.2808047, 40.4840326 ] } },
{ "type": "Feature", "properties": { "id": "08f2a106f5ce106503255149a9255876", "name": "Sciortino's Pizza", "confidence": 0.99497955735766175, "socials": [ "https://www.facebook.com/151782064853843" ] }, "geometry": { "type": "Point", "coordinates": [ -74.2795775, 40.5175581 ] } },
{ "type": "Feature", "properties": { "id": "08f2a106f50089b3034b83e3f07a53d3", "name": "Happy Days Pizzeria", "confidence": 0.97817198851157294, "socials": [ "https://www.facebook.com/160066690679454" ] }, "geometry": { "type": "Point", "coordinates": [ -74.2762493, 40.5109697 ] } },
{ "type": "Feature", "properties": { "id": "08f2a106f5a9c96c03bf61ac71d133d9", "name": "Lucky's Pizzeria", "confidence": 0.99497955735766175, "socials": [ "https://www.facebook.com/129467893794107" ] }, "geometry": { "type": "Point", "coordinates": [ -74.2707845, 40.5093001 ] } },
{ "type": "Feature", "properties": { "id": "08f2a106f5aa640c03291fd8748b1e03", "name": "Little Caesars", "confidence": 0.41176470588235292, "socials": [ "https://www.facebook.com/525677830883763" ] }, "geometry": { "type": "Point", "coordinates": [ -74.2695791, 40.5107098 ] } },
{ "type": "Feature", "properties": { "id": "08f2a106f5161353033634ee549fd14d", "name": "Pizzarelli Restaurant", "confidence": 0.97817198851157294, "socials": [ "https://www.facebook.com/139138736158344" ] }, "geometry": { "type": "Point", "coordinates": [ -74.2678387, 40.5103129 ] } },
{ "type": "Feature", "properties": { "id": "08f2a106f5a1606303c963901da6de5c", "name": "Mario's Famous Pizza", "confidence": 0.77, "socials": null }, "geometry": { "type": "Point", "coordinates": [ -74.2677711, 40.5103083 ] } },
{ "type": "Feature", "properties": { "id": "08f2a106f5a160630345092f8604b3c1", "name": "S Cachapa", "confidence": 0.89363057324840767, "socials": [ "https://www.facebook.com/103900228703495" ] }, "geometry": { "type": "Point", "coordinates": [ -74.2677931, 40.5104081 ] } },
{ "type": "Feature", "properties": { "id": "08f2a106f511491d03d1cb6c093383e4", "name": "Dianey pizzería restaurante", "confidence": 0.97817198851157294, "socials": [ "https://www.facebook.com/109038888393397" ] }, "geometry": { "type": "Point", "coordinates": [ -74.275671, 40.5155391 ] } },
{ "type": "Feature", "properties": { "id": "08f2a106e84e92eb03690670d9836f2d", "name": "Domino's Pizza", "confidence": 0.97817198851157294, "socials": [ "https://www.facebook.com/629244913753363" ] }, "geometry": { "type": "Point", "coordinates": [ -74.2257948, 40.438347 ] } },
{ "type": "Feature", "properties": { "id": "08f2a106c5b0e6cb032da77994168a55", "name": "Lisa Restaurant & Pizzeria", "confidence": 0.97817198851157294, "socials": [ "https://www.facebook.com/168539629836307" ] }, "geometry": { "type": "Point", "coordinates": [ -74.2467707, 40.4565322 ] } },
{ "type": "Feature", "properties": { "id": "08f2a106e870a0c1039961221294f05b", "name": "Tony's Pizza and Restaurant", "confidence": 0.97817198851157294, "socials": [ "https://www.facebook.com/1236733706462741" ] }, "geometry": { "type": "Point", "coordinates": [ -74.2205748, 40.4359523 ] } },
{ "type": "Feature", "properties": { "id": "08f2a106e8a1db2c0357ce585433eb45", "name": "Front Street Pizza", "confidence": 0.99497955735766175, "socials": [ "https://www.facebook.com/110533485301209" ] }, "geometry": { "type": "Point", "coordinates": [ -74.2034802, 40.4369765 ] } },
{ "type": "Feature", "properties": { "id": "08f2a106e8a0e4990398993f3c76391a", "name": "Keyport Pizza", "confidence": 0.53885630498533721, "socials": [ "https://www.facebook.com/233183393415435" ] }, "geometry": { "type": "Point", "coordinates": [ -74.2034447, 40.4369616 ] } },
{ "type": "Feature", "properties": { "id": "08f2a106e8b534e803face3735dd44a8", "name": "Italian Touch", "confidence": 0.99497955735766175, "socials": [ "https://www.facebook.com/911247895691049" ] }, "geometry": { "type": "Point", "coordinates": [ -74.2010468, 40.4378386 ] } },
{ "type": "Feature", "properties": { "id": "08f2a106ed796100031161a80b8fdd7a", "name": "Luigi's Ristorante & Pizzeria", "confidence": 0.77, "socials": null }, "geometry": { "type": "Point", "coordinates": [ -74.196510314941406, 40.438705444335938 ] } },
{ "type": "Feature", "properties": { "id": "08f2a106ed31b28803860eb27e6e580a", "name": "Romeos Pizza and Pasta Express", "confidence": 0.93837369560937189, "socials": [ "https://www.facebook.com/877662852303287" ] }, "geometry": { "type": "Point", "coordinates": [ -74.1813552, 40.4344566 ] } },
{ "type": "Feature", "properties": { "id": "08f2a106ed31b05503fcc9cfd8ee1492", "name": "Romeo's Pizza & Pasta (Hazlet)", "confidence": 0.77, "socials": null }, "geometry": { "type": "Point", "coordinates": [ -74.1813023, 40.4344811 ] } },
{ "type": "Feature", "properties": { "id": "08f2a106ed31b288036f7e1884ad9c9c", "name": "Romeo's Pizza & Pasta Express", "confidence": 0.77, "socials": null }, "geometry": { "type": "Point", "coordinates": [ -74.181216, 40.434393 ] } },
{ "type": "Feature", "properties": { "id": "08f2a106ed00c50203c7f3d1f21e2907", "name": "Naples on Florence", "confidence": 0.47268106734434556, "socials": [ "https://www.facebook.com/912271538784764" ] }, "geometry": { "type": "Point", "coordinates": [ -74.18374, 40.44026 ] } },
{ "type": "Feature", "properties": { "id": "08f2a106f586e8b4030711f6bcbb7a4e", "name": "King's Deli & Pizza", "confidence": 0.31588785046728973, "socials": [ "https://www.facebook.com/1262702420422526" ] }, "geometry": { "type": "Point", "coordinates": [ -74.26492, 40.51509 ] } },
{ "type": "Feature", "properties": { "id": "08f2a106e605a64803d68e4b972e2e1d", "name": "Mangia", "confidence": 0.99497955735766175, "socials": [ "https://www.facebook.com/101002038005345" ] }, "geometry": { "type": "Point", "coordinates": [ -74.2465827, 40.5092328 ] } },
{ "type": "Feature", "properties": { "id": "08f2a106e63b490c0354e8896a42e568", "name": "Villaggio Pizzaria Restaurante", "confidence": 0.77, "socials": null }, "geometry": { "type": "Point", "coordinates": [ -74.2465574, 40.5092404 ] } },
{ "type": "Feature", "properties": { "id": "08f2a106e6014a9e03f51402bf3581b8", "name": "Towne Deli", "confidence": 0.99497955735766175, "socials": [ "https://www.facebook.com/144851942808514" ] }, "geometry": { "type": "Point", "coordinates": [ -74.2480335, 40.513448 ] } },
{ "type": "Feature", "properties": { "id": "08f2a106e606a52303e3d2351f9e3355", "name": "Gigi's Cafe", "confidence": 0.99497955735766175, "socials": [ "https://www.facebook.com/959908267390133" ] }, "geometry": { "type": "Point", "coordinates": [ -74.2439517, 40.5100189 ] } },
{ "type": "Feature", "properties": { "id": "08f2a106e60452cd038eecf24c2a88ec", "name": "Keke's Grab and Go", "confidence": 0.99497955735766175, "socials": [ "https://www.facebook.com/838838146249670" ] }, "geometry": { "type": "Point", "coordinates": [ -74.2439164, 40.5099952 ] } },
{ "type": "Feature", "properties": { "id": "08f2a106e6a96a6003394c3a12cbb33b", "name": "Rocky's Pizza Bar", "confidence": 0.97817198851157294, "socials": [ "https://www.facebook.com/407025145831490" ] }, "geometry": { "type": "Point", "coordinates": [ -74.2420152, 40.5110179 ] } },
{ "type": "Feature", "properties": { "id": "08f2a106e6a90d250345e053c1cdee5d", "name": "Reggiano's Brick Oven Pizza", "confidence": 0.9961633011413521, "socials": [ "https://www.facebook.com/496076760450915" ] }, "geometry": { "type": "Point", "coordinates": [ -74.2419393, 40.5109123 ] } },
{ "type": "Feature", "properties": { "id": "08f2a106e6103b5303ebfe6fd57f2cb7", "name": "Randazzos Bar/Restaurant and Pizzeria", "confidence": 0.47268106734434556, "socials": [ "https://www.facebook.com/127661850588737" ] }, "geometry": { "type": "Point", "coordinates": [ -74.244955, 40.515122 ] } },
{ "type": "Feature", "properties": { "id": "08f2a106e449281a036225e8c143341c", "name": "Villa Monte Pizzeria South", "confidence": 0.99497955735766175, "socials": [ "https://www.facebook.com/2082036692010467" ] }, "geometry": { "type": "Point", "coordinates": [ -74.234319, 40.5165322 ] } },
{ "type": "Feature", "properties": { "id": "08f2a1068d8a462c032daab44b12e8a6", "name": "Tony's Italian Restaurant & Pizza", "confidence": 0.77, "socials": null }, "geometry": { "type": "Point", "coordinates": [ -74.346709, 40.5346258 ] } },
{ "type": "Feature", "properties": { "id": "08f2a1068d99da9e03ed197379baf38a", "name": "Tony's Italian Restaurant & Pizza", "confidence": 0.97817198851157294, "socials": [ "https://www.facebook.com/109291215037658" ] }, "geometry": { "type": "Point", "coordinates": [ -74.346542, 40.5354322 ] } },
{ "type": "Feature", "properties": { "id": "08f2a1068d97471b032458efbb0615f1", "name": "Ferraro's Restaurant & Pizzeria", "confidence": 0.77, "socials": null }, "geometry": { "type": "Point", "coordinates": [ -74.33975, 40.535241 ] } },
{ "type": "Feature", "properties": { "id": "08f2a106f659521a0357e745f2629bd9", "name": "Fratelli's Pizza", "confidence": 0.99497955735766175, "socials": [ "https://www.facebook.com/468411003363970" ] }, "geometry": { "type": "Point", "coordinates": [ -74.3360915, 40.5342644 ] } },
{ "type": "Feature", "properties": { "id": "08f2a106f6b88c59036ff628cae58ddf", "name": "Ford's Pizza", "confidence": 0.77, "socials": null }, "geometry": { "type": "Point", "coordinates": [ -74.313415, 40.528284 ] } },
{ "type": "Feature", "properties": { "id": "08f2a106f6b88d52039c6bf2507096c9", "name": "Fords Pizza Restaurant", "confidence": 0.97817198851157294, "socials": [ "https://www.facebook.com/116265521731209" ] }, "geometry": { "type": "Point", "coordinates": [ -74.313418, 40.5283245 ] } },
{ "type": "Feature", "properties": { "id": "08f2a106f650a580035af5d50800f924", "name": "Flavorful Pizza & Restaurant ", "confidence": 0.31588785046728973, "socials": [ "https://www.facebook.com/106418765073734" ] }, "geometry": { "type": "Point", "coordinates": [ -74.33153, 40.53304 ] } },
{ "type": "Feature", "properties": { "id": "08f2a106f619e72d03ca036ae9019962", "name": "Joey Bundtz Pizza", "confidence": 0.99497955735766175, "socials": [ "https://www.facebook.com/115057257852412" ] }, "geometry": { "type": "Point", "coordinates": [ -74.3260706, 40.531268 ] } },
{ "type": "Feature", "properties": { "id": "08f2a106f6b922f103a0b9162c9eff80", "name": "Brooklyn Pizza", "confidence": 0.99497955735766175, "socials": [ "https://www.facebook.com/246023448896276" ] }, "geometry": { "type": "Point", "coordinates": [ -74.3159839, 40.5294788 ] } },
{ "type": "Feature", "properties": { "id": "08f2a106ab04d9a30355a66d4f9aebca", "name": "Menlo Pizza", "confidence": 0.99497955735766175, "socials": [ "https://www.facebook.com/111742905529561" ] }, "geometry": { "type": "Point", "coordinates": [ -74.3345618, 40.5435745 ] } },
{ "type": "Feature", "properties": { "id": "08f2a106ab125a58036cf79e623524e9", "name": "Anthony's Coal Fired Pizza", "confidence": 0.99497955735766175, "socials": [ "https://www.facebook.com/194262083943535" ] }, "geometry": { "type": "Point", "coordinates": [ -74.3341052, 40.5503481 ] } },
{ "type": "Feature", "properties": { "id": "08f2a106abcb353503c8665692c1e0d5", "name": "Brooklyn Boys Pizza & Deli", "confidence": 0.77, "socials": null }, "geometry": { "type": "Point", "coordinates": [ -74.345583, 40.555624 ] } },
{ "type": "Feature", "properties": { "id": "08f2a106abc84d1403106d861575e04c", "name": "Brooklyn Boys Pizza and Deli", "confidence": 0.99497955735766175, "socials": [ "https://www.facebook.com/336957339652557" ] }, "geometry": { "type": "Point", "coordinates": [ -74.3446136, 40.5554208 ] } },
{ "type": "Feature", "properties": { "id": "08f2a106abd9ccb203628edd96908289", "name": "Papa John's Pizza", "confidence": 0.99497955735766175, "socials": [ "https://www.facebook.com/358901994306689" ] }, "geometry": { "type": "Point", "coordinates": [ -74.3438382, 40.5572556 ] } },
{ "type": "Feature", "properties": { "id": "08f2a106aaa6dd82030e3d691d90c0dd", "name": "Domino's Pizza", "confidence": 0.97817198851157294, "socials": [ "https://www.facebook.com/566354850073934" ] }, "geometry": { "type": "Point", "coordinates": [ -74.3387635, 40.5601967 ] } },
{ "type": "Feature", "properties": { "id": "08f2a106a94d0cf3030eb3e03e479f9c", "name": "Angelo's Pizza", "confidence": 0.99497955735766175, "socials": [ "https://www.facebook.com/191858667563962" ] }, "geometry": { "type": "Point", "coordinates": [ -74.3226195, 40.5480296 ] } },
{ "type": "Feature", "properties": { "id": "08f2a106ab8a952c03a610eddcb539da", "name": "Pizza Hut Express", "confidence": 0.98582594999015549, "socials": [ "https://www.facebook.com/1550996171601517" ] }, "geometry": { "type": "Point", "coordinates": [ -74.332445, 40.5518321 ] } },
{ "type": "Feature", "properties": { "id": "08f2a106f6b564420310c03f0b94a9e9", "name": "Dolce Pizzeria & Restaurant", "confidence": 0.9961633011413521, "socials": [ "https://www.facebook.com/101832648313746" ] }, "geometry": { "type": "Point", "coordinates": [ -74.3093802, 40.5273404 ] } },
{ "type": "Feature", "properties": { "id": "08f2a106f6b3499503e4688a9aa576be", "name": "Goodfellows Pizza and Italian Specialties", "confidence": 0.99497955735766175, "socials": [ "https://www.facebook.com/319150010129" ] }, "geometry": { "type": "Point", "coordinates": [ -74.3095314, 40.5312232 ] } },
{ "type": "Feature", "properties": { "id": "08f2a106f411c9ae03fc3aadb164c768", "name": "Mama Lena's Restaurant & Pizza", "confidence": 0.99497955735766175, "socials": [ "https://www.facebook.com/125143690873244" ] }, "geometry": { "type": "Point", "coordinates": [ -74.2912366, 40.5323224 ] } },
{ "type": "Feature", "properties": { "id": "08f2a106f5c842360396244d1b22c4b9", "name": "Domino's", "confidence": 0.99497955735766175, "socials": [ "https://www.facebook.com/160607703962516" ] }, "geometry": { "type": "Point", "coordinates": [ -74.2831137, 40.5198422 ] } },
{ "type": "Feature", "properties": { "id": "08f2a106f5d5c77603ec2ca6348280bf", "name": "Paone Pizzeria Restaurant", "confidence": 0.99497955735766175, "socials": [ "https://www.facebook.com/103492078516785" ] }, "geometry": { "type": "Point", "coordinates": [ -74.275869, 40.5194455 ] } },
{ "type": "Feature", "properties": { "id": "08f2a106f59a3ac00359b024abf98ae3", "name": "Stella Pizza", "confidence": 0.99497955735766175, "socials": [ "https://www.facebook.com/116179788406237" ] }, "geometry": { "type": "Point", "coordinates": [ -74.2696436, 40.5203017 ] } },
{ "type": "Feature", "properties": { "id": "08f2a106f499c8cc030582754ddf86df", "name": "Milanos Pizzeria", "confidence": 0.97817198851157294, "socials": [ "https://www.facebook.com/169297026416143" ] }, "geometry": { "type": "Point", "coordinates": [ -74.287071, 40.5376052 ] } },
{ "type": "Feature", "properties": { "id": "08f2a106a998531e03fd96586fc73fbb", "name": "Roman Delight Pizza", "confidence": 0.77, "socials": null }, "geometry": { "type": "Point", "coordinates": [ -74.3015106, 40.5559486 ] } },
{ "type": "Feature", "properties": { "id": "08f2a106a8a6802903e89ea132589664", "name": "Nunzio's Pizzeria", "confidence": 0.97817198851157294, "socials": [ "https://www.facebook.com/734879573322639" ] }, "geometry": { "type": "Point", "coordinates": [ -74.3093621, 40.5606665 ] } },
{ "type": "Feature", "properties": { "id": "08f2a106a9833d6403b7704a6edc55e1", "name": "Sbarro", "confidence": 0.77, "socials": null }, "geometry": { "type": "Point", "coordinates": [ -74.30051122, 40.55439188 ] } },
{ "type": "Feature", "properties": { "id": "08f2a106a9900c9d03ab9ece1b211503", "name": "Sbarro", "confidence": 0.99497955735766175, "socials": [ "https://www.facebook.com/153042678081738" ] }, "geometry": { "type": "Point", "coordinates": [ -74.2992208, 40.5566455 ] } },
{ "type": "Feature", "properties": { "id": "08f2a106a9902a3403794292df970f53", "name": "Roman Delight Pizza", "confidence": 0.97817198851157294, "socials": [ "https://www.facebook.com/256027201094548" ] }, "geometry": { "type": "Point", "coordinates": [ -74.2982825, 40.5562081 ] } },
{ "type": "Feature", "properties": { "id": "08f2a1061a3a4aee033cf1c1df1e51bb", "name": "Strawberry's Pub & Pizza", "confidence": 0.99497955735766175, "socials": [ "https://www.facebook.com/175037529109" ] }, "geometry": { "type": "Point", "coordinates": [ -74.2765993, 40.5446181 ] } },
{ "type": "Feature", "properties": { "id": "08f2a1061ac5161a0337820b950e9cc6", "name": "San Remo Pizza", "confidence": 0.99497955735766175, "socials": [ "https://www.facebook.com/895459183817486" ] }, "geometry": { "type": "Point", "coordinates": [ -74.2801292, 40.5540245 ] } },
{ "type": "Feature", "properties": { "id": "08f2a1061a88055a033d8073437947a8", "name": "Pino's Pizza & Restaurant", "confidence": 0.97817198851157294, "socials": [ "https://www.facebook.com/10150127238110319" ] }, "geometry": { "type": "Point", "coordinates": [ -74.2744976, 40.5543609 ] } },
{ "type": "Feature", "properties": { "id": "08f2a1061a825d92033ab9a52eb07945", "name": "Sbarro", "confidence": 0.77, "socials": null }, "geometry": { "type": "Point", "coordinates": [ -74.26847559, 40.5553881 ] } },
{ "type": "Feature", "properties": { "id": "08f2a1061ad45d9b035dc39b83689f05", "name": "Domino's Pizza", "confidence": 0.99497955735766175, "socials": [ "https://www.facebook.com/353334318126103" ] }, "geometry": { "type": "Point", "coordinates": [ -74.2762636, 40.5570225 ] } },
{ "type": "Feature", "properties": { "id": "08f2a106aa96cca303ead75f8b3d1504", "name": "Singas Famous Pizza", "confidence": 0.99497955735766175, "socials": [ "https://www.facebook.com/106101642058987" ] }, "geometry": { "type": "Point", "coordinates": [ -74.3394766, 40.570933 ] } },
{ "type": "Feature", "properties": { "id": "08f2a106ae2d349e03118a42b3bdd8a2", "name": "Papa Pancho Pizza", "confidence": 0.97817198851157294, "socials": [ "https://www.facebook.com/618627894845210" ] }, "geometry": { "type": "Point", "coordinates": [ -74.3413736, 40.5733388 ] } },
{ "type": "Feature", "properties": { "id": "08f2a106a85b4caa0374275780d62264", "name": "Oakwood Pizza", "confidence": 0.99497955735766175, "socials": [ "https://www.facebook.com/356032971169074" ] }, "geometry": { "type": "Point", "coordinates": [ -74.3371153, 40.5725692 ] } },
{ "type": "Feature", "properties": { "id": "08f2a106a811401e030e20c9cbed82c6", "name": "Metro Pizzeria", "confidence": 0.91798695246971107, "socials": [ "https://www.facebook.com/101524062978880" ] }, "geometry": { "type": "Point", "coordinates": [ -74.3232378, 40.5693488 ] } },
{ "type": "Feature", "properties": { "id": "08f2a106a8c82c0c0353a796d2165b4b", "name": "Guallpa's Famous Pizza", "confidence": 0.97817198851157294, "socials": [ "https://www.facebook.com/115743252164379" ] }, "geometry": { "type": "Point", "coordinates": [ -74.331342, 40.5737116 ] } },
{ "type": "Feature", "properties": { "id": "08f2a106a8ca878c03a33f96d0ff77f6", "name": "Bombay Curry Pizza", "confidence": 0.99497955735766175, "socials": [ "https://www.facebook.com/372599006703478" ] }, "geometry": { "type": "Point", "coordinates": [ -74.3284442, 40.573358 ] } },
{ "type": "Feature", "properties": { "id": "08f2a106a33318dc03eeb539a3de9702", "name": "Our Place Pizza & Catering", "confidence": 0.99497955735766175, "socials": [ "https://www.facebook.com/1433656470213627" ] }, "geometry": { "type": "Point", "coordinates": [ -74.3509417, 40.5975432 ] } },
{ "type": "Feature", "properties": { "id": "08f2a106a10db6c203aaa907bc329272", "name": "Luna Pizza", "confidence": 0.98582594999015549, "socials": [ "https://www.facebook.com/150427341708798" ] }, "geometry": { "type": "Point", "coordinates": [ -74.3294135, 40.5987713 ] } },
{ "type": "Feature", "properties": { "id": "08f2a106a105d589035dce1f37c10437", "name": "Il Pomodoro", "confidence": 0.71069587628865982, "socials": [ "https://www.facebook.com/912635522148629" ] }, "geometry": { "type": "Point", "coordinates": [ -74.3242416, 40.5995712 ] } },
{ "type": "Feature", "properties": { "id": "08f2a106a105c2ed0355eb06dc90424f", "name": "Karly's Pizza", "confidence": 0.89363057324840767, "socials": [ "https://www.facebook.com/106904001751866" ] }, "geometry": { "type": "Point", "coordinates": [ -74.3242039, 40.5993623 ] } },
{ "type": "Feature", "properties": { "id": "08f2a106a1a186cc03c3d9170addf825", "name": "Colonia Pizza", "confidence": 0.99497955735766175, "socials": [ "https://www.facebook.com/108122052563050" ] }, "geometry": { "type": "Point", "coordinates": [ -74.3162873, 40.5996712 ] } },
{ "type": "Feature", "properties": { "id": "08f2a106add56b1d0301d31f5cedb4b4", "name": "JJ's Pizzeria", "confidence": 0.97817198851157294, "socials": [ "https://www.facebook.com/100567843025035" ] }, "geometry": { "type": "Point", "coordinates": [ -74.2939941, 40.5756132 ] } },
{ "type": "Feature", "properties": { "id": "08f2a1061369583203a769be1eac2749", "name": "Taste of Italy", "confidence": 0.77, "socials": null }, "geometry": { "type": "Point", "coordinates": [ -74.2934313, 40.5805494 ] } },
{ "type": "Feature", "properties": { "id": "08f2a106136b345003ce7fb70620a946", "name": "Pizza Hut", "confidence": 0.99497955735766175, "socials": [ "https://www.facebook.com/107561665078220" ] }, "geometry": { "type": "Point", "coordinates": [ -74.2935459, 40.5807956 ] } },
{ "type": "Feature", "properties": { "id": "08f2a106136b34e2034537909d30462c", "name": "Little Caesars Pizza", "confidence": 0.41176470588235292, "socials": [ "https://www.facebook.com/185279709058298" ] }, "geometry": { "type": "Point", "coordinates": [ -74.2935086, 40.5808192 ] } },
{ "type": "Feature", "properties": { "id": "08f2a106adaf025803a460312b47e6b2", "name": "Bennys Pizza", "confidence": 0.99497955735766175, "socials": [ "https://www.facebook.com/103387181485029" ] }, "geometry": { "type": "Point", "coordinates": [ -74.2857673, 40.5626794 ] } },
{ "type": "Feature", "properties": { "id": "08f2a106adab390303381d5565dfd9ae", "name": "Papa John's Pizza", "confidence": 0.99497955735766175, "socials": [ "https://www.facebook.com/146326932097540" ] }, "geometry": { "type": "Point", "coordinates": [ -74.2881026, 40.5653122 ] } },
{ "type": "Feature", "properties": { "id": "08f2a10613625ace038bf628bde7d961", "name": "Sorrento's Pizzeria", "confidence": 0.97817198851157294, "socials": [ "https://www.facebook.com/1641552489412772" ] }, "geometry": { "type": "Point", "coordinates": [ -74.2863839, 40.5808919 ] } },
{ "type": "Feature", "properties": { "id": "08f2a1061320da6303c3f2c2be46fc68", "name": "Jersey Pizza Boys", "confidence": 0.99497955735766175, "socials": [ "https://www.facebook.com/224255387679556" ] }, "geometry": { "type": "Point", "coordinates": [ -74.2762573, 40.5768457 ] } },
{ "type": "Feature", "properties": { "id": "08f2a1061ec9092a03f7addc585474f3", "name": "Rocco's Pizzeria", "confidence": 0.97817198851157294, "socials": [ "https://www.facebook.com/116910484994273" ] }, "geometry": { "type": "Point", "coordinates": [ -74.2723533, 40.5759671 ] } },
{ "type": "Feature", "properties": { "id": "08f2a106128cb40403bd05d624563dde", "name": "Brooklyn Pizza", "confidence": 0.99497955735766175, "socials": [ "https://www.facebook.com/114147028615881" ] }, "geometry": { "type": "Point", "coordinates": [ -74.2896998, 40.6051353 ] } },
{ "type": "Feature", "properties": { "id": "08f2a106135010f20388f87a9d3e774d", "name": "D'Italia Restaurant", "confidence": 0.93346005154639178, "socials": null }, "geometry": { "type": "Point", "coordinates": [ -74.2885828, 40.5903447 ] } },
{ "type": "Feature", "properties": { "id": "08f2a1061b2de32d032294c7b458cb3f", "name": "Papa John's Pizza", "confidence": 0.99497955735766175, "socials": [ "https://www.facebook.com/130666823671259" ] }, "geometry": { "type": "Point", "coordinates": [ -74.2635772, 40.5197992 ] } },
{ "type": "Feature", "properties": { "id": "08f2a106e695e6b103cb237795dc245f", "name": "Campania", "confidence": 0.77, "socials": null }, "geometry": { "type": "Point", "coordinates": [ -74.2361823, 40.5179712 ] } },
{ "type": "Feature", "properties": { "id": "08f2a106e695c40d039078dbd28c06ff", "name": "Campania Coal Fired Pizza", "confidence": 0.97817198851157294, "socials": [ "https://www.facebook.com/125342378158608" ] }, "geometry": { "type": "Point", "coordinates": [ -74.2354595, 40.5180781 ] } },
{ "type": "Feature", "properties": { "id": "08f2a106e69259680330f0b08d6709c8", "name": "Palermo Pizza", "confidence": 0.97817198851157294, "socials": [ "https://www.facebook.com/104805340927905" ] }, "geometry": { "type": "Point", "coordinates": [ -74.2346827, 40.5219334 ] } },
{ "type": "Feature", "properties": { "id": "08f2a1061972b11803a1d39763c9e3c7", "name": "Pronto Pizza Pasta", "confidence": 0.77, "socials": null }, "geometry": { "type": "Point", "coordinates": [ -74.23788, 40.52822 ] } },
{ "type": "Feature", "properties": { "id": "08f2a106e692596803b7636981d49e81", "name": "Palermo Pizza", "confidence": 0.77, "socials": null }, "geometry": { "type": "Point", "coordinates": [ -74.2345899, 40.5219753 ] } },
{ "type": "Feature", "properties": { "id": "08f2a106193accd903e6087015b864a6", "name": "Pronto Pizza Pasta", "confidence": 0.99497955735766175, "socials": [ "https://www.facebook.com/169060093182936" ] }, "geometry": { "type": "Point", "coordinates": [ -74.2309009, 40.5266179 ] } },
{ "type": "Feature", "properties": { "id": "08f2a106190c382c03fc43631d587edd", "name": "Valducci's Pizza", "confidence": 0.99497955735766175, "socials": [ "https://www.facebook.com/1793750640860985" ] }, "geometry": { "type": "Point", "coordinates": [ -74.2350684, 40.5290196 ] } },
{ "type": "Feature", "properties": { "id": "08f2a106190ed8c203aae97daf6c9da3", "name": "Pizza Hut", "confidence": 0.41176470588235292, "socials": [ "https://www.facebook.com/119437351889020" ] }, "geometry": { "type": "Point", "coordinates": [ -74.232627, 40.528764 ] } },
{ "type": "Feature", "properties": { "id": "08f2a1061904413503d96ecc9edad706", "name": "Millie's of Staten Island", "confidence": 0.77, "socials": null }, "geometry": { "type": "Point", "coordinates": [ -74.230294, 40.5296085 ] } },
{ "type": "Feature", "properties": { "id": "08f2a106184a540e03b4efaa435abdeb", "name": "La Buona Pizza", "confidence": 0.77, "socials": null }, "geometry": { "type": "Point", "coordinates": [ -74.2619296, 40.5528689 ] } },
{ "type": "Feature", "properties": { "id": "08f2a106e4d5424c03db14d69b17f479", "name": "Il Forno Pizzeria", "confidence": 0.99497955735766175, "socials": [ "https://www.facebook.com/155518977978842" ] }, "geometry": { "type": "Point", "coordinates": [ -74.2166622, 40.5222088 ] } },
{ "type": "Feature", "properties": { "id": "08f2a106e4d404a603123c5e18c6359d", "name": "Domino's Pizza", "confidence": 0.99497955735766175, "socials": [ "https://www.facebook.com/249679595986306" ] }, "geometry": { "type": "Point", "coordinates": [ -74.2155963, 40.5217458 ] } },
{ "type": "Feature", "properties": { "id": "08f2a106e4d2949a0355290c3ff51b84", "name": "Amici Brick Oven Pizza", "confidence": 0.9961633011413521, "socials": [ "https://www.facebook.com/633092316758971" ] }, "geometry": { "type": "Point", "coordinates": [ -74.2160485, 40.5235679 ] } },
{ "type": "Feature", "properties": { "id": "08f2a1060a389a1803d3a509b66898f2", "name": "Domenico's Pizza & Pasta", "confidence": 0.99497955735766175, "socials": [ "https://www.facebook.com/168125163313024" ] }, "geometry": { "type": "Point", "coordinates": [ -74.2018931, 40.5257949 ] } },
{ "type": "Feature", "properties": { "id": "08f2a1060abad11c03cf19d247b4fc5d", "name": "Piezanos Best Pizza", "confidence": 0.99497955735766175, "socials": [ "https://www.facebook.com/101500352588301" ] }, "geometry": { "type": "Point", "coordinates": [ -74.1923231, 40.5325131 ] } },
{ "type": "Feature", "properties": { "id": "08f2a1060ab1251b03bd76a24a12bdf0", "name": "Ciro Pizza Cafe", "confidence": 0.99497955735766175, "socials": [ "https://www.facebook.com/311021292259" ] }, "geometry": { "type": "Point", "coordinates": [ -74.1926777, 40.5333532 ] } },
{ "type": "Feature", "properties": { "id": "08f2a1061d0f6b4303c407809067f4da", "name": "Rossville Pizza", "confidence": 0.99497955735766175, "socials": [ "https://www.facebook.com/100440595790906" ] }, "geometry": { "type": "Point", "coordinates": [ -74.2210671, 40.5493525 ] } },
{ "type": "Feature", "properties": { "id": "08f2a1060ad802d803b239e1d0fc67cb", "name": "Sunset Pizzeria", "confidence": 0.99497955735766175, "socials": [ "https://www.facebook.com/111535078886309" ] }, "geometry": { "type": "Point", "coordinates": [ -74.2077434, 40.5427288 ] } },
{ "type": "Feature", "properties": { "id": "08f2a1061d8cba6003074b21ca12b794", "name": "Pino'S Pizzeria", "confidence": 0.99497955735766175, "socials": [ "https://www.facebook.com/112892609257" ] }, "geometry": { "type": "Point", "coordinates": [ -74.2121352, 40.5517481 ] } },
{ "type": "Feature", "properties": { "id": "08f2a1061db82a1a03a3c4d3a9650ce0", "name": "Portofino Pizza", "confidence": 0.71069587628865982, "socials": [ "https://www.facebook.com/703354189843013" ] }, "geometry": { "type": "Point", "coordinates": [ -74.2107, 40.5507599 ] } },
{ "type": "Feature", "properties": { "id": "08f2a1061db82b010311eab7710d3f2a", "name": "Mamma Mia Pizzeria and Cucina", "confidence": 0.99497955735766175, "socials": [ "https://www.facebook.com/100297119449255" ] }, "geometry": { "type": "Point", "coordinates": [ -74.2106018, 40.5507765 ] } },
{ "type": "Feature", "properties": { "id": "08f2a1060e19e59a03c6a84e32392da0", "name": "Ambrosino's Pizzeria (Arden Ave)", "confidence": 0.77, "socials": null }, "geometry": { "type": "Point", "coordinates": [ -74.1930312, 40.5536978 ] } },
{ "type": "Feature", "properties": { "id": "08f2a1060ec90c0203f88488b972db9a", "name": "Casa Nino's Pizza House", "confidence": 0.77, "socials": null }, "geometry": { "type": "Point", "coordinates": [ -74.197317, 40.559671 ] } },
{ "type": "Feature", "properties": { "id": "08f2a1060ec90d8503313e272cad6a11", "name": "Belli Baci Focacceria", "confidence": 0.77, "socials": null }, "geometry": { "type": "Point", "coordinates": [ -74.1973421, 40.5597257 ] } },
{ "type": "Feature", "properties": { "id": "08f2a1061c1a970e03e743d6e0c9fc1f", "name": "Coponi Pizzeria Napoletana", "confidence": 0.47268106734434556, "socials": [ "https://www.facebook.com/218377875260448" ] }, "geometry": { "type": "Point", "coordinates": [ -74.235059, 40.5703739 ] } },
{ "type": "Feature", "properties": { "id": "08f2a1061c110cc503d0abc18b28cab4", "name": "Center Bar & Pizzeria", "confidence": 0.97817198851157294, "socials": [ "https://www.facebook.com/255316773104" ] }, "geometry": { "type": "Point", "coordinates": [ -74.2341882, 40.5717132 ] } },
{ "type": "Feature", "properties": { "id": "08f2a1061c12d03103804205a18340f1", "name": "Leandro's Pizza and Kitchen", "confidence": 0.99497955735766175, "socials": [ "https://www.facebook.com/103540485931687" ] }, "geometry": { "type": "Point", "coordinates": [ -74.2303347, 40.5708955 ] } },
{ "type": "Feature", "properties": { "id": "08f2a10610281d6903d5a612da51a72d", "name": "KC Pizzeria and Chicken", "confidence": 0.77, "socials": null }, "geometry": { "type": "Point", "coordinates": [ -74.26737, 40.59643 ] } },
{ "type": "Feature", "properties": { "id": "08f2a10611c2655a03a6620b1d704a04", "name": "Gianni's Pizzeria", "confidence": 0.77, "socials": null }, "geometry": { "type": "Point", "coordinates": [ -74.25204, 40.59565 ] } },
{ "type": "Feature", "properties": { "id": "08f2a10611d0b2b0037dd1c17a64ee24", "name": "Gianni's Pizzeria", "confidence": 0.99497955735766175, "socials": [ "https://www.facebook.com/1409261896041914" ] }, "geometry": { "type": "Point", "coordinates": [ -74.2506435, 40.5954932 ] } },
{ "type": "Feature", "properties": { "id": "08f2a1061183311803577c8e9eda1575", "name": "Margherita Pizzeria & Ristorante", "confidence": 0.77, "socials": null }, "geometry": { "type": "Point", "coordinates": [ -74.242581, 40.592909 ] } },
{ "type": "Feature", "properties": { "id": "08f2a1061183105503cb25348c924a36", "name": "Jezif Fried Chicken and Pizza Halal", "confidence": 0.99497955735766175, "socials": [ "https://www.facebook.com/237207477044578" ] }, "geometry": { "type": "Point", "coordinates": [ -74.2419772, 40.5929718 ] } },
{ "type": "Feature", "properties": { "id": "08f2a106118049840398d0c499f5ce6a", "name": "Pizza Twist", "confidence": 0.99497955735766175, "socials": [ "https://www.facebook.com/106941451033135" ] }, "geometry": { "type": "Point", "coordinates": [ -74.2417202, 40.5929308 ] } },
{ "type": "Feature", "properties": { "id": "08f2a10602726b0303dd33b04b0d17d1", "name": "Waves of Wine", "confidence": 0.97817198851157294, "socials": [ "https://www.facebook.com/101337305502218" ] }, "geometry": { "type": "Point", "coordinates": [ -74.225483, 40.5858876 ] } },
{ "type": "Feature", "properties": { "id": "08f2a10602724258032972f1733cf90d", "name": "Lucia's Pizzeria", "confidence": 0.99497955735766175, "socials": [ "https://www.facebook.com/1415895071967892" ] }, "geometry": { "type": "Point", "coordinates": [ -74.2250905, 40.5856622 ] } },
{ "type": "Feature", "properties": { "id": "08f2a1060242294a03a8a15b5823156c", "name": "Riuniti Pizzeria & Restaurant", "confidence": 0.99497955735766175, "socials": [ "https://www.facebook.com/2009863915702214" ] }, "geometry": { "type": "Point", "coordinates": [ -74.2302906, 40.590705 ] } },
{ "type": "Feature", "properties": { "id": "08f2a10602512da503fccdd18782b8e3", "name": "Pizza Lino's Italian Grill", "confidence": 0.71069587628865982, "socials": [ "https://www.facebook.com/279815172855217" ] }, "geometry": { "type": "Point", "coordinates": [ -74.2314492, 40.5930183 ] } },
{ "type": "Feature", "properties": { "id": "08f2a1060254269a03c85eeb42a520d7", "name": "Jezif Fried Chicken & Pizza Halal", "confidence": 0.99497955735766175, "socials": [ "https://www.facebook.com/1714051138851509" ] }, "geometry": { "type": "Point", "coordinates": [ -74.2277892, 40.5898123 ] } },
{ "type": "Feature", "properties": { "id": "08f2a106022da50b03c7ff7245f06daf", "name": "Alfredo's Pizza & Restaurant", "confidence": 0.77, "socials": null }, "geometry": { "type": "Point", "coordinates": [ -74.22191784, 40.57620609 ] } },
{ "type": "Feature", "properties": { "id": "08f2a10603a4bccd03e0581750f9e9e1", "name": "Italian Touch Pizza and Pasta", "confidence": 0.9961633011413521, "socials": [ "https://www.facebook.com/101385229373058" ] }, "geometry": { "type": "Point", "coordinates": [ -74.191638, 40.5631544 ] } },
{ "type": "Feature", "properties": { "id": "08f2a106016311b6032ab6b4c04fdfd9", "name": "Tony's Pizzeria", "confidence": 0.77, "socials": null }, "geometry": { "type": "Point", "coordinates": [ -74.1838757, 40.5652855 ] } },
{ "type": "Feature", "properties": { "id": "08f2a10601635558032a8882e61dbc54", "name": "Casa Nino's Pizza Bar", "confidence": 0.99497955735766175, "socials": [ "https://www.facebook.com/128990884308747" ] }, "geometry": { "type": "Point", "coordinates": [ -74.1830201, 40.5660217 ] } },
{ "type": "Feature", "properties": { "id": "08f2a106016348ab03ef74e2659914c0", "name": "La Vita Mia Pizza", "confidence": 0.77, "socials": null }, "geometry": { "type": "Point", "coordinates": [ -74.1831247, 40.566416 ] } },
{ "type": "Feature", "properties": { "id": "08f2a106016348f503ad0f4f53c098ca", "name": "La Vita Mia Pizzeria & the Calzone", "confidence": 0.77, "socials": null }, "geometry": { "type": "Point", "coordinates": [ -74.183098, 40.566402 ] } },
{ "type": "Feature", "properties": { "id": "08f2a1060046b2a403f582e6fcca7d43", "name": "Dario The Baker Pizzeria", "confidence": 0.99497955735766175, "socials": [ "https://www.facebook.com/113247393702907" ] }, "geometry": { "type": "Point", "coordinates": [ -74.1979196, 40.5873086 ] } },
{ "type": "Feature", "properties": { "id": "08f2a10600c49982039ef95742e470c3", "name": "Verdes Pizza & Pasta House", "confidence": 0.77, "socials": null }, "geometry": { "type": "Point", "coordinates": [ -74.1900361, 40.5922973 ] } },
{ "type": "Feature", "properties": { "id": "08f2a10606a4b8920383c32fe84e7d0c", "name": "Chuck E. Cheese", "confidence": 0.99497955735766175, "socials": [ "https://www.facebook.com/135983149805797" ] }, "geometry": { "type": "Point", "coordinates": [ -74.1930148, 40.6000017 ] } },
{ "type": "Feature", "properties": { "id": "08f2a106960a24de03ae5f1aa7f35190", "name": "Panatieri's Pizza & Pasta - Warren", "confidence": 0.99497955735766175, "socials": [ "https://www.facebook.com/1986100728111850" ] }, "geometry": { "type": "Point", "coordinates": [ -74.4947209, 40.6168487 ] } },
{ "type": "Feature", "properties": { "id": "08f2a10696192aa003ddff0a89514519", "name": "Domino's Pizza", "confidence": 0.99497955735766175, "socials": [ "https://www.facebook.com/487691287967886" ] }, "geometry": { "type": "Point", "coordinates": [ -74.4955261, 40.6191584 ] } },
{ "type": "Feature", "properties": { "id": "08f2a10696c492ea035cda6039ba11a7", "name": "Gianna's Brick Oven Pizza", "confidence": 0.99497955735766175, "socials": [ "https://www.facebook.com/104535892650836" ] }, "geometry": { "type": "Point", "coordinates": [ -74.4902499, 40.6198181 ] } },
{ "type": "Feature", "properties": { "id": "08f2a10696c491280361f0f6de0d7aaa", "name": "East Coast Pizza", "confidence": 0.31588785046728973, "socials": [ "https://www.facebook.com/115041379901196" ] }, "geometry": { "type": "Point", "coordinates": [ -74.490266, 40.619977 ] } },
{ "type": "Feature", "properties": { "id": "08f2a1069464382a032f01c1481fcb6e", "name": "Pizza Brothers Greenbrook", "confidence": 0.99497955735766175, "socials": [ "https://www.facebook.com/171690926030932" ] }, "geometry": { "type": "Point", "coordinates": [ -74.466915, 40.6086513 ] } },
{ "type": "Feature", "properties": { "id": "08f2a1069484cada0373fe91a9155f7f", "name": "DiMola's Pizza", "confidence": 0.99497955735766175, "socials": [ "https://www.facebook.com/154451897943475" ] }, "geometry": { "type": "Point", "coordinates": [ -74.4496768, 40.6193856 ] } },
{ "type": "Feature", "properties": { "id": "08f2a12b49d70a05032fbe05b387e511", "name": "Antonio's Restaurant & Pizzeria", "confidence": 0.99497955735766175, "socials": [ "https://www.facebook.com/1376173115950836" ] }, "geometry": { "type": "Point", "coordinates": [ -74.47514, 40.6442988 ] } },
{ "type": "Feature", "properties": { "id": "08f2a12b4a5581900372652aed4a5e85", "name": "Cafe Figaro and Pizza", "confidence": 0.97817198851157294, "socials": [ "https://www.facebook.com/996151790444980" ] }, "geometry": { "type": "Point", "coordinates": [ -74.5302213, 40.653982 ] } },
{ "type": "Feature", "properties": { "id": "08f2a12b4eb22c750305b02fccc8ae12", "name": "Brooklyn Pizza", "confidence": 0.99497955735766175, "socials": [ "https://www.facebook.com/109446221634058" ] }, "geometry": { "type": "Point", "coordinates": [ -74.4949614, 40.6724879 ] } },
{ "type": "Feature", "properties": { "id": "08f2a12b6b49e91b037932b10eb8f4a1", "name": "Natales Italian Restaurant & Pizza", "confidence": 0.97817198851157294, "socials": [ "https://www.facebook.com/118640638151051" ] }, "geometry": { "type": "Point", "coordinates": [ -74.4649984, 40.6748675 ] } },
{ "type": "Feature", "properties": { "id": "08f2a12b6bd71cc00307831950598359", "name": "Domino's Pizza", "confidence": 0.99497955735766175, "socials": [ "https://www.facebook.com/476912199064167" ] }, "geometry": { "type": "Point", "coordinates": [ -74.4471038, 40.6816888 ] } },
{ "type": "Feature", "properties": { "id": "08f2a106b3b90023032b1e254893a4ec", "name": "Casanova Pizzeria & Restaurant", "confidence": 0.9961633011413521, "socials": [ "https://www.facebook.com/279910735387476" ] }, "geometry": { "type": "Point", "coordinates": [ -74.4240483, 40.6186677 ] } },
{ "type": "Feature", "properties": { "id": "08f2a106b3c5880d03d39b8b09e00f6d", "name": "La Strada Pizzeria", "confidence": 0.97817198851157294, "socials": [ "https://www.facebook.com/117954744897245" ] }, "geometry": { "type": "Point", "coordinates": [ -74.4323081, 40.6227155 ] } },
{ "type": "Feature", "properties": { "id": "08f2a106b3130d020322df833f6195a6", "name": "La Nonna Pizzeria", "confidence": 0.9961633011413521, "socials": [ "https://www.facebook.com/183792485513384" ] }, "geometry": { "type": "Point", "coordinates": [ -74.4295667, 40.6219487 ] } },
{ "type": "Feature", "properties": { "id": "08f2a106b38884c00375e861275bdf0f", "name": "Pepe's Italian Restaurant", "confidence": 0.77, "socials": null }, "geometry": { "type": "Point", "coordinates": [ -74.4269035, 40.6223916 ] } },
{ "type": "Feature", "properties": { "id": "08f2a106b3b58255037bb17e5b9a2526", "name": "Little Caesars Pizza", "confidence": 0.99497955735766175, "socials": [ "https://www.facebook.com/290439571109735" ] }, "geometry": { "type": "Point", "coordinates": [ -74.4169992, 40.6148679 ] } },
{ "type": "Feature", "properties": { "id": "08f2a106b3a29c800300de1285fd83be", "name": "Ferraro's Pizza", "confidence": 0.99497955735766175, "socials": [ "https://www.facebook.com/1729771567342929" ] }, "geometry": { "type": "Point", "coordinates": [ -74.4185, 40.6150843 ] } },
{ "type": "Feature", "properties": { "id": "08f2a106b14158b5036d6e93fde5a1df", "name": "Domino's Pizza", "confidence": 0.99497955735766175, "socials": [ "https://www.facebook.com/102259434961420" ] }, "geometry": { "type": "Point", "coordinates": [ -74.4129233, 40.6217667 ] } },
{ "type": "Feature", "properties": { "id": "08f2a106b3874a450389c4ec5ed7116b", "name": "Papa John's Pizza", "confidence": 0.99497955735766175, "socials": [ "https://www.facebook.com/102678053147562" ] }, "geometry": { "type": "Point", "coordinates": [ -74.4202163, 40.6224702 ] } },
{ "type": "Feature", "properties": { "id": "08f2a106b23002c303c5c23c76294a52", "name": "Marino's Trattoria", "confidence": 0.99497955735766175, "socials": [ "https://www.facebook.com/1906022056303855" ] }, "geometry": { "type": "Point", "coordinates": [ -74.4421565, 40.6307928 ] } },
{ "type": "Feature", "properties": { "id": "08f2a106b3da465e03c08d92126223e9", "name": "San Remo Pizza & Restaurant", "confidence": 0.97817198851157294, "socials": [ "https://www.facebook.com/162677833757001" ] }, "geometry": { "type": "Point", "coordinates": [ -74.434424, 40.6294711 ] } },
{ "type": "Feature", "properties": { "id": "08f2a106b055571e0371b738e6dc69cd", "name": "Trevi Square Pizza & Kitchen", "confidence": 0.99497955735766175, "socials": [ "https://www.facebook.com/109903103921266" ] }, "geometry": { "type": "Point", "coordinates": [ -74.4245687, 40.6397293 ] } },
{ "type": "Feature", "properties": { "id": "08f2a106b09483930392280a1782eb14", "name": "Jessica's Cafe", "confidence": 0.77, "socials": null }, "geometry": { "type": "Point", "coordinates": [ -74.404138, 40.641444 ] } },
{ "type": "Feature", "properties": { "id": "08f2a106b09a42760351ac3dd92c965a", "name": "Pizza Hut Express", "confidence": 0.77, "socials": null }, "geometry": { "type": "Point", "coordinates": [ -74.4093785, 40.6461587 ] } },
{ "type": "Feature", "properties": { "id": "08f2a106b561ad2903df467c297ed4f2", "name": "Italian Village Plainfield", "confidence": 0.99497955735766175, "socials": [ "https://www.facebook.com/126798179304" ] }, "geometry": { "type": "Point", "coordinates": [ -74.3971754, 40.6318326 ] } },
{ "type": "Feature", "properties": { "id": "08f2a106b57254c8039c830562a653b8", "name": "Houdini Pizza Laboratory", "confidence": 0.97817198851157294, "socials": [ "https://www.facebook.com/197717017360082" ] }, "geometry": { "type": "Point", "coordinates": [ -74.3917968, 40.6358465 ] } },
{ "type": "Feature", "properties": { "id": "08f2a106b427355c03779f9eca5d92bb", "name": "Domino's Pizza", "confidence": 0.99497955735766175, "socials": [ "https://www.facebook.com/477112005707910" ] }, "geometry": { "type": "Point", "coordinates": [ -74.3990749, 40.6463707 ] } },
{ "type": "Feature", "properties": { "id": "08f2a106b4272b0e0306bcf92b07d753", "name": "Pizza Brothers", "confidence": 0.99497955735766175, "socials": [ "https://www.facebook.com/117051482007780" ] }, "geometry": { "type": "Point", "coordinates": [ -74.398833, 40.646583 ] } },
{ "type": "Feature", "properties": { "id": "08f2a106b510329103739468f873129b", "name": "Fabio's Bistro", "confidence": 0.99497955735766175, "socials": [ "https://www.facebook.com/104358449657678" ] }, "geometry": { "type": "Point", "coordinates": [ -74.3854343, 40.640051 ] } },
{ "type": "Feature", "properties": { "id": "08f2a106b5129d7003d671daa18d1fce", "name": "Nick's Pizza and Deli", "confidence": 0.99497955735766175, "socials": [ "https://www.facebook.com/275359699242355" ] }, "geometry": { "type": "Point", "coordinates": [ -74.3831565, 40.6402163 ] } },
{ "type": "Feature", "properties": { "id": "08f2a106a6c12199036ae1454ec24967", "name": "Gennaro's Pizzeria", "confidence": 0.97817198851157294, "socials": [ "https://www.facebook.com/149660141730910" ] }, "geometry": { "type": "Point", "coordinates": [ -74.3618848, 40.6470857 ] } },
{ "type": "Feature", "properties": { "id": "08f2a106b41565900344539f95d0fde1", "name": "The Slice on 22", "confidence": 0.99497955735766175, "socials": [ "https://www.facebook.com/307190176145039" ] }, "geometry": { "type": "Point", "coordinates": [ -74.4007466, 40.6566335 ] } },
{ "type": "Feature", "properties": { "id": "08f2a12b682966ed03194d146a3a7e08", "name": "Clemente's Pizzeria", "confidence": 0.99497955735766175, "socials": [ "https://www.facebook.com/470743346328416" ] }, "geometry": { "type": "Point", "coordinates": [ -74.4384428, 40.6845413 ] } },
{ "type": "Feature", "properties": { "id": "08f2a12b680edb850306c059202a3f61", "name": "Marcello's Restaurant and Pizzeria", "confidence": 0.77, "socials": null }, "geometry": { "type": "Point", "coordinates": [ -74.434272766113295, 40.68896484375 ] } },
{ "type": "Feature", "properties": { "id": "08f2a106b432a40103e0cd8916a67f52", "name": "Massa Roman Square Pizza & Italian Specialties", "confidence": 0.99497955735766175, "socials": [ "https://www.facebook.com/1840623409389108" ] }, "geometry": { "type": "Point", "coordinates": [ -74.3977484, 40.6504711 ] } },
{ "type": "Feature", "properties": { "id": "08f2a106b496508603a24c837e0f9180", "name": "Nunzio's Pizza", "confidence": 0.99497955735766175, "socials": [ "https://www.facebook.com/193565217643047" ] }, "geometry": { "type": "Point", "coordinates": [ -74.3886597, 40.6624002 ] } },
{ "type": "Feature", "properties": { "id": "08f2a12b73845d2003003d167747a553", "name": "Dominick's Pizza Harding Township", "confidence": 0.77, "socials": null }, "geometry": { "type": "Point", "coordinates": [ -74.5308796, 40.7473583 ] } },
{ "type": "Feature", "properties": { "id": "08f2a12b6ca652db03506c8fab86c6ac", "name": "Bellariva Trattoria & Pizzeria", "confidence": 0.97817198851157294, "socials": [ "https://www.facebook.com/100846619960215" ] }, "geometry": { "type": "Point", "coordinates": [ -74.4056275, 40.7065954 ] } },
{ "type": "Feature", "properties": { "id": "08f2a1079369b160032ceca2a8b0aceb", "name": "Bacci Brick Oven Pizza & Restaurant", "confidence": 0.77, "socials": null }, "geometry": { "type": "Point", "coordinates": [ -74.4045618, 40.7049984 ] } },
{ "type": "Feature", "properties": { "id": "08f2a1079369c59403c6af41c647a4c4", "name": "Bacci Brick Oven and Italian Grill", "confidence": 0.99497955735766175, "socials": [ "https://www.facebook.com/101791316167263" ] }, "geometry": { "type": "Point", "coordinates": [ -74.404453, 40.7058424 ] } },
{ "type": "Feature", "properties": { "id": "08f2a107931647a60355916e7dee3350", "name": "O Sole Mio Pizzeria and Grill", "confidence": 0.97158508158508161, "socials": [ "https://www.facebook.com/284366071418302" ] }, "geometry": { "type": "Point", "coordinates": [ -74.385115, 40.7130039 ] } },
{ "type": "Feature", "properties": { "id": "08f2a10791c6ab24032ac30eddd122cf", "name": "Doria's Pizza & Restaurant", "confidence": 0.77, "socials": null }, "geometry": { "type": "Point", "coordinates": [ -74.3597535, 40.7177015 ] } },
{ "type": "Feature", "properties": { "id": "08f2a10791c6a96203ab2648eb7d84b8", "name": "Dorias PIZZA", "confidence": 0.97817198851157294, "socials": [ "https://www.facebook.com/735587116465345" ] }, "geometry": { "type": "Point", "coordinates": [ -74.3597776, 40.7177971 ] } },
{ "type": "Feature", "properties": { "id": "08f2a1079189d25e0380608f80ceadc3", "name": "SQR Artisan Pizza", "confidence": 0.99497955735766175, "socials": [ "https://www.facebook.com/713695612746164" ] }, "geometry": { "type": "Point", "coordinates": [ -74.3572243, 40.7170263 ] } },
{ "type": "Feature", "properties": { "id": "08f2a107918984ac03b14571c35b28f2", "name": "Zappia's Brick Oven Pizza", "confidence": 0.77, "socials": null }, "geometry": { "type": "Point", "coordinates": [ -74.358166, 40.71740517 ] } },
{ "type": "Feature", "properties": { "id": "08f2a1079188a82a03f780a06bc9a4d2", "name": "Zappia's Cucina & Brick Oven Pizza", "confidence": 0.99497955735766175, "socials": [ "https://www.facebook.com/281146285272337" ] }, "geometry": { "type": "Point", "coordinates": [ -74.3576758, 40.7174782 ] } },
{ "type": "Feature", "properties": { "id": "08f2a10791899142035cef8d966bb258", "name": "Zappia's Brick Oven Pizza", "confidence": 0.77, "socials": null }, "geometry": { "type": "Point", "coordinates": [ -74.356803894042997, 40.717006683349602 ] } },
{ "type": "Feature", "properties": { "id": "08f2a107918884610356b9cbb6672b4f", "name": "Pizza Vita", "confidence": 0.97817198851157294, "socials": [ "https://www.facebook.com/786579358359758" ] }, "geometry": { "type": "Point", "coordinates": [ -74.3564873, 40.7169208 ] } },
{ "type": "Feature", "properties": { "id": "08f2a1079031686c0332b672e47f4b2f", "name": "ANTONIO'S D PIZZA", "confidence": 0.77, "socials": null }, "geometry": { "type": "Point", "coordinates": [ -74.3736487, 40.7263769 ] } },
{ "type": "Feature", "properties": { "id": "08f2a1079004925103e29660cad4cad4", "name": "Antonio's Deli & Pizzeria", "confidence": 0.77, "socials": null }, "geometry": { "type": "Point", "coordinates": [ -74.3735433, 40.7264839 ] } },
{ "type": "Feature", "properties": { "id": "08f2a12b65784c0603cedb2a62005afa", "name": "Hickory Tree Pizza", "confidence": 0.97817198851157294, "socials": [ "https://www.facebook.com/159437667419451" ] }, "geometry": { "type": "Point", "coordinates": [ -74.4327048, 40.7454172 ] } },
{ "type": "Feature", "properties": { "id": "08f2a12b657a397603ed3e68faf09ea7", "name": "Hickory Tree Pizza", "confidence": 0.77, "socials": null }, "geometry": { "type": "Point", "coordinates": [ -74.431764, 40.74546 ] } },
{ "type": "Feature", "properties": { "id": "08f2a12b6545da050331c935083403ae", "name": "Zio Gino Pizza & Grill", "confidence": 0.97817198851157294, "socials": [ "https://www.facebook.com/184708201552731" ] }, "geometry": { "type": "Point", "coordinates": [ -74.431394, 40.746917 ] } },
{ "type": "Feature", "properties": { "id": "08f2a12b659a599e03802fa9b7431dc3", "name": "Romanelli's Italian Eatery", "confidence": 0.99497955735766175, "socials": [ "https://www.facebook.com/72107100632" ] }, "geometry": { "type": "Point", "coordinates": [ -74.4144123, 40.7568926 ] } },
{ "type": "Feature", "properties": { "id": "08f2a104cb64409d0372bc335f11ff03", "name": "Nicky's Firehouse Italian Restaurant & Pizzeria", "confidence": 0.77, "socials": null }, "geometry": { "type": "Point", "coordinates": [ -74.4141126, 40.7590684 ] } },
{ "type": "Feature", "properties": { "id": "08f2a104cb64454b03fdc286729f6248", "name": "Nickys Firehouse Pizzeria Restaurant", "confidence": 0.77, "socials": null }, "geometry": { "type": "Point", "coordinates": [ -74.414146423339801, 40.759109497070298 ] } },
{ "type": "Feature", "properties": { "id": "08f2a12b659610f203714a34db1efb89", "name": "Krust Kitchen", "confidence": 0.99497955735766175, "socials": [ "https://www.facebook.com/102821635518859" ] }, "geometry": { "type": "Point", "coordinates": [ -74.4082425, 40.7539051 ] } },
{ "type": "Feature", "properties": { "id": "08f2a12b64b4b51003ae761c4382374e", "name": "Formaggio's Pizzeria", "confidence": 0.77, "socials": null }, "geometry": { "type": "Point", "coordinates": [ -74.4232507, 40.7623187 ] } },
{ "type": "Feature", "properties": { "id": "08f2a104cb60a74803dff8706512fc2f", "name": "Urban Fire", "confidence": 0.77, "socials": null }, "geometry": { "type": "Point", "coordinates": [ -74.4169167, 40.7600376 ] } },
{ "type": "Feature", "properties": { "id": "08f2a104cb60ab1303201a686cbd4789", "name": "Tino's Artisan Pizza Co.", "confidence": 0.97817198851157294, "socials": [ "https://www.facebook.com/335860244008621" ] }, "geometry": { "type": "Point", "coordinates": [ -74.4166327, 40.7602113 ] } },
{ "type": "Feature", "properties": { "id": "08f2a104cb61d9920373a4b8cdbfec16", "name": "Domino's Pizza", "confidence": 0.99497955735766175, "socials": [ "https://www.facebook.com/266957740110080" ] }, "geometry": { "type": "Point", "coordinates": [ -74.4171308, 40.7606694 ] } },
{ "type": "Feature", "properties": { "id": "08f2a104cb654c3503765de5deebd724", "name": "Formaggio's Pizzeria", "confidence": 0.99497955735766175, "socials": [ "https://www.facebook.com/101090982958906" ] }, "geometry": { "type": "Point", "coordinates": [ -74.4157738, 40.7595631 ] } },
{ "type": "Feature", "properties": { "id": "08f2a107963aea4803b926e3945d8449", "name": "The Shop Pizza Pasta & Panino", "confidence": 0.77, "socials": null }, "geometry": { "type": "Point", "coordinates": [ -74.3906583, 40.743425 ] } },
{ "type": "Feature", "properties": { "id": "08f2a107963aea4d032ec962bf17d49c", "name": "Bucky's Pizza", "confidence": 0.91798695246971107, "socials": [ "https://www.facebook.com/117276891424266" ] }, "geometry": { "type": "Point", "coordinates": [ -74.390653, 40.7434285 ] } },
{ "type": "Feature", "properties": { "id": "08f2a107963aec890372f7e414733c34", "name": "Café Villa", "confidence": 0.77, "socials": null }, "geometry": { "type": "Point", "coordinates": [ -74.39106, 40.74368 ] } },
{ "type": "Feature", "properties": { "id": "08f2a10790d988b6033ed0019f477ba4", "name": "Chianti Pizzeria Chatham", "confidence": 0.77, "socials": null }, "geometry": { "type": "Point", "coordinates": [ -74.3824543, 40.7405434 ] } },
{ "type": "Feature", "properties": { "id": "08f2a10790d988b6038afa910a6d938b", "name": "Chianti Brick Oven Trattoria", "confidence": 0.97817198851157294, "socials": [ "https://www.facebook.com/350271975590785" ] }, "geometry": { "type": "Point", "coordinates": [ -74.3824318, 40.7405967 ] } },
{ "type": "Feature", "properties": { "id": "08f2a107942886230321f065fa994f0d", "name": "California Pizza Kitchen at Short Hills Mall", "confidence": 0.77, "socials": null }, "geometry": { "type": "Point", "coordinates": [ -74.3640258, 40.7404882 ] } },
{ "type": "Feature", "properties": { "id": "08f2a107942891ae03f717dc6b93cd97", "name": "California Pizza Kitchen", "confidence": 0.97817198851157294, "socials": [ "https://www.facebook.com/487585137935966" ] }, "geometry": { "type": "Point", "coordinates": [ -74.3636226, 40.7401891 ] } },
{ "type": "Feature", "properties": { "id": "08f2a106a112044803b4cbe5e9cfefb1", "name": "Mijos Pizza", "confidence": 0.99497955735766175, "socials": [ "https://www.facebook.com/115236651594022" ] }, "geometry": { "type": "Point", "coordinates": [ -74.3226164, 40.6063189 ] } },
{ "type": "Feature", "properties": { "id": "08f2a106a5cee06503378a0abaa1d09d", "name": "Philippo's Pizza", "confidence": 0.77, "socials": null }, "geometry": { "type": "Point", "coordinates": [ -74.3148132, 40.6268898 ] } },
{ "type": "Feature", "properties": { "id": "08f2a106a5cee06503e6f2e9f297f87c", "name": "Phillippo's Pizzeria ~ Clark, NJ", "confidence": 0.97817198851157294, "socials": [ "https://www.facebook.com/163026910393508" ] }, "geometry": { "type": "Point", "coordinates": [ -74.3147126, 40.626895 ] } },
{ "type": "Feature", "properties": { "id": "08f2a1079929b5440336cf6fa8c6886d", "name": "Outta Hand Pizza", "confidence": 0.99497955735766175, "socials": [ "https://www.facebook.com/1629219077162141" ] }, "geometry": { "type": "Point", "coordinates": [ -74.3465549, 40.6487371 ] } },
{ "type": "Feature", "properties": { "id": "08f2a10799288d18033680ef65295d7a", "name": "Domino's Pizza", "confidence": 0.99497955735766175, "socials": [ "https://www.facebook.com/562925587083203" ] }, "geometry": { "type": "Point", "coordinates": [ -74.3446617, 40.6490065 ] } },
{ "type": "Feature", "properties": { "id": "08f2a1079928eb14034f1d8c06e0d2e0", "name": "Papa John's Pizza", "confidence": 0.77, "socials": null }, "geometry": { "type": "Point", "coordinates": [ -74.3446707, 40.6490661 ] } },
{ "type": "Feature", "properties": { "id": "08f2a10799242b3203630ce1a805a326", "name": "La Famiglia Sorrento", "confidence": 0.97817198851157294, "socials": [ "https://www.facebook.com/297034050342300" ] }, "geometry": { "type": "Point", "coordinates": [ -74.3389418, 40.6472168 ] } },
{ "type": "Feature", "properties": { "id": "08f2a106124a2aed0342bfc06894f382", "name": "Ciro Pizza", "confidence": 0.97817198851157294, "socials": [ "https://www.facebook.com/123874678141724" ] }, "geometry": { "type": "Point", "coordinates": [ -74.3100833, 40.6065884 ] } },
{ "type": "Feature", "properties": { "id": "08f2a10612d23ab3031139e30296a924", "name": "Tony's Pizza & Cafe", "confidence": 0.77, "socials": null }, "geometry": { "type": "Point", "coordinates": [ -74.2953, 40.61465 ] } },
{ "type": "Feature", "properties": { "id": "08f2a10616695c510305a7ce27bb5298", "name": "R&J Pizzeria", "confidence": 0.97817198851157294, "socials": [ "https://www.facebook.com/229572256911582" ] }, "geometry": { "type": "Point", "coordinates": [ -74.2952143, 40.617416 ] } },
{ "type": "Feature", "properties": { "id": "08f2a106a5b510d50388114b42d5578f", "name": "Pompeii Pizzeria", "confidence": 0.99497955735766175, "socials": [ "https://www.facebook.com/114307775306151" ] }, "geometry": { "type": "Point", "coordinates": [ -74.2978845, 40.6193822 ] } },
{ "type": "Feature", "properties": { "id": "08f2a10616618c2203eb79daf166954b", "name": "Tony's Pizza & Cafe", "confidence": 0.99497955735766175, "socials": [ "https://www.facebook.com/366069319919492" ] }, "geometry": { "type": "Point", "coordinates": [ -74.2913493, 40.6165303 ] } },
{ "type": "Feature", "properties": { "id": "08f2a106128e2964039d1e652652dcd2", "name": "Plum Tomato", "confidence": 0.99497955735766175, "socials": [ "https://www.facebook.com/752834521413604" ] }, "geometry": { "type": "Point", "coordinates": [ -74.2887446, 40.6074638 ] } },
{ "type": "Feature", "properties": { "id": "08f2a106128524c503d39b9667168572", "name": "Domino's Pizza", "confidence": 0.99497955735766175, "socials": [ "https://www.facebook.com/140666669463083" ] }, "geometry": { "type": "Point", "coordinates": [ -74.2875124, 40.6069093 ] } },
{ "type": "Feature", "properties": { "id": "08f2a1061621338a034287d8cd36d821", "name": "Nunzios II LLC", "confidence": 0.97817198851157294, "socials": [ "https://www.facebook.com/120718151274703" ] }, "geometry": { "type": "Point", "coordinates": [ -74.2810378, 40.6146641 ] } },
{ "type": "Feature", "properties": { "id": "08f2a1061040d294031f1b8754fdede8", "name": "Michelino's Pizzeria", "confidence": 0.97817198851157294, "socials": [ "https://www.facebook.com/108091617814580" ] }, "geometry": { "type": "Point", "coordinates": [ -74.2758436, 40.6057341 ] } },
{ "type": "Feature", "properties": { "id": "08f2a1061055bc30036eb8b6eb1cb2e4", "name": "Nancy's Towne House", "confidence": 0.97817198851157294, "socials": [ "https://www.facebook.com/117114601636692" ] }, "geometry": { "type": "Point", "coordinates": [ -74.2741147, 40.6061078 ] } },
{ "type": "Feature", "properties": { "id": "08f2a1061676831d0355c48a68670e5c", "name": "Subworks", "confidence": 0.99497955735766175, "socials": [ "https://www.facebook.com/100394765032854" ] }, "geometry": { "type": "Point", "coordinates": [ -74.2842524, 40.6168486 ] } },
{ "type": "Feature", "properties": { "id": "08f2a1061680d98003c1502e01b25cf1", "name": "Primavera's Restaurant & Pizzeria", "confidence": 0.97817198851157294, "socials": [ "https://www.facebook.com/192163494159932" ] }, "geometry": { "type": "Point", "coordinates": [ -74.2718722, 40.6266388 ] } },
{ "type": "Feature", "properties": { "id": "08f2a1061687063403bec6848b6300c3", "name": "Primavera's Cafe, Ristorante, Pizzeria", "confidence": 0.77, "socials": null }, "geometry": { "type": "Point", "coordinates": [ -74.2717365, 40.6266318 ] } },
{ "type": "Feature", "properties": { "id": "08f2a1078b6ce51003b3e8e025b00d44", "name": "The Pizza Bar", "confidence": 0.99497955735766175, "socials": [ "https://www.facebook.com/403011489900266" ] }, "geometry": { "type": "Point", "coordinates": [ -74.3078618, 40.6317112 ] } },
{ "type": "Feature", "properties": { "id": "08f2a1078b6f60c9030f1532b49d455e", "name": "OB's Pizza Bar", "confidence": 0.77, "socials": null }, "geometry": { "type": "Point", "coordinates": [ -74.3085298, 40.6338273 ] } },
{ "type": "Feature", "properties": { "id": "08f2a1078b67100903239ef1ad044005", "name": "Blaze Pizza", "confidence": 0.99497955735766175, "socials": [ "https://www.facebook.com/520407834973960" ] }, "geometry": { "type": "Point", "coordinates": [ -74.3036801, 40.6332443 ] } },
{ "type": "Feature", "properties": { "id": "08f2a1078b75c05303e1b343c332fa29", "name": "La Piazza Pizza & Cafe (formerly Scaturro's)", "confidence": 0.77, "socials": null }, "geometry": { "type": "Point", "coordinates": [ -74.3024348, 40.6347948 ] } },
{ "type": "Feature", "properties": { "id": "08f2a1078b75c053032da58bdf245813", "name": "Scaturro's Pizzeria & Cafe", "confidence": 0.9795387149917627, "socials": [ "https://www.facebook.com/103474817996810" ] }, "geometry": { "type": "Point", "coordinates": [ -74.3024187, 40.6347203 ] } },
{ "type": "Feature", "properties": { "id": "08f2a1061695ada903d4492f3dc750f9", "name": "Pies On Stiles", "confidence": 0.99497955735766175, "socials": [ "https://www.facebook.com/106708917521186" ] }, "geometry": { "type": "Point", "coordinates": [ -74.270993, 40.6277787 ] } },
{ "type": "Feature", "properties": { "id": "08f2a1078928aa850318607b69812afe", "name": "Pizza Hut", "confidence": 0.99497955735766175, "socials": [ "https://www.facebook.com/111786898857612" ] }, "geometry": { "type": "Point", "coordinates": [ -74.2694566, 40.6323567 ] } },
{ "type": "Feature", "properties": { "id": "08f2a1078928d98a0371047b81efbd60", "name": "Papa John's Pizza", "confidence": 0.99497955735766175, "socials": [ "https://www.facebook.com/348184031876655" ] }, "geometry": { "type": "Point", "coordinates": [ -74.2684655, 40.6325689 ] } },
{ "type": "Feature", "properties": { "id": "08f2a1078956282e03b97a3cf2bf46f8", "name": "Mama's Gourmet Pizza", "confidence": 0.99497955735766175, "socials": [ "https://www.facebook.com/177780285602141" ] }, "geometry": { "type": "Point", "coordinates": [ -74.273323, 40.644897 ] } },
{ "type": "Feature", "properties": { "id": "08f2a107996708ae03f607cf29df6af0", "name": "Di Farina Pizzeria", "confidence": 0.97817198851157294, "socials": [ "https://www.facebook.com/100703729352904" ] }, "geometry": { "type": "Point", "coordinates": [ -74.3493719, 40.6508554 ] } },
{ "type": "Feature", "properties": { "id": "08f2a10799759a2e03bc7a122e260eee", "name": "Casa di Pizza", "confidence": 0.99497955735766175, "socials": [ "https://www.facebook.com/192367090877354" ] }, "geometry": { "type": "Point", "coordinates": [ -74.3479174, 40.6511555 ] } },
{ "type": "Feature", "properties": { "id": "08f2a1079975db2b034d5b318373c958", "name": "Fiamma Wood Fired Pizza", "confidence": 0.9961633011413521, "socials": [ "https://www.facebook.com/849488148455017" ] }, "geometry": { "type": "Point", "coordinates": [ -74.3474173, 40.6515155 ] } },
{ "type": "Feature", "properties": { "id": "08f2a1079922c4ae03870c5caafa04c9", "name": "Buona Pizza", "confidence": 0.98331870061457416, "socials": [ "https://www.facebook.com/446264778746854" ] }, "geometry": { "type": "Point", "coordinates": [ -74.3390904, 40.649919 ] } },
{ "type": "Feature", "properties": { "id": "08f2a10799a454d103c1bcb72b99e863", "name": "Benvenuti", "confidence": 0.99497955735766175, "socials": [ "https://www.facebook.com/1310916722345663" ] }, "geometry": { "type": "Point", "coordinates": [ -74.3297884, 40.6527947 ] } },
{ "type": "Feature", "properties": { "id": "08f2a1078a6f234303df113002906d50", "name": "Mama's Pizzeria and Restaurant", "confidence": 0.99497955735766175, "socials": [ "https://www.facebook.com/281922741916682" ] }, "geometry": { "type": "Point", "coordinates": [ -74.3244602, 40.6514572 ] } },
{ "type": "Feature", "properties": { "id": "08f2a1078a616ae903c7695396596e0d", "name": "Nola’s Osteria and Pizza", "confidence": 0.99497955735766175, "socials": [ "https://www.facebook.com/102294805188710" ] }, "geometry": { "type": "Point", "coordinates": [ -74.3232424, 40.6536716 ] } },
{ "type": "Feature", "properties": { "id": "08f2a1078a616ac003969da037e2ece8", "name": "Milan Pizza", "confidence": 0.35051546391752575, "socials": [ "https://www.facebook.com/274688736033824" ] }, "geometry": { "type": "Point", "coordinates": [ -74.323284, 40.653736 ] } },
{ "type": "Feature", "properties": { "id": "08f2a1078a70bba103438185ced4f177", "name": "Roma Pizzeria", "confidence": 0.97817198851157294, "socials": [ "https://www.facebook.com/109225147460541" ] }, "geometry": { "type": "Point", "coordinates": [ -74.3191807, 40.6542689 ] } },
{ "type": "Feature", "properties": { "id": "08f2a1079ca62a86036c3e3179c0eb25", "name": "Prima Pizza", "confidence": 0.89393695014662755, "socials": null }, "geometry": { "type": "Point", "coordinates": [ -74.331153, 40.690547 ] } },
{ "type": "Feature", "properties": { "id": "08f2a107832a801b03969f882b57bdc5", "name": "Saporito Pizza", "confidence": 0.9961633011413521, "socials": [ "https://www.facebook.com/870235539974969" ] }, "geometry": { "type": "Point", "coordinates": [ -74.3153333, 40.6872979 ] } },
{ "type": "Feature", "properties": { "id": "08f2a1078321d9040363e443645ef046", "name": "1000 Degrees Pizza", "confidence": 0.77, "socials": null }, "geometry": { "type": "Point", "coordinates": [ -74.3128754, 40.6871635 ] } },
{ "type": "Feature", "properties": { "id": "08f2a1078aaf50f103e1fe2784939e82", "name": "Big Apple Pizza", "confidence": 0.99497955735766175, "socials": [ "https://www.facebook.com/644903165717799" ] }, "geometry": { "type": "Point", "coordinates": [ -74.3044173, 40.6547278 ] } },
{ "type": "Feature", "properties": { "id": "08f2a1078aaf4a55037b0db55d4da3d9", "name": "ARMAND HYSA", "confidence": 0.77, "socials": null }, "geometry": { "type": "Point", "coordinates": [ -74.3045393, 40.6547432 ] } },
{ "type": "Feature", "properties": { "id": "08f2a1078aa8e155038c2449a00a612c", "name": "Domino's Pizza", "confidence": 0.99497955735766175, "socials": [ "https://www.facebook.com/357714254351327" ] }, "geometry": { "type": "Point", "coordinates": [ -74.306787, 40.65569 ] } },
{ "type": "Feature", "properties": { "id": "08f2a1078aa85d8003835d39ccb5778e", "name": "Pizzeria Bel Giardino", "confidence": 0.77, "socials": null }, "geometry": { "type": "Point", "coordinates": [ -74.3062754, 40.656457 ] } },
{ "type": "Feature", "properties": { "id": "08f2a1078aa1541e03fae839803cdf14", "name": "Osteria Emma", "confidence": 0.77, "socials": null }, "geometry": { "type": "Point", "coordinates": [ -74.303705, 40.656739 ] } },
{ "type": "Feature", "properties": { "id": "08f2a1078aa301460344d4c21272c3ad", "name": "Pizza House Pizza Chef", "confidence": 0.99497955735766175, "socials": [ "https://www.facebook.com/116679455023161" ] }, "geometry": { "type": "Point", "coordinates": [ -74.3030127, 40.6573963 ] } },
{ "type": "Feature", "properties": { "id": "08f2a1078bd28383035465fd4c5743c0", "name": "Calabria Pizza", "confidence": 0.99497955735766175, "socials": [ "https://www.facebook.com/90547713338" ] }, "geometry": { "type": "Point", "coordinates": [ -74.2963817, 40.6508 ] } },
{ "type": "Feature", "properties": { "id": "08f2a1078ab013140361b1927194558c", "name": "Sonny G's", "confidence": 0.77, "socials": null }, "geometry": { "type": "Point", "coordinates": [ -74.3001186, 40.6585979 ] } },
{ "type": "Feature", "properties": { "id": "08f2a1078802cba103b45b3f47faaf6d", "name": "Joe's Rotisseria", "confidence": 0.99497955735766175, "socials": [ "https://www.facebook.com/1378681299119302" ] }, "geometry": { "type": "Point", "coordinates": [ -74.2813738, 40.6594712 ] } },
{ "type": "Feature", "properties": { "id": "08f2a10788321cc2037142afff2a873e", "name": "David's Big Size Pizza", "confidence": 0.35051546391752575, "socials": [ "https://www.facebook.com/299859880166974" ] }, "geometry": { "type": "Point", "coordinates": [ -74.277639, 40.654881 ] } },
{ "type": "Feature", "properties": { "id": "08f2a1078832140603a19823f0de75da", "name": "Freddy's #1", "confidence": 0.47268106734434556, "socials": [ "https://www.facebook.com/468923540204069" ] }, "geometry": { "type": "Point", "coordinates": [ -74.2776413, 40.6548882 ] } },
{ "type": "Feature", "properties": { "id": "08f2a1078c6da72203a73483d4bacbc4", "name": "Pizza Stop", "confidence": 0.97817198851157294, "socials": [ "https://www.facebook.com/149882081703848" ] }, "geometry": { "type": "Point", "coordinates": [ -74.2816838, 40.6693389 ] } },
{ "type": "Feature", "properties": { "id": "08f2a1078eaa4070039466a1859f634f", "name": "Capri Pizza", "confidence": 0.97817198851157294, "socials": [ "https://www.facebook.com/120334424646295" ] }, "geometry": { "type": "Point", "coordinates": [ -74.2911518, 40.6761918 ] } },
{ "type": "Feature", "properties": { "id": "08f2a10783262b8a035bebab5c2d3e83", "name": "Chuck E. Cheese", "confidence": 0.97817198851157294, "socials": [ "https://www.facebook.com/105724729215998" ] }, "geometry": { "type": "Point", "coordinates": [ -74.3095011, 40.6859198 ] } },
{ "type": "Feature", "properties": { "id": "08f2a1078334a2ac037ef5cb5ae77197", "name": "Pizza Hut Express", "confidence": 0.98296875, "socials": [ "https://www.facebook.com/128853061003109" ] }, "geometry": { "type": "Point", "coordinates": [ -74.3088663, 40.6869046 ] } },
{ "type": "Feature", "properties": { "id": "08f2a1078162391d033b271d7df24894", "name": "Ciao Pizza and Catering", "confidence": 0.98113699906803353, "socials": [ "https://www.facebook.com/453703548130395" ] }, "geometry": { "type": "Point", "coordinates": [ -74.2922272, 40.6912444 ] } },
{ "type": "Feature", "properties": { "id": "08f2a1078ea358d903dd0619e8256de8", "name": "Greco Roma Pizza & Grill", "confidence": 0.97817198851157294, "socials": [ "https://www.facebook.com/102914405769682" ] }, "geometry": { "type": "Point", "coordinates": [ -74.2881475, 40.6765512 ] } },
{ "type": "Feature", "properties": { "id": "08f2a1078eb01d740373dc416b8dd369", "name": "Big Apple Pizza", "confidence": 0.97817198851157294, "socials": [ "https://www.facebook.com/100873389957361" ] }, "geometry": { "type": "Point", "coordinates": [ -74.2860262, 40.677718 ] } },
{ "type": "Feature", "properties": { "id": "08f2a1078c4f22b5038f2cc2e36c606a", "name": "Papa John's Pizza", "confidence": 0.99497955735766175, "socials": [ "https://www.facebook.com/207224635957653" ] }, "geometry": { "type": "Point", "coordinates": [ -74.2834934, 40.6794898 ] } },
{ "type": "Feature", "properties": { "id": "08f2a10781762c0a0365432be3ac31d2", "name": "Mike's Pizza Kitchen and Catering", "confidence": 0.97817198851157294, "socials": [ "https://www.facebook.com/105888434990393" ] }, "geometry": { "type": "Point", "coordinates": [ -74.2886197, 40.691929 ] } },
{ "type": "Feature", "properties": { "id": "08f2a1078cc48d6803df2b09ca314d1e", "name": "Proud Papa's Pizzeria", "confidence": 0.99497955735766175, "socials": [ "https://www.facebook.com/810316472319523" ] }, "geometry": { "type": "Point", "coordinates": [ -74.2691149, 40.6828838 ] } },
{ "type": "Feature", "properties": { "id": "08f2a1078cc6214003e38ce52355a387", "name": "Padonno's Pizzeria", "confidence": 0.99497955735766175, "socials": [ "https://www.facebook.com/194616890561682" ] }, "geometry": { "type": "Point", "coordinates": [ -74.268993, 40.6845023 ] } },
{ "type": "Feature", "properties": { "id": "08f2a106144b549b033f39adde229441", "name": "La-Pino'z Pizzeria", "confidence": 0.77, "socials": null }, "geometry": { "type": "Point", "coordinates": [ -74.267029, 40.6268788 ] } },
{ "type": "Feature", "properties": { "id": "08f2a106144b43ac038cf3f04816cf79", "name": "Primavera's Cafe & Restaurant", "confidence": 0.77, "socials": null }, "geometry": { "type": "Point", "coordinates": [ -74.266968, 40.627113 ] } },
{ "type": "Feature", "properties": { "id": "08f2a1061431dcad0377484fb1dfc0a4", "name": "Pasquales Pizza IV", "confidence": 0.77, "socials": null }, "geometry": { "type": "Point", "coordinates": [ -74.248070024634998, 40.617746917189557 ] } },
{ "type": "Feature", "properties": { "id": "08f2a1061404d3060307aef43d24899d", "name": "Pasquale's Pizzeria IV", "confidence": 0.99497955735766175, "socials": [ "https://www.facebook.com/1431310496930410" ] }, "geometry": { "type": "Point", "coordinates": [ -74.2486259, 40.6195428 ] } },
{ "type": "Feature", "properties": { "id": "08f2a10614332ca3031f34b85cc8b024", "name": "1000 Degrees Neapolitan Pizzeria of Linden", "confidence": 0.77, "socials": null }, "geometry": { "type": "Point", "coordinates": [ -74.248481750488295, 40.619636535644503 ] } },
{ "type": "Feature", "properties": { "id": "08f2a1061591551e03ae00ea78895d95", "name": "Pizza Village Cafe III", "confidence": 0.99497955735766175, "socials": [ "https://www.facebook.com/703352679709126" ] }, "geometry": { "type": "Point", "coordinates": [ -74.2270608, 40.6142139 ] } },
{ "type": "Feature", "properties": { "id": "08f2a10614ac619b0308edd89a99d34a", "name": "Pizza Hut Express", "confidence": 0.77, "socials": null }, "geometry": { "type": "Point", "coordinates": [ -74.243534, 40.61889 ] } },
{ "type": "Feature", "properties": { "id": "08f2a1078923269c03a2d67a22ce94d3", "name": "Pizza Paradise", "confidence": 0.77, "socials": null }, "geometry": { "type": "Point", "coordinates": [ -74.2664072, 40.6346676 ] } },
{ "type": "Feature", "properties": { "id": "08f2a10614d8e6b003bb61602b5a3565", "name": "Two Tony's Pizza", "confidence": 0.99497955735766175, "socials": [ "https://www.facebook.com/1187489268093240" ] }, "geometry": { "type": "Point", "coordinates": [ -74.2569493, 40.6329663 ] } },
{ "type": "Feature", "properties": { "id": "08f2a10614c0565603bbcf2d3176c102", "name": "A Pizza Town", "confidence": 0.97817198851157294, "socials": [ "https://www.facebook.com/162144920602418" ] }, "geometry": { "type": "Point", "coordinates": [ -74.253894, 40.6313057 ] } },
{ "type": "Feature", "properties": { "id": "08f2a10614c2d682035bacfe7b91c0b9", "name": "Venice Pizza", "confidence": 0.99497955735766175, "socials": [ "https://www.facebook.com/101494164887871" ] }, "geometry": { "type": "Point", "coordinates": [ -74.2525307, 40.6308724 ] } },
{ "type": "Feature", "properties": { "id": "08f2a10614c648550334a6f057d61ea0", "name": "Al & Tucky's Pizza", "confidence": 0.97817198851157294, "socials": [ "https://www.facebook.com/108024004229777" ] }, "geometry": { "type": "Point", "coordinates": [ -74.250532, 40.6299591 ] } },
{ "type": "Feature", "properties": { "id": "08f2a10614d4a28a033eb001e4a5bc2a", "name": "Tucky's Pizza", "confidence": 0.77, "socials": null }, "geometry": { "type": "Point", "coordinates": [ -74.2504185, 40.6301663 ] } },
{ "type": "Feature", "properties": { "id": "08f2a10614982a32031e5ec67611a12d", "name": "Pizza Rustica", "confidence": 0.77, "socials": null }, "geometry": { "type": "Point", "coordinates": [ -74.246270656585693, 40.631572008132935 ] } },
{ "type": "Feature", "properties": { "id": "08f2a10789a935510344da993c318ce4", "name": "Domino's Pizza", "confidence": 0.99497955735766175, "socials": [ "https://www.facebook.com/542564799112803" ] }, "geometry": { "type": "Point", "coordinates": [ -74.2630255, 40.6390753 ] } },
{ "type": "Feature", "properties": { "id": "08f2a106305313310357cc1d3a4ef0e8", "name": "Santillo's Brick Oven Pizza", "confidence": 0.99497955735766175, "socials": [ "https://www.facebook.com/117768091582258" ] }, "geometry": { "type": "Point", "coordinates": [ -74.2164936, 40.6489455 ] } },
{ "type": "Feature", "properties": { "id": "08f2a10630569ad603b1fa9e512110b4", "name": "Pizzeria Montevideo", "confidence": 0.97817198851157294, "socials": [ "https://www.facebook.com/119349324814862" ] }, "geometry": { "type": "Point", "coordinates": [ -74.2125163, 40.6449396 ] } },
{ "type": "Feature", "properties": { "id": "08f2a106354252c203cd128f81634070", "name": "Mario's Famous Pizza", "confidence": 0.9961633011413521, "socials": [ "https://www.facebook.com/865855596891428" ] }, "geometry": { "type": "Point", "coordinates": [ -74.1868946, 40.6470448 ] } },
{ "type": "Feature", "properties": { "id": "08f2a1078d4ca22803cc30d8a7eeceff", "name": "Mario's Famous Pizza", "confidence": 0.93346005154639178, "socials": null }, "geometry": { "type": "Point", "coordinates": [ -74.2665127, 40.6587344 ] } },
{ "type": "Feature", "properties": { "id": "08f2a1078d45d24803236d7a1519d951", "name": "Naples Pizzeria", "confidence": 0.86470588235294121, "socials": null }, "geometry": { "type": "Point", "coordinates": [ -74.2625678, 40.6591813 ] } },
{ "type": "Feature", "properties": { "id": "08f2a1078d56dc740378c6ef7ff007c1", "name": "Valentino's", "confidence": 0.77, "socials": null }, "geometry": { "type": "Point", "coordinates": [ -74.2579374, 40.6627147 ] } },
{ "type": "Feature", "properties": { "id": "08f2a1078d193243030c3b531da29fed", "name": "Pompeii Pizzeria 2", "confidence": 0.77, "socials": null }, "geometry": { "type": "Point", "coordinates": [ -74.2575523, 40.6627422 ] } },
{ "type": "Feature", "properties": { "id": "08f2a1078d8e8c5203c046a4b84a1690", "name": "Mike's Bagel Deli & Pizza", "confidence": 0.99497955735766175, "socials": [ "https://www.facebook.com/310838862123783" ] }, "geometry": { "type": "Point", "coordinates": [ -74.2458673, 40.6629655 ] } },
{ "type": "Feature", "properties": { "id": "08f2a1078dd000cb0335b585f2284633", "name": "Tony's Pizza Delight", "confidence": 0.99497955735766175, "socials": [ "https://www.facebook.com/299596693531137" ] }, "geometry": { "type": "Point", "coordinates": [ -74.2540306, 40.6708589 ] } },
{ "type": "Feature", "properties": { "id": "08f2a10632c23a0803ef070675df428e", "name": "Little Italy Pizzeria-Linden", "confidence": 0.77, "socials": null }, "geometry": { "type": "Point", "coordinates": [ -74.2391626, 40.6505986 ] } },
{ "type": "Feature", "properties": { "id": "08f2a106362aa65303f0f196701e282c", "name": "Mikey's Famous Pizzeria", "confidence": 0.77, "socials": null }, "geometry": { "type": "Point", "coordinates": [ -74.2246961, 40.6528288 ] } },
{ "type": "Feature", "properties": { "id": "08f2a10636621d6103b852832183ad05", "name": "La Estancia Parrillada Pizzeria Uruguaya", "confidence": 0.97817198851157294, "socials": [ "https://www.facebook.com/102963855712409" ] }, "geometry": { "type": "Point", "coordinates": [ -74.2303489, 40.6563091 ] } },
{ "type": "Feature", "properties": { "id": "08f2a106360ec91503f154e3216081fe", "name": "Papa John's Pizza", "confidence": 0.99497955735766175, "socials": [ "https://www.facebook.com/156538494402497" ] }, "geometry": { "type": "Point", "coordinates": [ -74.223827, 40.658905 ] } },
{ "type": "Feature", "properties": { "id": "08f2a10636411a51038364beee2e00a1", "name": "JP's Pizzeria", "confidence": 0.77, "socials": null }, "geometry": { "type": "Point", "coordinates": [ -74.2354487, 40.6635058 ] } },
{ "type": "Feature", "properties": { "id": "08f2a1063640252803ea4a8287fd56dd", "name": "JP's Express Pizza", "confidence": 0.97817198851157294, "socials": [ "https://www.facebook.com/436245523404243" ] }, "geometry": { "type": "Point", "coordinates": [ -74.2351687, 40.6637345 ] } },
{ "type": "Feature", "properties": { "id": "08f2a106365ad4dc03f0640725242665", "name": "Domino's Pizza", "confidence": 0.99497955735766175, "socials": [ "https://www.facebook.com/602219216478251" ] }, "geometry": { "type": "Point", "coordinates": [ -74.2348148, 40.6657622 ] } },
{ "type": "Feature", "properties": { "id": "08f2a1063640d65b0373a614cac2922c", "name": "Jerusalem Restaurant", "confidence": 0.99497955735766175, "socials": [ "https://www.facebook.com/1673596969584778" ] }, "geometry": { "type": "Point", "coordinates": [ -74.233574, 40.6623687 ] } },
{ "type": "Feature", "properties": { "id": "08f2a1063642e69803742c84ca6de7a4", "name": "Big C-zar's Pizzeria", "confidence": 0.87645687645687642, "socials": [ "https://www.facebook.com/201781960302730" ] }, "geometry": { "type": "Point", "coordinates": [ -74.2336166, 40.6635497 ] } },
{ "type": "Feature", "properties": { "id": "08f2a10636cc098a037aae21a6c072f8", "name": "Pizza Express", "confidence": 0.99497955735766175, "socials": [ "https://www.facebook.com/108189308512510" ] }, "geometry": { "type": "Point", "coordinates": [ -74.2279809, 40.6665429 ] } },
{ "type": "Feature", "properties": { "id": "08f2a107aa31adb003cde8935f31ce19", "name": "Reggio Pizzeria", "confidence": 0.98296875, "socials": [ "https://www.facebook.com/720734201469127" ] }, "geometry": { "type": "Point", "coordinates": [ -74.2527882, 40.6915396 ] } },
{ "type": "Feature", "properties": { "id": "08f2a107abd9b0c803a631dca27dddfb", "name": "Manny's Pizza", "confidence": 0.77, "socials": null }, "geometry": { "type": "Point", "coordinates": [ -74.2456906, 40.6885268 ] } },
{ "type": "Feature", "properties": { "id": "08f2a107aa36b96b0378aeddade8ed33", "name": "Johnny Napkins", "confidence": 0.99497955735766175, "socials": [ "https://www.facebook.com/1627110340880948" ] }, "geometry": { "type": "Point", "coordinates": [ -74.2468406, 40.68911 ] } },
{ "type": "Feature", "properties": { "id": "08f2a107ab2b0b0a03ca13c002977cbd", "name": "Vinci's Pizzeria", "confidence": 0.99497955735766175, "socials": [ "https://www.facebook.com/1500156276958945" ] }, "geometry": { "type": "Point", "coordinates": [ -74.241302, 40.6724543 ] } },
{ "type": "Feature", "properties": { "id": "08f2a107abace94d037615d7bfff6314", "name": "Chicken and Pizza Villa", "confidence": 0.98331870061457416, "socials": [ "https://www.facebook.com/224486450740604" ] }, "geometry": { "type": "Point", "coordinates": [ -74.2302557, 40.6736022 ] } },
{ "type": "Feature", "properties": { "id": "08f2a107abace94d03f2767728ce4b0b", "name": "Pizza Villa", "confidence": 0.77, "socials": null }, "geometry": { "type": "Point", "coordinates": [ -74.2303591, 40.6736649 ] } },
{ "type": "Feature", "properties": { "id": "08f2a107abace94d03bc1bb3a45d3dd6", "name": "Mateo Pizza Grill", "confidence": 0.77, "socials": null }, "geometry": { "type": "Point", "coordinates": [ -74.2303591, 40.6736649 ] } },
{ "type": "Feature", "properties": { "id": "08f2a107abd9b00d034da3918a47d663", "name": "Manny's Pizza", "confidence": 0.97817198851157294, "socials": [ "https://www.facebook.com/104347167783066" ] }, "geometry": { "type": "Point", "coordinates": [ -74.2455956, 40.6886133 ] } },
{ "type": "Feature", "properties": { "id": "08f2a107a86aea29039a28e7e9c2f212", "name": "Dominick's Pizza Shoppes", "confidence": 0.99497955735766175, "socials": [ "https://www.facebook.com/733251684080891" ] }, "geometry": { "type": "Point", "coordinates": [ -74.2365558, 40.6925743 ] } },
{ "type": "Feature", "properties": { "id": "08f2a107ab8d50ee03377eddf03bfa9f", "name": "&pizza", "confidence": 0.99497955735766175, "socials": [ "https://www.facebook.com/102594254978466" ] }, "geometry": { "type": "Point", "coordinates": [ -74.2341605, 40.6825887 ] } },
{ "type": "Feature", "properties": { "id": "08f2a106362f1daa039ac60c68b95cf6", "name": "The Original Primo Pizza", "confidence": 0.99497955735766175, "socials": [ "https://www.facebook.com/1341111235976475" ] }, "geometry": { "type": "Point", "coordinates": [ -74.2232645, 40.6518014 ] } },
{ "type": "Feature", "properties": { "id": "08f2a106362f0aa203c8194a3b5f51c4", "name": "Primo Pizza", "confidence": 0.77, "socials": null }, "geometry": { "type": "Point", "coordinates": [ -74.223426818847699, 40.651851654052699 ] } },
{ "type": "Feature", "properties": { "id": "08f2a1063630ec6e03bedf06c293ca17", "name": "PieZano's Pizza Kitchen", "confidence": 0.99497955735766175, "socials": [ "https://www.facebook.com/265574983648439" ] }, "geometry": { "type": "Point", "coordinates": [ -74.2191361, 40.6554542 ] } },
{ "type": "Feature", "properties": { "id": "08f2a10636a9b76503441e374bd445aa", "name": "Michelinos", "confidence": 0.97817198851157294, "socials": [ "https://www.facebook.com/211398072335740" ] }, "geometry": { "type": "Point", "coordinates": [ -74.2186752, 40.6575504 ] } },
{ "type": "Feature", "properties": { "id": "08f2a1063605349203fc3a0bbeda9999", "name": "Papa John's Pizza", "confidence": 0.77, "socials": null }, "geometry": { "type": "Point", "coordinates": [ -74.2236168, 40.6587407 ] } },
{ "type": "Feature", "properties": { "id": "08f2a106346e455e037b4804d057b588", "name": "John's Caffe & Pizza", "confidence": 0.99497955735766175, "socials": [ "https://www.facebook.com/125326244207827" ] }, "geometry": { "type": "Point", "coordinates": [ -74.2028349, 40.6552276 ] } },
{ "type": "Feature", "properties": { "id": "08f2a106346b420a038e948dcf72fd2a", "name": "Pizza Market & Arepas", "confidence": 0.99497955735766175, "socials": [ "https://www.facebook.com/1664111160475704" ] }, "geometry": { "type": "Point", "coordinates": [ -74.2064909, 40.6578387 ] } },
{ "type": "Feature", "properties": { "id": "08f2a1063478656c031faad26dcf3697", "name": "Elizabeth Pizzeria", "confidence": 0.99497955735766175, "socials": [ "https://www.facebook.com/103348559731088" ] }, "geometry": { "type": "Point", "coordinates": [ -74.2048081, 40.659607 ] } },
{ "type": "Feature", "properties": { "id": "08f2a1063471b0b0039cf578063b6c49", "name": "Slices Pizza", "confidence": 0.97817198851157294, "socials": [ "https://www.facebook.com/109453124039124" ] }, "geometry": { "type": "Point", "coordinates": [ -74.2017139, 40.6581503 ] } },
{ "type": "Feature", "properties": { "id": "08f2a106347ae288036fe36fff48551e", "name": "Jersey Pizza USA", "confidence": 0.98582594999015549, "socials": [ "https://www.facebook.com/186966466150453" ] }, "geometry": { "type": "Point", "coordinates": [ -74.2032369, 40.6590278 ] } },
{ "type": "Feature", "properties": { "id": "08f2a10636ba255303b774bd8914735a", "name": "Bella Pizza", "confidence": 0.97817198851157294, "socials": [ "https://www.facebook.com/2352514348366370" ] }, "geometry": { "type": "Point", "coordinates": [ -74.2148712, 40.6623802 ] } },
{ "type": "Feature", "properties": { "id": "08f2a10636852b35039458551accbb29", "name": "Queen's Pizza", "confidence": 0.97817198851157294, "socials": [ "https://www.facebook.com/109617509073885" ] }, "geometry": { "type": "Point", "coordinates": [ -74.214917, 40.6646014 ] } },
{ "type": "Feature", "properties": { "id": "08f2a10636b006ed0352be1ecaa564ad", "name": "Domino's Pizza", "confidence": 0.99497955735766175, "socials": [ "https://www.facebook.com/424982790942501" ] }, "geometry": { "type": "Point", "coordinates": [ -74.2109852, 40.6616109 ] } },
{ "type": "Feature", "properties": { "id": "08f2a10636b1386403124d9de3e67dc3", "name": "Little Caesars", "confidence": 0.99497955735766175, "socials": [ "https://www.facebook.com/108414864244427" ] }, "geometry": { "type": "Point", "coordinates": [ -74.2124195, 40.6618283 ] } },
{ "type": "Feature", "properties": { "id": "08f2a106347629060331e7b478a5e317", "name": "Elis Pizza Pasta", "confidence": 0.31588785046728973, "socials": [ "https://www.facebook.com/321947861850612" ] }, "geometry": { "type": "Point", "coordinates": [ -74.1970559, 40.6577323 ] } },
{ "type": "Feature", "properties": { "id": "08f2a1063476290603922d041d3379a8", "name": "Rob'z Pizza & BBQ", "confidence": 0.35051546391752575, "socials": [ "https://www.facebook.com/305711989885721" ] }, "geometry": { "type": "Point", "coordinates": [ -74.1970559, 40.6577323 ] } },
{ "type": "Feature", "properties": { "id": "08f2a106342b020d0382354031c0c98e", "name": "Jorge's Pizza and Pasta Restaurant", "confidence": 0.93837369560937189, "socials": [ "https://www.facebook.com/120975181252378" ] }, "geometry": { "type": "Point", "coordinates": [ -74.1959303, 40.6551767 ] } },
{ "type": "Feature", "properties": { "id": "08f2a10635da87a203771bd1c8e41e07", "name": "Luis Pizzeria", "confidence": 0.77, "socials": null }, "geometry": { "type": "Point", "coordinates": [ -74.1814506, 40.6541975 ] } },
{ "type": "Feature", "properties": { "id": "08f2a10636d20a71035cf08aadf83df3", "name": "Bruno's Pizzeria", "confidence": 0.97817198851157294, "socials": [ "https://www.facebook.com/109730791515432" ] }, "geometry": { "type": "Point", "coordinates": [ -74.2226735, 40.6726147 ] } },
{ "type": "Feature", "properties": { "id": "08f2a107a966ca8503eab37766f3eb06", "name": "Crust Pizza", "confidence": 0.99497955735766175, "socials": [ "https://www.facebook.com/511877125689210" ] }, "geometry": { "type": "Point", "coordinates": [ -74.2136771, 40.6721922 ] } },
{ "type": "Feature", "properties": { "id": "08f2a107a932818003c2ff877dfa8c88", "name": "Tommy's Pizzeria & Restaurant", "confidence": 0.99497955735766175, "socials": [ "https://www.facebook.com/111513562220453" ] }, "geometry": { "type": "Point", "coordinates": [ -74.2036699, 40.6747647 ] } },
{ "type": "Feature", "properties": { "id": "08f2a107a90e5481034cda47855bd79e", "name": "Pizza Hut", "confidence": 0.99497955735766175, "socials": [ "https://www.facebook.com/120513161294176" ] }, "geometry": { "type": "Point", "coordinates": [ -74.2100632, 40.6783699 ] } },
{ "type": "Feature", "properties": { "id": "08f2a107a9cac0eb03310a68bb482529", "name": "Daniel Pizza", "confidence": 0.93837369560937189, "socials": [ "https://www.facebook.com/103605835331785" ] }, "geometry": { "type": "Point", "coordinates": [ -74.2146631, 40.6879312 ] } },
{ "type": "Feature", "properties": { "id": "08f2a107a9cac39a038d276b23da3ffc", "name": "Breeney's Fried Chicken", "confidence": 0.77, "socials": null }, "geometry": { "type": "Point", "coordinates": [ -74.214508, 40.6878811 ] } },
{ "type": "Feature", "properties": { "id": "08f2a107a9a150d503814e972eba19cf", "name": "North End Pizza", "confidence": 0.99497955735766175, "socials": [ "https://www.facebook.com/126720794082752" ] }, "geometry": { "type": "Point", "coordinates": [ -74.199799, 40.6782122 ] } },
{ "type": "Feature", "properties": { "id": "08f2a1071ace440a039c6bc9256f5e70", "name": "Villa Fresh Italian Kitchen", "confidence": 0.77, "socials": null }, "geometry": { "type": "Point", "coordinates": [ -74.18252422, 40.68724903 ] } },
{ "type": "Feature", "properties": { "id": "08f2a1071ac3689303a349a09ed91c71", "name": "Forno Magico", "confidence": 0.77, "socials": null }, "geometry": { "type": "Point", "coordinates": [ -74.18278, 40.69054 ] } },
{ "type": "Feature", "properties": { "id": "08f2a1071ada4c08036e895bc1b4486a", "name": "Uptop Pizza", "confidence": 0.77, "socials": null }, "geometry": { "type": "Point", "coordinates": [ -74.18296, 40.69283 ] } },
{ "type": "Feature", "properties": { "id": "08f2a1078248994d03555c055b39f048", "name": "Domino's Pizza", "confidence": 0.99497955735766175, "socials": [ "https://www.facebook.com/597609726938124" ] }, "geometry": { "type": "Point", "coordinates": [ -74.3449393, 40.7143747 ] } },
{ "type": "Feature", "properties": { "id": "08f2a10783c33764034b8cde7b6da4e2", "name": "Tom's Pizza", "confidence": 0.98582594999015549, "socials": [ "https://www.facebook.com/113345068699979" ] }, "geometry": { "type": "Point", "coordinates": [ -74.318226, 40.7039287 ] } },
{ "type": "Feature", "properties": { "id": "08f2a10783c3549503346bbf8f4bc6df", "name": "TD Pizza", "confidence": 0.99497955735766175, "socials": [ "https://www.facebook.com/673769059321774" ] }, "geometry": { "type": "Point", "coordinates": [ -74.3174536, 40.7047565 ] } },
{ "type": "Feature", "properties": { "id": "08f2a1078255264803705c6a951dab20", "name": "Joe's Ristorante & Pizzeria", "confidence": 0.77, "socials": null }, "geometry": { "type": "Point", "coordinates": [ -74.33962, 40.71621 ] } },
{ "type": "Feature", "properties": { "id": "08f2a10782c6242d03d24b7a0582eace", "name": "California Pizza Kitchen", "confidence": 0.47268106734434556, "socials": [ "https://www.facebook.com/417090121786771" ] }, "geometry": { "type": "Point", "coordinates": [ -74.33067, 40.71973 ] } },
{ "type": "Feature", "properties": { "id": "08f2a107866e58f4036f53c4eb47c115", "name": "Brooklyn Pizza", "confidence": 0.98113699906803353, "socials": [ "https://www.facebook.com/1810265795924417" ] }, "geometry": { "type": "Point", "coordinates": [ -74.325251, 40.725247 ] } },
{ "type": "Feature", "properties": { "id": "08f2a1078078110c03dd85c4d95edc1d", "name": "Domino's Pizza", "confidence": 0.99497955735766175, "socials": [ "https://www.facebook.com/1388275728052875" ] }, "geometry": { "type": "Point", "coordinates": [ -74.311106, 40.7112105 ] } },
{ "type": "Feature", "properties": { "id": "08f2a107802622ee03b239d357fcf5a7", "name": "Master Pizza", "confidence": 0.98331870061457416, "socials": [ "https://www.facebook.com/557275120973860" ] }, "geometry": { "type": "Point", "coordinates": [ -74.2955124, 40.7047693 ] } },
{ "type": "Feature", "properties": { "id": "08f2a107818ce2310318c9198351787f", "name": "La Gondola Pizzeria and Restaurant", "confidence": 0.77, "socials": null }, "geometry": { "type": "Point", "coordinates": [ -74.278747, 40.698433 ] } },
{ "type": "Feature", "properties": { "id": "08f2a107818c16ec03f992e3d88629e4", "name": "Rivoli Pizzeria", "confidence": 0.99497955735766175, "socials": [ "https://www.facebook.com/523918004675180" ] }, "geometry": { "type": "Point", "coordinates": [ -74.2787444, 40.6986413 ] } },
{ "type": "Feature", "properties": { "id": "08f2a10781b528f303683dfbff389e91", "name": "Cioffi's Restaurant & Pizzeria", "confidence": 0.99497955735766175, "socials": [ "https://www.facebook.com/169025443123596" ] }, "geometry": { "type": "Point", "coordinates": [ -74.2719957, 40.6948048 ] } },
{ "type": "Feature", "properties": { "id": "08f2a107aa4d164203b82d55f3cc05f0", "name": "Brooklyn Pizza", "confidence": 0.99497955735766175, "socials": [ "https://www.facebook.com/100820137989829" ] }, "geometry": { "type": "Point", "coordinates": [ -74.2693486, 40.6967718 ] } },
{ "type": "Feature", "properties": { "id": "08f2a10780c9656303cf7615bbc95e0a", "name": "Clemenza's Gourmet Brick Oven Pizza", "confidence": 0.77, "socials": null }, "geometry": { "type": "Point", "coordinates": [ -74.3097817, 40.7229839 ] } },
{ "type": "Feature", "properties": { "id": "08f2a10780c96ccb037730abbd0c206d", "name": "Clemenza's Original Brick Oven", "confidence": 0.97817198851157294, "socials": [ "https://www.facebook.com/1564139133848195" ] }, "geometry": { "type": "Point", "coordinates": [ -74.3096691, 40.723122 ] } },
{ "type": "Feature", "properties": { "id": "08f2a10780cb5b8403014bba9b6cd608", "name": "Vinnie's Pan Pizza", "confidence": 0.99497955735766175, "socials": [ "https://www.facebook.com/104792321663588" ] }, "geometry": { "type": "Point", "coordinates": [ -74.3071409, 40.7234417 ] } },
{ "type": "Feature", "properties": { "id": "08f2a10780d9e224036b60dd68e15e75", "name": "Pizzeta Cafe Fresh To Order", "confidence": 0.77, "socials": null }, "geometry": { "type": "Point", "coordinates": [ -74.3071004, 40.7244089 ] } },
{ "type": "Feature", "properties": { "id": "08f2a10780d9ecf3031da98714faaa54", "name": "Fiamma Wood Fired Pizza", "confidence": 0.99497955735766175, "socials": [ "https://www.facebook.com/352799748223382" ] }, "geometry": { "type": "Point", "coordinates": [ -74.3073692, 40.7246598 ] } },
{ "type": "Feature", "properties": { "id": "08f2a10780daaa810354467d9045aa12", "name": "Trattoria Gian Marco", "confidence": 0.77, "socials": null }, "geometry": { "type": "Point", "coordinates": [ -74.3046, 40.72456 ] } },
{ "type": "Feature", "properties": { "id": "08f2a10780da84f303deee00d2f2ca0c", "name": "Gian Marco Trattoria", "confidence": 0.99497955735766175, "socials": [ "https://www.facebook.com/200484243405290" ] }, "geometry": { "type": "Point", "coordinates": [ -74.3043825, 40.7245686 ] } },
{ "type": "Feature", "properties": { "id": "08f2a107854d6aa403e9ca0143d07d50", "name": "Pizza Hut Express", "confidence": 0.99497955735766175, "socials": [ "https://www.facebook.com/1980729515489079" ] }, "geometry": { "type": "Point", "coordinates": [ -74.2860588, 40.7159472 ] } },
{ "type": "Feature", "properties": { "id": "08f2a107855290eb03b2ad44ddbd231a", "name": "Joe's Famous Pizza", "confidence": 0.97817198851157294, "socials": [ "https://www.facebook.com/107596404135569" ] }, "geometry": { "type": "Point", "coordinates": [ -74.2779867, 40.7196333 ] } },
{ "type": "Feature", "properties": { "id": "08f2a107855293820344ca1eeda5a2da", "name": "Joe's Pizza & Pasta", "confidence": 0.29137199434229144, "socials": [ "https://www.facebook.com/318152791567801" ] }, "geometry": { "type": "Point", "coordinates": [ -74.2779274, 40.7196397 ] } },
{ "type": "Feature", "properties": { "id": "08f2a10785c6cacb035e5bc0a2c3a4ab", "name": "Papa John's Pizza", "confidence": 0.77, "socials": null }, "geometry": { "type": "Point", "coordinates": [ -74.2691954, 40.7206124 ] } },
{ "type": "Feature", "properties": { "id": "08f2a10784a1a595032441183d207296", "name": "Osteria LK", "confidence": 0.87645687645687642, "socials": [ "https://www.facebook.com/586519058112185" ] }, "geometry": { "type": "Point", "coordinates": [ -74.2780816, 40.7304365 ] } },
{ "type": "Feature", "properties": { "id": "08f2a10784a15a500338c18663b7a032", "name": "Roman Gourmet", "confidence": 0.9961633011413521, "socials": [ "https://www.facebook.com/114593091956477" ] }, "geometry": { "type": "Point", "coordinates": [ -74.2766655, 40.7313288 ] } },
{ "type": "Feature", "properties": { "id": "08f2a107a34c018803df6e9edb459adf", "name": "Sabatino's", "confidence": 0.99497955735766175, "socials": [ "https://www.facebook.com/2361559480562147" ] }, "geometry": { "type": "Point", "coordinates": [ -74.2696463, 40.7339575 ] } },
{ "type": "Feature", "properties": { "id": "08f2a107a340a46e03b20ff8bf682c24", "name": "Maplewood Pizzeria", "confidence": 0.99497955735766175, "socials": [ "https://www.facebook.com/111573055548555" ] }, "geometry": { "type": "Point", "coordinates": [ -74.2680368, 40.7354757 ] } },
{ "type": "Feature", "properties": { "id": "08f2a107b2cb434e034feb0a1cb6f821", "name": "Pizzetta", "confidence": 0.53885630498533721, "socials": [ "https://www.facebook.com/281969905265889" ] }, "geometry": { "type": "Point", "coordinates": [ -74.3551, 40.77771 ] } },
{ "type": "Feature", "properties": { "id": "08f2a107b050db2e0364f2f17dd2bec9", "name": "Calabria Restaurant Bar & Pizzeria", "confidence": 0.77, "socials": null }, "geometry": { "type": "Point", "coordinates": [ -74.3259828, 40.7734736 ] } },
{ "type": "Feature", "properties": { "id": "08f2a107b0ced65903e6c0329f434077", "name": "Turanos pizza kitchen llc", "confidence": 0.77, "socials": null }, "geometry": { "type": "Point", "coordinates": [ -74.3210097, 40.7735981 ] } },
{ "type": "Feature", "properties": { "id": "08f2a107b0ce926c037a0d65af51e3e5", "name": "Turano's Pizza Kitchen", "confidence": 0.99497955735766175, "socials": [ "https://www.facebook.com/327371571358517" ] }, "geometry": { "type": "Point", "coordinates": [ -74.321021, 40.7736616 ] } },
{ "type": "Feature", "properties": { "id": "08f2a107b0ce306803705ec89d1c36ae", "name": "Anthony Franco's Pizza", "confidence": 0.99497955735766175, "socials": [ "https://www.facebook.com/108761350785505" ] }, "geometry": { "type": "Point", "coordinates": [ -74.321952, 40.7750914 ] } },
{ "type": "Feature", "properties": { "id": "08f2a107b545224203c983fa5207296e", "name": "Master Pizza", "confidence": 0.98331870061457416, "socials": [ "https://www.facebook.com/190788662465" ] }, "geometry": { "type": "Point", "coordinates": [ -74.299218, 40.7702478 ] } },
{ "type": "Feature", "properties": { "id": "08f2a107aa7b5b94032874bd9f49bb0b", "name": "Domino's Pizza", "confidence": 0.99497955735766175, "socials": [ "https://www.facebook.com/475213062561862" ] }, "geometry": { "type": "Point", "coordinates": [ -74.2658067, 40.6955966 ] } },
{ "type": "Feature", "properties": { "id": "08f2a107aa52038a037f5f37825f2175", "name": "Glendale Pizzeria", "confidence": 0.97817198851157294, "socials": [ "https://www.facebook.com/174516829254513" ] }, "geometry": { "type": "Point", "coordinates": [ -74.2627766, 40.7030141 ] } },
{ "type": "Feature", "properties": { "id": "08f2a107aa16dd8903fe953c83653b24", "name": "McMuscles Gourmet", "confidence": 0.98331870061457416, "socials": [ "https://www.facebook.com/1442222992774553" ] }, "geometry": { "type": "Point", "coordinates": [ -74.2487687, 40.697382 ] } },
{ "type": "Feature", "properties": { "id": "08f2a107aac8558003d50047d9c754ef", "name": "Pizza Hut", "confidence": 0.99497955735766175, "socials": [ "https://www.facebook.com/351812951519410" ] }, "geometry": { "type": "Point", "coordinates": [ -74.261518, 40.7051942 ] } },
{ "type": "Feature", "properties": { "id": "08f2a10785b5c2ab03bba6ec2d8be995", "name": "NY Pizzeria & Grill", "confidence": 0.19900497512437809, "socials": [ "https://www.facebook.com/1522905418024878" ] }, "geometry": { "type": "Point", "coordinates": [ -74.256841, 40.712639 ] } },
{ "type": "Feature", "properties": { "id": "08f2a107a878168d03ec0a8f84584a3a", "name": "Domino's Pizza", "confidence": 0.99497955735766175, "socials": [ "https://www.facebook.com/352163304909395" ] }, "geometry": { "type": "Point", "coordinates": [ -74.2357291, 40.6947407 ] } },
{ "type": "Feature", "properties": { "id": "08f2a107a844886503f9f123621ea699", "name": "M&M Pizza Restaurant", "confidence": 0.99497955735766175, "socials": [ "https://www.facebook.com/220295675505853" ] }, "geometry": { "type": "Point", "coordinates": [ -74.2333429, 40.6970068 ] } },
{ "type": "Feature", "properties": { "id": "08f2a107a844895803729e1faa7a6949", "name": "M & M II Restaurant & Pizzeria", "confidence": 0.77, "socials": null }, "geometry": { "type": "Point", "coordinates": [ -74.2332707, 40.6969834 ] } },
{ "type": "Feature", "properties": { "id": "08f2a107ae49634b03270c913d48d02c", "name": "Artie's", "confidence": 0.97817198851157294, "socials": [ "https://www.facebook.com/139719551496" ] }, "geometry": { "type": "Point", "coordinates": [ -74.2578946, 40.7190154 ] } },
{ "type": "Feature", "properties": { "id": "08f2a107ae4aa4c403dae4d1e456e74a", "name": "Corner Slice", "confidence": 0.97817198851157294, "socials": [ "https://www.facebook.com/1944183425823596" ] }, "geometry": { "type": "Point", "coordinates": [ -74.2554878, 40.718148 ] } },
{ "type": "Feature", "properties": { "id": "08f2a107aec21c530302ffd9ad9b2b2f", "name": "Big Joe's Pizzeria", "confidence": 0.99497955735766175, "socials": [ "https://www.facebook.com/113947218637194" ] }, "geometry": { "type": "Point", "coordinates": [ -74.2420631, 40.7246084 ] } },
{ "type": "Feature", "properties": { "id": "08f2a107aed5022003fc1dc1788c6bb8", "name": "Miami Pizza", "confidence": 0.47268106734434556, "socials": [ "https://www.facebook.com/188301915138041" ] }, "geometry": { "type": "Point", "coordinates": [ -74.24078, 40.7244699 ] } },
{ "type": "Feature", "properties": { "id": "08f2a107ae80204b03e7f0bdb9c86668", "name": "Papa John's Pizza", "confidence": 0.99497955735766175, "socials": [ "https://www.facebook.com/197808270237968" ] }, "geometry": { "type": "Point", "coordinates": [ -74.2332652, 40.7217613 ] } },
{ "type": "Feature", "properties": { "id": "08f2a107a129b84803e56de287bf667a", "name": "Bruno's Pizzeria", "confidence": 0.99497955735766175, "socials": [ "https://www.facebook.com/116989671652864" ] }, "geometry": { "type": "Point", "coordinates": [ -74.2300032, 40.7261574 ] } },
{ "type": "Feature", "properties": { "id": "08f2a107a1289d9d03e66cb2db1b44ed", "name": "Brooklyn's Pizza", "confidence": 0.99497955735766175, "socials": [ "https://www.facebook.com/101372874948770" ] }, "geometry": { "type": "Point", "coordinates": [ -74.2281068, 40.7260523 ] } },
{ "type": "Feature", "properties": { "id": "08f2a107a12e3d9503ae1c71731e222c", "name": "Domino's Pizza", "confidence": 0.99497955735766175, "socials": [ "https://www.facebook.com/146626618861529" ] }, "geometry": { "type": "Point", "coordinates": [ -74.2255771, 40.7253013 ] } },
{ "type": "Feature", "properties": { "id": "08f2a107a3a2864e03fb31c8bbb07928", "name": "La Famiglia Ristorante & Pizzeria", "confidence": 0.77, "socials": null }, "geometry": { "type": "Point", "coordinates": [ -74.2446573, 40.7315012 ] } },
{ "type": "Feature", "properties": { "id": "08f2a107a8af5540035a8e04ea199ece", "name": "Comet Pizza", "confidence": 0.98296875, "socials": [ "https://www.facebook.com/101195169308484" ] }, "geometry": { "type": "Point", "coordinates": [ -74.216206, 40.6944689 ] } },
{ "type": "Feature", "properties": { "id": "08f2a107a88a134c039950f6edb5b78b", "name": "Giuseppe's Island Pizzeria", "confidence": 0.77, "socials": null }, "geometry": { "type": "Point", "coordinates": [ -74.219618, 40.703911 ] } },
{ "type": "Feature", "properties": { "id": "08f2a107ac63473003c4c787b06f608b", "name": "Prince's KKC Pizza-Deli Restaurant", "confidence": 0.31588785046728973, "socials": [ "https://www.facebook.com/253359184815679" ] }, "geometry": { "type": "Point", "coordinates": [ -74.21969, 40.71312 ] } },
{ "type": "Feature", "properties": { "id": "08f2a107ac221bb503c6205a07dab9b3", "name": "Domino's Pizza", "confidence": 0.99497955735766175, "socials": [ "https://www.facebook.com/436663606431345" ] }, "geometry": { "type": "Point", "coordinates": [ -74.2086354, 40.707598 ] } },
{ "type": "Feature", "properties": { "id": "08f2a107ac22875303c2589f5fa8c9c6", "name": "Napoli", "confidence": 0.93837369560937189, "socials": [ "https://www.facebook.com/120307011319458" ] }, "geometry": { "type": "Point", "coordinates": [ -74.2073319, 40.7089105 ] } },
{ "type": "Feature", "properties": { "id": "08f2a107a1221583036869801942c183", "name": "Little Caesars", "confidence": 0.99497955735766175, "socials": [ "https://www.facebook.com/527261794056090" ] }, "geometry": { "type": "Point", "coordinates": [ -74.2231839, 40.7277746 ] } },
{ "type": "Feature", "properties": { "id": "08f2a107ac80db6503c91da4e0fdabab", "name": "New York Fried Chicken and Pizza", "confidence": 0.99497955735766175, "socials": [ "https://www.facebook.com/115503741805990" ] }, "geometry": { "type": "Point", "coordinates": [ -74.2016134, 40.7217044 ] } },
{ "type": "Feature", "properties": { "id": "08f2a107135a288503e6b81ccb101f6f", "name": "Tropical Brick Oven Pizza", "confidence": 0.99497955735766175, "socials": [ "https://www.facebook.com/1456693367691238" ] }, "geometry": { "type": "Point", "coordinates": [ -74.19364, 40.72383 ] } },
{ "type": "Feature", "properties": { "id": "08f2a107122edccb039b4ed10214eacf", "name": "Roberto's Pizza", "confidence": 0.97817198851157294, "socials": [ "https://www.facebook.com/360064764181456" ] }, "geometry": { "type": "Point", "coordinates": [ -74.1944875, 40.7254294 ] } },
{ "type": "Feature", "properties": { "id": "08f2a10712729248031c890e8bab2516", "name": "Papa Johns Pizza", "confidence": 0.99497955735766175, "socials": [ "https://www.facebook.com/110212028545043" ] }, "geometry": { "type": "Point", "coordinates": [ -74.2013624, 40.732325 ] } },
{ "type": "Feature", "properties": { "id": "08f2a1071277558d0342102ad0904a5c", "name": "Domino's Pizza", "confidence": 0.99497955735766175, "socials": [ "https://www.facebook.com/349440358934820" ] }, "geometry": { "type": "Point", "coordinates": [ -74.2009674, 40.7320213 ] } },
{ "type": "Feature", "properties": { "id": "08f2a10712b8daa303e0f07b17db575a", "name": "Victoria Pizza & Restaurant", "confidence": 0.77, "socials": null }, "geometry": { "type": "Point", "coordinates": [ -74.1873659, 40.7351887 ] } },
{ "type": "Feature", "properties": { "id": "08f2a107a2aeed12033fb4840d496409", "name": "Pirates Pizza", "confidence": 0.77, "socials": null }, "geometry": { "type": "Point", "coordinates": [ -74.2627174, 40.747614 ] } },
{ "type": "Feature", "properties": { "id": "08f2a107a3d18819039e6e1a78efa779", "name": "Domino's Pizza", "confidence": 0.99497955735766175, "socials": [ "https://www.facebook.com/683017381714933" ] }, "geometry": { "type": "Point", "coordinates": [ -74.2583449, 40.7441509 ] } },
{ "type": "Feature", "properties": { "id": "08f2a107a2a582d903157239d6b6896c", "name": "Bunny's Sports Bar, South Orange NJ", "confidence": 0.9961633011413521, "socials": [ "https://www.facebook.com/160312437346461" ] }, "geometry": { "type": "Point", "coordinates": [ -74.2607769, 40.7465502 ] } },
{ "type": "Feature", "properties": { "id": "08f2a107a3880db5039a32deae8bfec6", "name": "El Greco Pizza", "confidence": 0.99497955735766175, "socials": [ "https://www.facebook.com/249304448453939" ] }, "geometry": { "type": "Point", "coordinates": [ -74.2528597, 40.7400001 ] } },
{ "type": "Feature", "properties": { "id": "08f2a107a3d23864039c116e2117fdbc", "name": "Pirates Pizza", "confidence": 0.77, "socials": null }, "geometry": { "type": "Point", "coordinates": [ -74.2562081, 40.7455911 ] } },
{ "type": "Feature", "properties": { "id": "08f2a107a0651299035082ea4bf44d6c", "name": "Village Pizzeria", "confidence": 0.99497955735766175, "socials": [ "https://www.facebook.com/117989258392404" ] }, "geometry": { "type": "Point", "coordinates": [ -74.2500983, 40.7448609 ] } },
{ "type": "Feature", "properties": { "id": "08f2a107a1d84c560328287d4547d83d", "name": "Nico's Pizzeria & Grill", "confidence": 0.97817198851157294, "socials": [ "https://www.facebook.com/185008038275486" ] }, "geometry": { "type": "Point", "coordinates": [ -74.2314778, 40.7462067 ] } },
{ "type": "Feature", "properties": { "id": "08f2a107a0b717a303bee3f7b64992df", "name": "Bj's Pizzeria", "confidence": 0.92595108695652173, "socials": [ "https://www.facebook.com/120990381248325" ] }, "geometry": { "type": "Point", "coordinates": [ -74.2279296, 40.7517765 ] } },
{ "type": "Feature", "properties": { "id": "08f2a107a54808c003c6f027529861cf", "name": "King Wings", "confidence": 0.98582594999015549, "socials": [ "https://www.facebook.com/101119291362669" ] }, "geometry": { "type": "Point", "coordinates": [ -74.2276997, 40.7563466 ] } },
{ "type": "Feature", "properties": { "id": "08f2a107a6a080830353d8255fc1eb16", "name": "Master Pizza", "confidence": 0.98331870061457416, "socials": [ "https://www.facebook.com/248085018733908" ] }, "geometry": { "type": "Point", "coordinates": [ -74.247492, 40.7678047 ] } },
{ "type": "Feature", "properties": { "id": "08f2a107a461295e03efe13619c94530", "name": "GiCarli's Pizza", "confidence": 0.99497955735766175, "socials": [ "https://www.facebook.com/105251124749961" ] }, "geometry": { "type": "Point", "coordinates": [ -74.2388171, 40.7670607 ] } },
{ "type": "Feature", "properties": { "id": "08f2a107a450934b03237e0a4cb6e69d", "name": "Little Caesars", "confidence": 0.99497955735766175, "socials": [ "https://www.facebook.com/540069239442973" ] }, "geometry": { "type": "Point", "coordinates": [ -74.2366353, 40.7755371 ] } },
{ "type": "Feature", "properties": { "id": "08f2a107a4540b45031039bda80f2166", "name": "Champions Chicken and Pizza Restaurant", "confidence": 0.97817198851157294, "socials": [ "https://www.facebook.com/1289140594460537" ] }, "geometry": { "type": "Point", "coordinates": [ -74.2347721, 40.7744755 ] } },
{ "type": "Feature", "properties": { "id": "08f2a107a44346f103cd602d4ddaec3c", "name": "Domino's Pizza", "confidence": 0.99497955735766175, "socials": [ "https://www.facebook.com/138288969703660" ] }, "geometry": { "type": "Point", "coordinates": [ -74.2398056, 40.7759278 ] } },
{ "type": "Feature", "properties": { "id": "08f2a107a451bcd1032bd8f7fbbd36c9", "name": "Cocina Grill and Pizzeria", "confidence": 0.99497955735766175, "socials": [ "https://www.facebook.com/1683663338622868" ] }, "geometry": { "type": "Point", "coordinates": [ -74.238937, 40.7760881 ] } },
{ "type": "Feature", "properties": { "id": "08f2a107a45ad1250351873b88d2a568", "name": "Johnny's Pizzeria", "confidence": 0.99497955735766175, "socials": [ "https://www.facebook.com/160109494017221" ] }, "geometry": { "type": "Point", "coordinates": [ -74.2393596, 40.7768731 ] } },
{ "type": "Feature", "properties": { "id": "08f2a107a401270d03951cf6de1671ac", "name": "Antonaldo's Pizza", "confidence": 0.99497955735766175, "socials": [ "https://www.facebook.com/259317750600691" ] }, "geometry": { "type": "Point", "coordinates": [ -74.2309317, 40.7724612 ] } },
{ "type": "Feature", "properties": { "id": "08f2a107a40162f2037649ad3f97ddb8", "name": "Pizza Center", "confidence": 0.97817198851157294, "socials": [ "https://www.facebook.com/100883413289845" ] }, "geometry": { "type": "Point", "coordinates": [ -74.2305194, 40.7726288 ] } },
{ "type": "Feature", "properties": { "id": "08f2a107a412549a03ab11fbe97f1d0c", "name": "The Pizza Zone", "confidence": 0.97553503184713375, "socials": [ "https://www.facebook.com/112099124741426" ] }, "geometry": { "type": "Point", "coordinates": [ -74.2251245, 40.7757387 ] } },
{ "type": "Feature", "properties": { "id": "08f2a107124906ab03d736781d8333d6", "name": "Gino's Pizza", "confidence": 0.97817198851157294, "socials": [ "https://www.facebook.com/206804472519939" ] }, "geometry": { "type": "Point", "coordinates": [ -74.213823, 40.7384566 ] } },
{ "type": "Feature", "properties": { "id": "08f2a107a5566420032fad90e87deebb", "name": "Potato Paradise", "confidence": 0.31588785046728973, "socials": [ "https://www.facebook.com/100606011398774" ] }, "geometry": { "type": "Point", "coordinates": [ -74.218715, 40.757767 ] } },
{ "type": "Feature", "properties": { "id": "08f2a107a5528785032b391027c97ee6", "name": "Papa John's Pizza", "confidence": 0.99497955735766175, "socials": [ "https://www.facebook.com/204659939547197" ] }, "geometry": { "type": "Point", "coordinates": [ -74.2202673, 40.7587956 ] } },
{ "type": "Feature", "properties": { "id": "08f2a107a55618ab035708fb0f4a84df", "name": "Casiano's Pizza & Restaurant", "confidence": 0.71069587628865982, "socials": [ "https://www.facebook.com/421446391937449" ] }, "geometry": { "type": "Point", "coordinates": [ -74.21772, 40.75711 ] } },
{ "type": "Feature", "properties": { "id": "08f2a10712cce97403a4cb7d8d558e05", "name": "Golden Pizzeria", "confidence": 0.99497955735766175, "socials": [ "https://www.facebook.com/120282444655472" ] }, "geometry": { "type": "Point", "coordinates": [ -74.2013042, 40.7405485 ] } },
{ "type": "Feature", "properties": { "id": "08f2a10712104c2a038fb1f9b236bda6", "name": "Papa Pat's Pizza", "confidence": 0.99497955735766175, "socials": [ "https://www.facebook.com/199421716775843" ] }, "geometry": { "type": "Point", "coordinates": [ -74.1947523, 40.7392401 ] } },
{ "type": "Feature", "properties": { "id": "08f2a107166e1a0003f39158131cf5bc", "name": "New York Fried Chicken & Pizza - Halal", "confidence": 0.77, "socials": null }, "geometry": { "type": "Point", "coordinates": [ -74.1914884, 40.7471493 ] } },
{ "type": "Feature", "properties": { "id": "08f2a1071660b653032e5c5448f1e849", "name": "Domino's Pizza", "confidence": 0.99497955735766175, "socials": [ "https://www.facebook.com/594094210613194" ] }, "geometry": { "type": "Point", "coordinates": [ -74.1912344, 40.7476885 ] } },
{ "type": "Feature", "properties": { "id": "08f2a10716665413037b2b9ab0c2925b", "name": "Little Caesars Pizza", "confidence": 0.99497955735766175, "socials": [ "https://www.facebook.com/185543548470570" ] }, "geometry": { "type": "Point", "coordinates": [ -74.1876237, 40.7482044 ] } },
{ "type": "Feature", "properties": { "id": "08f2a1071644a909037d7a585e6f7fa7", "name": "US Fried Chicken & Pizza", "confidence": 0.97817198851157294, "socials": [ "https://www.facebook.com/108130485895326" ] }, "geometry": { "type": "Point", "coordinates": [ -74.1915419, 40.7538047 ] } },
{ "type": "Feature", "properties": { "id": "08f2a107a55314540322c4e6131b66b2", "name": "Supreme Pizza", "confidence": 0.98582594999015549, "socials": [ "https://www.facebook.com/102090081766431" ] }, "geometry": { "type": "Point", "coordinates": [ -74.2219304, 40.7598692 ] } },
{ "type": "Feature", "properties": { "id": "08f2a107a5d1ad0e0356b6f4506880ae", "name": "Domino's Pizza", "confidence": 0.99497955735766175, "socials": [ "https://www.facebook.com/173888322787522" ] }, "geometry": { "type": "Point", "coordinates": [ -74.2147102, 40.7641961 ] } },
{ "type": "Feature", "properties": { "id": "08f2a107a5db2844035791c1f7ac91a8", "name": "Roberto's Pizza", "confidence": 0.71069587628865982, "socials": [ "https://www.facebook.com/118244964854743" ] }, "geometry": { "type": "Point", "coordinates": [ -74.218599, 40.76563 ] } },
{ "type": "Feature", "properties": { "id": "08f2a107a4ae2c16031dff4c37daaaad", "name": "Mister Pizza N Tacos", "confidence": 0.98331870061457416, "socials": [ "https://www.facebook.com/252073474662916" ] }, "geometry": { "type": "Point", "coordinates": [ -74.2192742, 40.7680269 ] } },
{ "type": "Feature", "properties": { "id": "08f2a107a5d51965036e735ea03404eb", "name": "Kennedy Fried Chicken & Pizza", "confidence": 0.77, "socials": null }, "geometry": { "type": "Point", "coordinates": [ -74.2119464, 40.7622182 ] } },
{ "type": "Feature", "properties": { "id": "08f2a107a4b6cc7303ee365b2d51bf49", "name": "Crown's Fried Chicken and Pizza", "confidence": 0.99497955735766175, "socials": [ "https://www.facebook.com/125304694286647" ] }, "geometry": { "type": "Point", "coordinates": [ -74.2117464, 40.7700715 ] } },
{ "type": "Feature", "properties": { "id": "08f2a1044b22a23203a8780618490c16", "name": "Mecca Pizza Restaurant", "confidence": 0.98582594999015549, "socials": [ "https://www.facebook.com/101058396072005" ] }, "geometry": { "type": "Point", "coordinates": [ -74.1951455, 40.7645861 ] } },
{ "type": "Feature", "properties": { "id": "08f2a10449695246037056d2917945bd", "name": "Dickie Dee's", "confidence": 0.97817198851157294, "socials": [ "https://www.facebook.com/168765039842271" ] }, "geometry": { "type": "Point", "coordinates": [ -74.1820833, 40.7684298 ] } },
{ "type": "Feature", "properties": { "id": "08f2a1044bb31b530314d516bd857579", "name": "Domino's Pizza", "confidence": 0.99497955735766175, "socials": [ "https://www.facebook.com/470353966383982" ] }, "geometry": { "type": "Point", "coordinates": [ -74.1857793, 40.7741733 ] } },
{ "type": "Feature", "properties": { "id": "08f2a1044bb7102c03836a93fa4eb554", "name": "Papa John's Pizza", "confidence": 0.99497955735766175, "socials": [ "https://www.facebook.com/130672877004321" ] }, "geometry": { "type": "Point", "coordinates": [ -74.1835085, 40.7714158 ] } },
{ "type": "Feature", "properties": { "id": "08f2a1044b845c940390f14245a1464e", "name": "Bella Pizza", "confidence": 0.77, "socials": null }, "geometry": { "type": "Point", "coordinates": [ -74.187624, 40.776205 ] } },
{ "type": "Feature", "properties": { "id": "08f2a1044b845d9b031ef60380aef082", "name": "Avenue Pizza", "confidence": 0.97817198851157294, "socials": [ "https://www.facebook.com/104649741937990" ] }, "geometry": { "type": "Point", "coordinates": [ -74.1874513, 40.7762352 ] } },
{ "type": "Feature", "properties": { "id": "08f2a1065e40b626039c64f45d52b1f9", "name": "Princess Maria's Pizza & Restaurant", "confidence": 0.97817198851157294, "socials": [ "https://www.facebook.com/1309723752525093" ] }, "geometry": { "type": "Point", "coordinates": [ -74.165368, 40.4424998 ] } },
{ "type": "Feature", "properties": { "id": "08f2a1065130148b039b14c7e8b64adf", "name": "Pizza \"V\" On The Boardwalk", "confidence": 0.77, "socials": null }, "geometry": { "type": "Point", "coordinates": [ -74.1358783, 40.4550984 ] } },
{ "type": "Feature", "properties": { "id": "08f2a106513007250376dbf1a0ca51ae", "name": "Pizza V On The Boardwalk", "confidence": 0.97817198851157294, "socials": [ "https://www.facebook.com/808337765989735" ] }, "geometry": { "type": "Point", "coordinates": [ -74.1359456, 40.4553617 ] } },
{ "type": "Feature", "properties": { "id": "08f2a1065c67026303c68b4c14346d95", "name": "Pomodoro Rosso Pizza", "confidence": 0.77, "socials": null }, "geometry": { "type": "Point", "coordinates": [ -74.1309982, 40.4354352 ] } },
{ "type": "Feature", "properties": { "id": "08f2a1065c731a1d03c726130b323843", "name": "Domino's Pizza", "confidence": 0.99497955735766175, "socials": [ "https://www.facebook.com/602199776465682" ] }, "geometry": { "type": "Point", "coordinates": [ -74.1305396, 40.4403039 ] } },
{ "type": "Feature", "properties": { "id": "08f2a1065c4416c903e4c9e62f35cff9", "name": "Anthony's Pizza", "confidence": 0.99497955735766175, "socials": [ "https://www.facebook.com/412913408728382" ] }, "geometry": { "type": "Point", "coordinates": [ -74.1330869, 40.4417054 ] } },
{ "type": "Feature", "properties": { "id": "08f2a1065c46b01b033a7b0516cd8c83", "name": "Lucisano's Pizza", "confidence": 0.99497955735766175, "socials": [ "https://www.facebook.com/119771734705926" ] }, "geometry": { "type": "Point", "coordinates": [ -74.1320159, 40.4416534 ] } },
{ "type": "Feature", "properties": { "id": "08f2a1065c098058038bb552fbc96509", "name": "Julios Pizza Co.", "confidence": 0.77, "socials": null }, "geometry": { "type": "Point", "coordinates": [ -74.130120426660397, 40.4416174118683 ] } },
{ "type": "Feature", "properties": { "id": "08f2a1065c56944a031f520a72a2878f", "name": "Roma Pizza", "confidence": 0.97817198851157294, "socials": [ "https://www.facebook.com/117260308293420" ] }, "geometry": { "type": "Point", "coordinates": [ -74.1295917, 40.4443055 ] } },
{ "type": "Feature", "properties": { "id": "08f2a106512614d003e74330b70f8e65", "name": "Angry Tomatoes Pizzeria", "confidence": 0.93346005154639178, "socials": null }, "geometry": { "type": "Point", "coordinates": [ -74.1344332, 40.4506069 ] } },
{ "type": "Feature", "properties": { "id": "08f2a10608c187330356a5d73d230bbe", "name": "The Pizza Parlor", "confidence": 0.99497955735766175, "socials": [ "https://www.facebook.com/243380199415386" ] }, "geometry": { "type": "Point", "coordinates": [ -74.1770996, 40.5404978 ] } },
{ "type": "Feature", "properties": { "id": "08f2a10608ca1ac80308036961b67671", "name": "King Sicilian", "confidence": 0.77, "socials": null }, "geometry": { "type": "Point", "coordinates": [ -74.178127, 40.5415762 ] } },
{ "type": "Feature", "properties": { "id": "08f2a10608c11c9403368538d59dd676", "name": "The Square on Annadale", "confidence": 0.97817198851157294, "socials": [ "https://www.facebook.com/879543498734201" ] }, "geometry": { "type": "Point", "coordinates": [ -74.1771639, 40.5413946 ] } },
{ "type": "Feature", "properties": { "id": "08f2a10608c111b103f2653c62ebabf5", "name": "Mona Lisa Pizzeria", "confidence": 0.97817198851157294, "socials": [ "https://www.facebook.com/219941338098597" ] }, "geometry": { "type": "Point", "coordinates": [ -74.1771115, 40.5413223 ] } },
{ "type": "Feature", "properties": { "id": "08f2a1060893254a03c9f3e481c873d6", "name": "Campania Coal-Fired Pizza", "confidence": 0.99497955735766175, "socials": [ "https://www.facebook.com/715540831861688" ] }, "geometry": { "type": "Point", "coordinates": [ -74.1640371, 40.5428389 ] } },
{ "type": "Feature", "properties": { "id": "08f2a1060c64148803d72e33d345e7aa", "name": "Sal & Lloyd's Pizza Place", "confidence": 0.99497955735766175, "socials": [ "https://www.facebook.com/303765209503" ] }, "geometry": { "type": "Point", "coordinates": [ -74.1650871, 40.543919 ] } },
{ "type": "Feature", "properties": { "id": "08f2a1060c67162d03c04999582f4078", "name": "DOUGH by Licastri Eltingville", "confidence": 0.99497955735766175, "socials": [ "https://www.facebook.com/100755072758071" ] }, "geometry": { "type": "Point", "coordinates": [ -74.1654538, 40.5447967 ] } },
{ "type": "Feature", "properties": { "id": "08f2a1060c2a3ce203bee047a7744e0f", "name": "Kingdom Cafe", "confidence": 0.99497955735766175, "socials": [ "https://www.facebook.com/176974929161064" ] }, "geometry": { "type": "Point", "coordinates": [ -74.1602254, 40.5449612 ] } },
{ "type": "Feature", "properties": { "id": "08f2a1060c2b294c03ddd0e87f543192", "name": "Frank and Danny's", "confidence": 0.99497955735766175, "socials": [ "https://www.facebook.com/515974288429732" ] }, "geometry": { "type": "Point", "coordinates": [ -74.1616028, 40.5455001 ] } },
{ "type": "Feature", "properties": { "id": "08f2a1060c38a30203a3a0bc7af638dd", "name": "Guiseppe's Pizza", "confidence": 0.71069587628865982, "socials": [ "https://www.facebook.com/117329391618654" ] }, "geometry": { "type": "Point", "coordinates": [ -74.1591344, 40.5458058 ] } },
{ "type": "Feature", "properties": { "id": "08f2a1060c3a3996037a8a285dcedf71", "name": "Patrizia's of Staten Island", "confidence": 0.77, "socials": null }, "geometry": { "type": "Point", "coordinates": [ -74.1579724, 40.5476339 ] } },
{ "type": "Feature", "properties": { "id": "08f2a1060c532cde036ac7a5cb4d8743", "name": "Pronto Pizza Pasta", "confidence": 0.98582594999015549, "socials": [ "https://www.facebook.com/114131045284758" ] }, "geometry": { "type": "Point", "coordinates": [ -74.1690535, 40.5584819 ] } },
{ "type": "Feature", "properties": { "id": "08f2a1060126d79c034d6104c56e77e8", "name": "Euro Pizza", "confidence": 0.99497955735766175, "socials": [ "https://www.facebook.com/113458462021553" ] }, "geometry": { "type": "Point", "coordinates": [ -74.1682592, 40.5596208 ] } },
{ "type": "Feature", "properties": { "id": "08f2a1060ccab911031d9dc945e7c9d2", "name": "All Star Cafe & Pizza", "confidence": 0.77, "socials": null }, "geometry": { "type": "Point", "coordinates": [ -74.1644691, 40.5594838 ] } },
{ "type": "Feature", "properties": { "id": "08f2a1060ccab822034a17a73104a684", "name": "Pizzaioli", "confidence": 0.99497955735766175, "socials": [ "https://www.facebook.com/109532218381610" ] }, "geometry": { "type": "Point", "coordinates": [ -74.1645019, 40.5595582 ] } },
{ "type": "Feature", "properties": { "id": "08f2a1060ccaec490319fecd23229508", "name": "All Star Cafe & Pizza", "confidence": 0.77, "socials": null }, "geometry": { "type": "Point", "coordinates": [ -74.1646794, 40.5601543 ] } },
{ "type": "Feature", "properties": { "id": "08f2a1060dcf5c58033f179dd05d6e46", "name": "Big Al's Pizza", "confidence": 0.99497955735766175, "socials": [ "https://www.facebook.com/127217017289651" ] }, "geometry": { "type": "Point", "coordinates": [ -74.1476792, 40.5406998 ] } },
{ "type": "Feature", "properties": { "id": "08f2a1060dc1c3ab03c6ec435ca002a4", "name": "Goodfellas Pizza School of New York", "confidence": 0.98331870061457416, "socials": [ "https://www.facebook.com/130248663708879" ] }, "geometry": { "type": "Point", "coordinates": [ -74.14682, 40.54162 ] } },
{ "type": "Feature", "properties": { "id": "08f2a1060dc1c0eb032a8a56c7945828", "name": "The Original Goodfella's Brick Oven Pizza", "confidence": 0.9961633011413521, "socials": [ "https://www.facebook.com/52420042846" ] }, "geometry": { "type": "Point", "coordinates": [ -74.1467856, 40.5416245 ] } },
{ "type": "Feature", "properties": { "id": "08f2a1060ca125850373fd83a173a0f5", "name": "Village Maria", "confidence": 0.77, "socials": null }, "geometry": { "type": "Point", "coordinates": [ -74.15082207, 40.55040417 ] } },
{ "type": "Feature", "properties": { "id": "08f2a1060dc0528c03b3348f98cbba51", "name": "Papa John's Pizza", "confidence": 0.77, "socials": null }, "geometry": { "type": "Point", "coordinates": [ -74.1464891, 40.5416477 ] } },
{ "type": "Feature", "properties": { "id": "08f2a1060dc04b26034295bdfcb0f176", "name": "King Of Wings", "confidence": 0.77, "socials": null }, "geometry": { "type": "Point", "coordinates": [ -74.145395, 40.542562 ] } },
{ "type": "Feature", "properties": { "id": "08f2a1060caa411403d1719b0e75ad40", "name": "Nonna's Pizza", "confidence": 0.99497955735766175, "socials": [ "https://www.facebook.com/302193926771" ] }, "geometry": { "type": "Point", "coordinates": [ -74.1511571, 40.5510714 ] } },
{ "type": "Feature", "properties": { "id": "08f2a1060cb89c8c03e84ec0bcdbd7e1", "name": "Mimmo's Brick Oven Pizza and Trattoria", "confidence": 0.99497955735766175, "socials": [ "https://www.facebook.com/1745878855673871" ] }, "geometry": { "type": "Point", "coordinates": [ -74.1502085, 40.5512013 ] } },
{ "type": "Feature", "properties": { "id": "08f2a1062bc858aa03e0260943908ad2", "name": "Domenico's Pizzeria", "confidence": 0.97817198851157294, "socials": [ "https://www.facebook.com/116435298380638" ] }, "geometry": { "type": "Point", "coordinates": [ -74.135605, 40.5610422 ] } },
{ "type": "Feature", "properties": { "id": "08f2a10601980cf10393d539dd6f9456", "name": "Villa Monte Pizzeria and Restaurant", "confidence": 0.89393695014662755, "socials": null }, "geometry": { "type": "Point", "coordinates": [ -74.168919, 40.578542 ] } },
{ "type": "Feature", "properties": { "id": "08f2a1060180ace20348177deb86185d", "name": "Pizza Hut Express", "confidence": 0.98582594999015549, "socials": [ "https://www.facebook.com/921698391371583" ] }, "geometry": { "type": "Point", "coordinates": [ -74.1673378, 40.5749025 ] } },
{ "type": "Feature", "properties": { "id": "08f2a10601821a94036f4bb692fed255", "name": "Gino's Villa Monte Pizzeria", "confidence": 0.99497955735766175, "socials": [ "https://www.facebook.com/194898243895734" ] }, "geometry": { "type": "Point", "coordinates": [ -74.1645934, 40.5760449 ] } },
{ "type": "Feature", "properties": { "id": "08f2a1060567168403d89b660966712b", "name": "Piattino Oven Fired Pizza", "confidence": 0.77, "socials": null }, "geometry": { "type": "Point", "coordinates": [ -74.16709976, 40.58176691 ] } },
{ "type": "Feature", "properties": { "id": "08f2a106050b185103852a8d316c88fd", "name": "Brick Oven Pizzeria", "confidence": 0.53885630498533721, "socials": [ "https://www.facebook.com/1337641859606778" ] }, "geometry": { "type": "Point", "coordinates": [ -74.164655, 40.58969 ] } },
{ "type": "Feature", "properties": { "id": "08f2a106050b18510373244369e02cd9", "name": "Bario's", "confidence": 0.99497955735766175, "socials": [ "https://www.facebook.com/141573101852" ] }, "geometry": { "type": "Point", "coordinates": [ -74.1646579, 40.589726 ] } },
{ "type": "Feature", "properties": { "id": "08f2a1060439d93203122a53f5c3146b", "name": "Ti Amo Pizza", "confidence": 0.97817198851157294, "socials": [ "https://www.facebook.com/844128058946252" ] }, "geometry": { "type": "Point", "coordinates": [ -74.1767288, 40.6013488 ] } },
{ "type": "Feature", "properties": { "id": "08f2a1060438359c0351b31f9afbed09", "name": "Ti Amo Pizza", "confidence": 0.77, "socials": null }, "geometry": { "type": "Point", "coordinates": [ -74.176818, 40.601669 ] } },
{ "type": "Feature", "properties": { "id": "08f2a1062bda223503797d9dab4a5ff4", "name": "Ambrosino's Pizzeria", "confidence": 0.98582594999015549, "socials": [ "https://www.facebook.com/298957653566824" ] }, "geometry": { "type": "Point", "coordinates": [ -74.1333989, 40.5642946 ] } },
{ "type": "Feature", "properties": { "id": "08f2a1062868bc6803e6d6de9b8e372c", "name": "Justinos Pizza", "confidence": 0.97817198851157294, "socials": [ "https://www.facebook.com/222556171285703" ] }, "geometry": { "type": "Point", "coordinates": [ -74.1277021, 40.5648983 ] } },
{ "type": "Feature", "properties": { "id": "08f2a1062868bc6803ea16367dd3249b", "name": "Justinos Pizza Guyon Ave", "confidence": 0.77, "socials": null }, "geometry": { "type": "Point", "coordinates": [ -74.127704, 40.564994 ] } },
{ "type": "Feature", "properties": { "id": "08f2a1062876974103e5bd323287684d", "name": "Amalfi Coast Pizzeria & Restaurant", "confidence": 0.77, "socials": null }, "geometry": { "type": "Point", "coordinates": [ -74.11750031, 40.5658226 ] } },
{ "type": "Feature", "properties": { "id": "08f2a106285894940324d22cfbea40a8", "name": "Classic Pizza", "confidence": 0.99497955735766175, "socials": [ "https://www.facebook.com/290763687600" ] }, "geometry": { "type": "Point", "coordinates": [ -74.1278324, 40.5754465 ] } },
{ "type": "Feature", "properties": { "id": "08f2a1062818d7b403e60b818a2a8b16", "name": "Plaza Pizza", "confidence": 0.99497955735766175, "socials": [ "https://www.facebook.com/115251605160969" ] }, "geometry": { "type": "Point", "coordinates": [ -74.1168031, 40.5735223 ] } },
{ "type": "Feature", "properties": { "id": "08f2a1062818d59c03f87279f9a7f94c", "name": "Restaurant On the Plaza", "confidence": 0.77, "socials": null }, "geometry": { "type": "Point", "coordinates": [ -74.116805, 40.5736 ] } },
{ "type": "Feature", "properties": { "id": "08f2a10628030a1803e7ffbefae958e1", "name": "Avanti's Pizza", "confidence": 0.77, "socials": null }, "geometry": { "type": "Point", "coordinates": [ -74.1153935, 40.5730879 ] } },
{ "type": "Feature", "properties": { "id": "08f2a10628030b1d03562a37b83690e8", "name": "Villa Monte New Dorp Lane", "confidence": 0.87645687645687642, "socials": [ "https://www.facebook.com/117743044918755" ] }, "geometry": { "type": "Point", "coordinates": [ -74.1153383, 40.5731482 ] } },
{ "type": "Feature", "properties": { "id": "08f2a106280356a803e60c58a38e18ce", "name": "Domino's Pizza", "confidence": 0.99497955735766175, "socials": [ "https://www.facebook.com/106325797829373" ] }, "geometry": { "type": "Point", "coordinates": [ -74.1151387, 40.5731735 ] } },
{ "type": "Feature", "properties": { "id": "08f2a106283112f10311ca4099b907e3", "name": "Valducci's Pizza Truck", "confidence": 0.77, "socials": null }, "geometry": { "type": "Point", "coordinates": [ -74.1119637, 40.5666512 ] } },
{ "type": "Feature", "properties": { "id": "08f2a1062815348e038025e0c71b3ab8", "name": "Pizzeria Giove", "confidence": 0.97817198851157294, "socials": [ "https://www.facebook.com/197409386965217" ] }, "geometry": { "type": "Point", "coordinates": [ -74.1130772, 40.5721711 ] } },
{ "type": "Feature", "properties": { "id": "08f2a1062814e7b1030eb52a0bb6f5d0", "name": "Pronto Pizza Pasta", "confidence": 0.99497955735766175, "socials": [ "https://www.facebook.com/116884264996255" ] }, "geometry": { "type": "Point", "coordinates": [ -74.1111341, 40.5713201 ] } },
{ "type": "Feature", "properties": { "id": "08f2a10628ab1246034527d0a152fb45", "name": "Bravo Pizza and Sports Bar", "confidence": 0.99497955735766175, "socials": [ "https://www.facebook.com/112412706805145" ] }, "geometry": { "type": "Point", "coordinates": [ -74.1087483, 40.5700768 ] } },
{ "type": "Feature", "properties": { "id": "08f2a1062d44a85b035f67ac6fbe97f9", "name": "Amalfi Coast Pizzeria & Restaurant", "confidence": 0.77, "socials": null }, "geometry": { "type": "Point", "coordinates": [ -74.0933692, 40.5721968 ] } },
{ "type": "Feature", "properties": { "id": "08f2a1062d441b520383af0834dae49a", "name": "Cuzzin Joes Pizza", "confidence": 0.77, "socials": null }, "geometry": { "type": "Point", "coordinates": [ -74.0933578, 40.5722243 ] } },
{ "type": "Feature", "properties": { "id": "08f2a1062d441a7603fb9bbd6e60e83c", "name": "Amalfi Coast Pizzeria and Restaurant", "confidence": 0.99497955735766175, "socials": [ "https://www.facebook.com/110738091624221" ] }, "geometry": { "type": "Point", "coordinates": [ -74.0933272, 40.5722819 ] } },
{ "type": "Feature", "properties": { "id": "08f2a1062d46a4d00305e348ae092e9b", "name": "Cuzzin Joe's Pizza", "confidence": 0.71069587628865982, "socials": [ "https://www.facebook.com/111052547026794" ] }, "geometry": { "type": "Point", "coordinates": [ -74.09331, 40.57228 ] } },
{ "type": "Feature", "properties": { "id": "08f2a10628942140037d376a57995e2b", "name": "Papa John's Pizza", "confidence": 0.99497955735766175, "socials": [ "https://www.facebook.com/192624780778429" ] }, "geometry": { "type": "Point", "coordinates": [ -74.1032645, 40.5774654 ] } },
{ "type": "Feature", "properties": { "id": "08f2a106289839310385aaa93e5e81a1", "name": "Rustic Pizza & Pasteria", "confidence": 0.77, "socials": null }, "geometry": { "type": "Point", "coordinates": [ -74.1092557, 40.5799169 ] } },
{ "type": "Feature", "properties": { "id": "08f2a1062898d0c003b6a74155e09fd5", "name": "John's Pizza", "confidence": 0.35051546391752575, "socials": [ "https://www.facebook.com/343995748993855" ] }, "geometry": { "type": "Point", "coordinates": [ -74.108263, 40.578961 ] } },
{ "type": "Feature", "properties": { "id": "08f2a10628946b48037ed2b5cef70bd5", "name": "Nunzio's Pizzeria & Restaurant", "confidence": 0.77, "socials": null }, "geometry": { "type": "Point", "coordinates": [ -74.102684, 40.5779615 ] } },
{ "type": "Feature", "properties": { "id": "08f2a1062c22c35c037589c568ee1bea", "name": "Round Pie Pizza Company", "confidence": 0.97817198851157294, "socials": [ "https://www.facebook.com/103052712613514" ] }, "geometry": { "type": "Point", "coordinates": [ -74.0966518, 40.5829378 ] } },
{ "type": "Feature", "properties": { "id": "08f2a1062c35e54a03ca6af18c4a59a2", "name": "Lorenzo's Pizza", "confidence": 0.99497955735766175, "socials": [ "https://www.facebook.com/2178303445587882" ] }, "geometry": { "type": "Point", "coordinates": [ -74.095947, 40.5828301 ] } },
{ "type": "Feature", "properties": { "id": "08f2a1062c35ec560372b41988a289e9", "name": "The Square", "confidence": 0.77, "socials": null }, "geometry": { "type": "Point", "coordinates": [ -74.095924377441406, 40.582878112792997 ] } },
{ "type": "Feature", "properties": { "id": "08f2a1062c35521b03162e25c6977b97", "name": "Anthony's Pizza & Pasta", "confidence": 0.29137199434229144, "socials": [ "https://www.facebook.com/378135998913409" ] }, "geometry": { "type": "Point", "coordinates": [ -74.095207, 40.583206 ] } },
{ "type": "Feature", "properties": { "id": "08f2a1062c34243203d91effccb842eb", "name": "My Family Pizza", "confidence": 0.53885630498533721, "socials": [ "https://www.facebook.com/112301254006013" ] }, "geometry": { "type": "Point", "coordinates": [ -74.09523, 40.58323 ] } },
{ "type": "Feature", "properties": { "id": "08f2a1062c3424320358342edbf462ff", "name": "NY Family Pizza", "confidence": 0.77, "socials": null }, "geometry": { "type": "Point", "coordinates": [ -74.095102, 40.583183 ] } },
{ "type": "Feature", "properties": { "id": "08f2a106216928da03ca33f7d7a8189a", "name": "Delafield Pizza", "confidence": 0.99497955735766175, "socials": [ "https://www.facebook.com/940276299470952" ] }, "geometry": { "type": "Point", "coordinates": [ -74.1314897, 40.6036551 ] } },
{ "type": "Feature", "properties": { "id": "08f2a106216928810396b75c3e4cb3bc", "name": "Anthony's Famous Pizzeria & Restaurant", "confidence": 0.53885630498533721, "socials": [ "https://www.facebook.com/425752244854085" ] }, "geometry": { "type": "Point", "coordinates": [ -74.13141, 40.60372 ] } },
{ "type": "Feature", "properties": { "id": "08f2a1062177001503e166033602d5bd", "name": "Marianna's Pizza", "confidence": 0.98296875, "socials": [ "https://www.facebook.com/236558773812166" ] }, "geometry": { "type": "Point", "coordinates": [ -74.121189, 40.6047626 ] } },
{ "type": "Feature", "properties": { "id": "08f2a1062c775ac303d0a0028b126ea7", "name": "Rustic Pizza and Pasteria", "confidence": 0.97817198851157294, "socials": [ "https://www.facebook.com/101171044913917" ] }, "geometry": { "type": "Point", "coordinates": [ -74.1047108, 40.5865434 ] } },
{ "type": "Feature", "properties": { "id": "08f2a1062c0e1cb303bd36afb49c9e5a", "name": "Torino Pizza Cafe", "confidence": 0.99497955735766175, "socials": [ "https://www.facebook.com/114318811933464" ] }, "geometry": { "type": "Point", "coordinates": [ -74.1018507, 40.5888467 ] } },
{ "type": "Feature", "properties": { "id": "08f2a1062c3554ee03834f33623a96d9", "name": "Dongan Hills Pizza", "confidence": 0.77, "socials": null }, "geometry": { "type": "Point", "coordinates": [ -74.0955679, 40.5835125 ] } },
{ "type": "Feature", "properties": { "id": "08f2a1062cade244036baba30670f8f4", "name": "Campania Coal Fired Pizza", "confidence": 0.99497955735766175, "socials": [ "https://www.facebook.com/100948558830895" ] }, "geometry": { "type": "Point", "coordinates": [ -74.0937014, 40.5852097 ] } },
{ "type": "Feature", "properties": { "id": "08f2a1062cac32a4038c2e35b1a3ef3b", "name": "Prime Pizza Kitchen", "confidence": 0.99497955735766175, "socials": [ "https://www.facebook.com/1653337454891148" ] }, "geometry": { "type": "Point", "coordinates": [ -74.0927453, 40.5853843 ] } },
{ "type": "Feature", "properties": { "id": "08f2a1062c1060d803f3bbf795d89514", "name": "DOUGH By Licastri", "confidence": 0.99497955735766175, "socials": [ "https://www.facebook.com/224115748014735" ] }, "geometry": { "type": "Point", "coordinates": [ -74.0994857, 40.5939469 ] } },
{ "type": "Feature", "properties": { "id": "08f2a1062c8add6203b26ef98f8e39f0", "name": "Primo Pizzeria", "confidence": 0.97817198851157294, "socials": [ "https://www.facebook.com/488387174671843" ] }, "geometry": { "type": "Point", "coordinates": [ -74.0949002, 40.5961951 ] } },
{ "type": "Feature", "properties": { "id": "08f2a1075264c059034170388bebb4f5", "name": "Richmond Pizza", "confidence": 0.77, "socials": null }, "geometry": { "type": "Point", "coordinates": [ -74.0923429, 40.600877 ] } },
{ "type": "Feature", "properties": { "id": "08f2a1062ca210d903ae77f20593ad67", "name": "Gennaro's At Country Pizza", "confidence": 0.77, "socials": null }, "geometry": { "type": "Point", "coordinates": [ -74.088886, 40.588909 ] } },
{ "type": "Feature", "properties": { "id": "08f2a1062ca231a303a2a535b1857200", "name": "Gennaro's At Country Lanes Pizza & Snack Bar", "confidence": 0.47268106734434556, "socials": [ "https://www.facebook.com/116339938395021" ] }, "geometry": { "type": "Point", "coordinates": [ -74.0894686, 40.5890313 ] } },
{ "type": "Feature", "properties": { "id": "08f2a1062cb26d1303b1e1ee2a36a675", "name": "San Marino Pizza", "confidence": 0.77, "socials": null }, "geometry": { "type": "Point", "coordinates": [ -74.0874957, 40.5926275 ] } },
{ "type": "Feature", "properties": { "id": "08f2a1062cb26d1303f8752d9f3e130d", "name": "San Marino Oriental Restaurant", "confidence": 0.91103789126853374, "socials": [ "https://www.facebook.com/104720724395397" ] }, "geometry": { "type": "Point", "coordinates": [ -74.0874064, 40.5926013 ] } },
{ "type": "Feature", "properties": { "id": "08f2a107535b117403eeb5217112709c", "name": "Brooklyn's Finest Pizza", "confidence": 0.99497955735766175, "socials": [ "https://www.facebook.com/163764383790573" ] }, "geometry": { "type": "Point", "coordinates": [ -74.0842004, 40.5972722 ] } },
{ "type": "Feature", "properties": { "id": "08f2a10752302d1e03a1fada75097711", "name": "Crust Pizzeria", "confidence": 0.98296875, "socials": [ "https://www.facebook.com/347312832739349" ] }, "geometry": { "type": "Point", "coordinates": [ -74.0831817, 40.6048543 ] } },
{ "type": "Feature", "properties": { "id": "08f2a107538b187603b820aff9b22eb3", "name": "Via Ponte Pizzeria", "confidence": 0.99497955735766175, "socials": [ "https://www.facebook.com/113472008685956" ] }, "geometry": { "type": "Point", "coordinates": [ -74.0670129, 40.5979202 ] } },
{ "type": "Feature", "properties": { "id": "08f2a107538a609803be977b9a247c05", "name": "J & R Pizza", "confidence": 0.47268106734434556, "socials": [ "https://www.facebook.com/184015985120640" ] }, "geometry": { "type": "Point", "coordinates": [ -74.066566, 40.598248 ] } },
{ "type": "Feature", "properties": { "id": "08f2a107538a67460301649cc78b6d66", "name": "L and R Pizza and Pasta", "confidence": 0.97817198851157294, "socials": [ "https://www.facebook.com/407284199128143" ] }, "geometry": { "type": "Point", "coordinates": [ -74.0664221, 40.5981344 ] } },
{ "type": "Feature", "properties": { "id": "08f2a107466c5bb6032e3618a65382ba", "name": "Nicky's Pizza", "confidence": 0.77, "socials": null }, "geometry": { "type": "Point", "coordinates": [ -74.0069911, 40.6040929 ] } },
{ "type": "Feature", "properties": { "id": "08f2a107466c5bb6033d1dd1b1652884", "name": "Gus's Pizzeria", "confidence": 0.98113699906803353, "socials": [ "https://www.facebook.com/1124040550965296" ] }, "geometry": { "type": "Point", "coordinates": [ -74.006936, 40.604122 ] } },
{ "type": "Feature", "properties": { "id": "08f2a10742b1c814035272b34e911680", "name": "Pizza D'Amore", "confidence": 0.84265420560747661, "socials": null }, "geometry": { "type": "Point", "coordinates": [ -74.0005432, 40.5953382 ] } },
{ "type": "Feature", "properties": { "id": "08f2a10742835a5b03ba2774fbf86045", "name": "Casa Edesia Pizza and Grill", "confidence": 0.77, "socials": null }, "geometry": { "type": "Point", "coordinates": [ -74.002798, 40.599902 ] } },
{ "type": "Feature", "properties": { "id": "08f2a1074290cd5c0389310b173b245d", "name": "Pino Pizza", "confidence": 0.99497955735766175, "socials": [ "https://www.facebook.com/1497788017151527" ] }, "geometry": { "type": "Point", "coordinates": [ -74.0006684, 40.6009508 ] } },
{ "type": "Feature", "properties": { "id": "08f2a10604b3315603e4a042e6804b2b", "name": "Avanti's Pizza", "confidence": 0.77, "socials": null }, "geometry": { "type": "Point", "coordinates": [ -74.1642734, 40.6083516 ] } },
{ "type": "Feature", "properties": { "id": "08f2a10604b2226903e6300b79bbaab7", "name": "Avanti's Pizzeria", "confidence": 0.97817198851157294, "socials": [ "https://www.facebook.com/261690783959694" ] }, "geometry": { "type": "Point", "coordinates": [ -74.1629971, 40.6081058 ] } },
{ "type": "Feature", "properties": { "id": "08f2a1062358d036037755e5d2893bf4", "name": "Il Sapore Cafe", "confidence": 0.99497955735766175, "socials": [ "https://www.facebook.com/640601659612756" ] }, "geometry": { "type": "Point", "coordinates": [ -74.1585474, 40.6118423 ] } },
{ "type": "Feature", "properties": { "id": "08f2a1062358db8003528d0f5ad1b7e7", "name": "Gazzara Pizza", "confidence": 0.21337126600284495, "socials": [ "https://www.facebook.com/316283028845020" ] }, "geometry": { "type": "Point", "coordinates": [ -74.1585088, 40.6119 ] } },
{ "type": "Feature", "properties": { "id": "08f2a106235a358803f3861787e7c913", "name": "Domino's Pizza", "confidence": 0.99497955735766175, "socials": [ "https://www.facebook.com/377283905716927" ] }, "geometry": { "type": "Point", "coordinates": [ -74.1590826, 40.6133581 ] } },
{ "type": "Feature", "properties": { "id": "08f2a10622013d1a03520a4f706163da", "name": "Archie’s Famous Pizza", "confidence": 0.77, "socials": null }, "geometry": { "type": "Point", "coordinates": [ -74.16421939, 40.62626636 ] } },
{ "type": "Feature", "properties": { "id": "08f2a1062200259a039e3702e4676515", "name": "J & B Pizzeria Restaurant", "confidence": 0.77, "socials": null }, "geometry": { "type": "Point", "coordinates": [ -74.1632895, 40.6263541 ] } },
{ "type": "Feature", "properties": { "id": "08f2a106220024060309c1f7e1144845", "name": "Verde's on Forest", "confidence": 0.97817198851157294, "socials": [ "https://www.facebook.com/379128765275928" ] }, "geometry": { "type": "Point", "coordinates": [ -74.1631726, 40.6261529 ] } },
{ "type": "Feature", "properties": { "id": "08f2a10622002cda038a9a21ec9a8269", "name": "J & B Pizzeria Restaurant", "confidence": 0.77, "socials": null }, "geometry": { "type": "Point", "coordinates": [ -74.163083, 40.626185 ] } },
{ "type": "Feature", "properties": { "id": "08f2a106220216cd030601ceaca6713d", "name": "Mama Rosaria's Pizza and Restaurant", "confidence": 0.99497955735766175, "socials": [ "https://www.facebook.com/543507692446607" ] }, "geometry": { "type": "Point", "coordinates": [ -74.1609832, 40.6264504 ] } },
{ "type": "Feature", "properties": { "id": "08f2a1062343478b03a57030dad34ce4", "name": "La Piazza Pizzeria and Restaurant", "confidence": 0.99497955735766175, "socials": [ "https://www.facebook.com/260941990696489" ] }, "geometry": { "type": "Point", "coordinates": [ -74.1576443, 40.6118931 ] } },
{ "type": "Feature", "properties": { "id": "08f2a10623113b4603cf68220f076a1d", "name": "DiLeo's Pizzeria", "confidence": 0.99497955735766175, "socials": [ "https://www.facebook.com/288935165900" ] }, "geometry": { "type": "Point", "coordinates": [ -74.1461427, 40.6106106 ] } },
{ "type": "Feature", "properties": { "id": "08f2a106238722c80308eea0370dd236", "name": "King's Pizzeria & Restaurant", "confidence": 0.77, "socials": null }, "geometry": { "type": "Point", "coordinates": [ -74.13703, 40.611897 ] } },
{ "type": "Feature", "properties": { "id": "08f2a10623854d5103aebd16f10243d9", "name": "New kings pizzeria & restaurant inc", "confidence": 0.77, "socials": null }, "geometry": { "type": "Point", "coordinates": [ -74.1370728, 40.612086 ] } },
{ "type": "Feature", "properties": { "id": "08f2a106239ad5a203046e364ab9561f", "name": "Jimmy Max", "confidence": 0.9961633011413521, "socials": [ "https://www.facebook.com/185392664835707" ] }, "geometry": { "type": "Point", "coordinates": [ -74.1387085, 40.6159256 ] } },
{ "type": "Feature", "properties": { "id": "08f2a10622ab2540034e670ff09404c9", "name": "Little Caesars", "confidence": 0.97817198851157294, "socials": [ "https://www.facebook.com/319513211252132" ] }, "geometry": { "type": "Point", "coordinates": [ -74.1569369, 40.6248133 ] } },
{ "type": "Feature", "properties": { "id": "08f2a10622b40c4e03f3f1f72dedb34b", "name": "Di Farina Pizzeria", "confidence": 0.97817198851157294, "socials": [ "https://www.facebook.com/101679929251992" ] }, "geometry": { "type": "Point", "coordinates": [ -74.147379, 40.6242152 ] } },
{ "type": "Feature", "properties": { "id": "08f2a10622b46919031ba648c854e845", "name": "Venecia Pizza", "confidence": 0.77, "socials": null }, "geometry": { "type": "Point", "coordinates": [ -74.1472119, 40.6249088 ] } },
{ "type": "Feature", "properties": { "id": "08f2a106207b60a30307e4551beab962", "name": "Brother's Pizzeria", "confidence": 0.97817198851157294, "socials": [ "https://www.facebook.com/260150540331" ] }, "geometry": { "type": "Point", "coordinates": [ -74.1438565, 40.6254686 ] } },
{ "type": "Feature", "properties": { "id": "08f2a1062009d3ac03becca780afa995", "name": "La Bella Pizza", "confidence": 0.99497955735766175, "socials": [ "https://www.facebook.com/145560069482128" ] }, "geometry": { "type": "Point", "coordinates": [ -74.1373888, 40.6258721 ] } },
{ "type": "Feature", "properties": { "id": "08f2a1062055402d038d91d3824bdb79", "name": "Denino's Pizzeria & Tavern", "confidence": 0.99497955735766175, "socials": [ "https://www.facebook.com/284059810582" ] }, "geometry": { "type": "Point", "coordinates": [ -74.1403156, 40.6302661 ] } },
{ "type": "Feature", "properties": { "id": "08f2a106268732a803ab4b0fc02d119c", "name": "Mama Rosa's Cucina and Pizzeria", "confidence": 0.99497955735766175, "socials": [ "https://www.facebook.com/129234863606" ] }, "geometry": { "type": "Point", "coordinates": [ -74.1381839, 40.6484661 ] } },
{ "type": "Feature", "properties": { "id": "08f2a106214b353103b6f7c7f1a0d0fa", "name": "Paesano's Pizzeria", "confidence": 0.99497955735766175, "socials": [ "https://www.facebook.com/155720957811746" ] }, "geometry": { "type": "Point", "coordinates": [ -74.132555, 40.61194 ] } },
{ "type": "Feature", "properties": { "id": "08f2a10621599356035c5a6078a0c13a", "name": "965 jewett avenue inc", "confidence": 0.77, "socials": null }, "geometry": { "type": "Point", "coordinates": [ -74.1307283, 40.6128097 ] } },
{ "type": "Feature", "properties": { "id": "08f2a106215998b403235b67287c1153", "name": "Pizza Parlor North", "confidence": 0.77, "socials": null }, "geometry": { "type": "Point", "coordinates": [ -74.1307283, 40.6128097 ] } },
{ "type": "Feature", "properties": { "id": "08f2a106215998b40310d81a779b123d", "name": "The Pizza Parlor", "confidence": 0.99497955735766175, "socials": [ "https://www.facebook.com/111349417716265" ] }, "geometry": { "type": "Point", "coordinates": [ -74.1306684, 40.6128635 ] } },
{ "type": "Feature", "properties": { "id": "08f2a1062158883003536453c72e84ec", "name": "Round Pie Pizza Company", "confidence": 0.97817198851157294, "socials": [ "https://www.facebook.com/2123148304462228" ] }, "geometry": { "type": "Point", "coordinates": [ -74.1292306, 40.6128015 ] } },
{ "type": "Feature", "properties": { "id": "08f2a106210826d103e41df039139ddc", "name": "Village Maria Pizza", "confidence": 0.99497955735766175, "socials": [ "https://www.facebook.com/108175892558187" ] }, "geometry": { "type": "Point", "coordinates": [ -74.1217769, 40.6086384 ] } },
{ "type": "Feature", "properties": { "id": "08f2a106215294c103f2441ce59acfac", "name": "Goodfella's", "confidence": 0.99497955735766175, "socials": [ "https://www.facebook.com/127872597337574" ] }, "geometry": { "type": "Point", "coordinates": [ -74.1240066, 40.6132026 ] } },
{ "type": "Feature", "properties": { "id": "08f2a10621cd915203786464e096d76e", "name": "Joe & Pat's Pizzeria", "confidence": 0.97817198851157294, "socials": [ "https://www.facebook.com/1701435459886620" ] }, "geometry": { "type": "Point", "coordinates": [ -74.1221192, 40.613008 ] } },
{ "type": "Feature", "properties": { "id": "08f2a10621cda14103d7ad9a9e7d481d", "name": "Domino's Pizza", "confidence": 0.99497955735766175, "socials": [ "https://www.facebook.com/1800007796897999" ] }, "geometry": { "type": "Point", "coordinates": [ -74.1230046, 40.6132284 ] } },
{ "type": "Feature", "properties": { "id": "08f2a106200f2b4a03fbad2d6c6cdd96", "name": "North Shore Pizza", "confidence": 0.99497955735766175, "socials": [ "https://www.facebook.com/102335156477518" ] }, "geometry": { "type": "Point", "coordinates": [ -74.1352007, 40.6253609 ] } },
{ "type": "Feature", "properties": { "id": "08f2a106200abced03a0f4f6710df992", "name": "Gino's Pizzeria", "confidence": 0.99497955735766175, "socials": [ "https://www.facebook.com/326512904091051" ] }, "geometry": { "type": "Point", "coordinates": [ -74.1354936, 40.6262488 ] } },
{ "type": "Feature", "properties": { "id": "08f2a1062001d46d039715f102abd1cc", "name": "Ungaro Coal Fired Pizza Cafe", "confidence": 0.99497955735766175, "socials": [ "https://www.facebook.com/109290113753679" ] }, "geometry": { "type": "Point", "coordinates": [ -74.1331834, 40.6262927 ] } },
{ "type": "Feature", "properties": { "id": "08f2a1062001d56d03c7f0559c677479", "name": "니나니노", "confidence": 0.8571428571428571, "socials": [ "https://www.facebook.com/110661481764812" ] }, "geometry": { "type": "Point", "coordinates": [ -74.13315, 40.62624 ] } },
{ "type": "Feature", "properties": { "id": "08f2a10620029a05036a6fe8459f0df7", "name": "Metro Pizzeria & Restaurant", "confidence": 0.99497955735766175, "socials": [ "https://www.facebook.com/1735404543407927" ] }, "geometry": { "type": "Point", "coordinates": [ -74.1304011, 40.6262991 ] } },
{ "type": "Feature", "properties": { "id": "08f2a1062015bd6d03fefc3399457035", "name": "Papa Johns Pizza", "confidence": 0.77, "socials": null }, "geometry": { "type": "Point", "coordinates": [ -74.1296161, 40.6260725 ] } },
{ "type": "Feature", "properties": { "id": "08f2a1062015bd6d0342e783c8a12459", "name": "Papa John's Pizza", "confidence": 0.97817198851157294, "socials": [ "https://www.facebook.com/104509918351713" ] }, "geometry": { "type": "Point", "coordinates": [ -74.1296102, 40.6260732 ] } },
{ "type": "Feature", "properties": { "id": "08f2a10620168713037e1961ce0dec18", "name": "Mangiamo Pizzeria", "confidence": 0.77, "socials": null }, "geometry": { "type": "Point", "coordinates": [ -74.126854, 40.626695 ] } },
{ "type": "Feature", "properties": { "id": "08f2a106252db4c803bfa203955a8858", "name": "Napoli Pizza", "confidence": 0.98582594999015549, "socials": [ "https://www.facebook.com/516236998551215" ] }, "geometry": { "type": "Point", "coordinates": [ -74.1039991, 40.6161218 ] } },
{ "type": "Feature", "properties": { "id": "08f2a1075259924603611e013754c0b9", "name": "Road House", "confidence": 0.97817198851157294, "socials": [ "https://www.facebook.com/104901891055532" ] }, "geometry": { "type": "Point", "coordinates": [ -74.1006485, 40.6133888 ] } },
{ "type": "Feature", "properties": { "id": "08f2a1075251e49b030d66397cda5b73", "name": "Daddy Green's Pizza", "confidence": 0.35051546391752575, "socials": [ "https://www.facebook.com/194719090546618" ] }, "geometry": { "type": "Point", "coordinates": [ -74.0975304, 40.6144115 ] } },
{ "type": "Feature", "properties": { "id": "08f2a1062522306803bb1ce71421215a", "name": "DOUGH by Licastri Silver Lake", "confidence": 0.97817198851157294, "socials": [ "https://www.facebook.com/143418185523862" ] }, "geometry": { "type": "Point", "coordinates": [ -74.0993523, 40.6203257 ] } },
{ "type": "Feature", "properties": { "id": "08f2a10620126171038560decc00e3fa", "name": "Michaelangelos Pizzeria", "confidence": 0.99497955735766175, "socials": [ "https://www.facebook.com/329451163732892" ] }, "geometry": { "type": "Point", "coordinates": [ -74.1296826, 40.630887 ] } },
{ "type": "Feature", "properties": { "id": "08f2a10620c0235b039cfd18ddc03087", "name": "Piccolo Pinos Pizzeria", "confidence": 0.99497955735766175, "socials": [ "https://www.facebook.com/111688852201176" ] }, "geometry": { "type": "Point", "coordinates": [ -74.1355463, 40.6346537 ] } },
{ "type": "Feature", "properties": { "id": "08f2a106254f659b033c82c5aaa562be", "name": "Feelin' Saucy Pizza", "confidence": 0.92595108695652173, "socials": [ "https://www.facebook.com/609684749236177" ] }, "geometry": { "type": "Point", "coordinates": [ -74.1163938, 40.6290135 ] } },
{ "type": "Feature", "properties": { "id": "08f2a106254f6510033e912573a29a02", "name": "Gold Grill Pizzeria", "confidence": 0.77, "socials": null }, "geometry": { "type": "Point", "coordinates": [ -74.1163094, 40.6290501 ] } },
{ "type": "Feature", "properties": { "id": "08f2a1062541d26603bc8d2f1723fe80", "name": "Pronto Pizza Pasta", "confidence": 0.77, "socials": null }, "geometry": { "type": "Point", "coordinates": [ -74.11401029, 40.6289414 ] } },
{ "type": "Feature", "properties": { "id": "08f2a106242180ed03c270eb04d4a983", "name": "Joe Joe Pizzeria", "confidence": 0.99497955735766175, "socials": [ "https://www.facebook.com/1715507228519822" ] }, "geometry": { "type": "Point", "coordinates": [ -74.1170767, 40.6371522 ] } },
{ "type": "Feature", "properties": { "id": "08f2a106244eeacb032fee5f7fd2254c", "name": "Crispy Pizza", "confidence": 0.99497955735766175, "socials": [ "https://www.facebook.com/110425484486942" ] }, "geometry": { "type": "Point", "coordinates": [ -74.1297833, 40.6453846 ] } },
{ "type": "Feature", "properties": { "id": "08f2a106244eeb4003718cab3f2380de", "name": "Bayview Pizzeria", "confidence": 0.29137199434229144, "socials": [ "https://www.facebook.com/207794873296509" ] }, "geometry": { "type": "Point", "coordinates": [ -74.12961, 40.645479 ] } },
{ "type": "Feature", "properties": { "id": "08f2a10625c98432031b6b98bc264b62", "name": "Presto Pizza & Pasta", "confidence": 0.77, "socials": null }, "geometry": { "type": "Point", "coordinates": [ -74.1108052, 40.6349044 ] } },
{ "type": "Feature", "properties": { "id": "08f2a10625d932c0039ffd34dc7c1462", "name": "West Cork Grill", "confidence": 0.98582594999015549, "socials": [ "https://www.facebook.com/110847438362721" ] }, "geometry": { "type": "Point", "coordinates": [ -74.1091603, 40.6379719 ] } },
{ "type": "Feature", "properties": { "id": "08f2a10625d932c0031375d50510235e", "name": "Vincent's Pizza", "confidence": 0.77, "socials": null }, "geometry": { "type": "Point", "coordinates": [ -74.1091608, 40.6379736 ] } },
{ "type": "Feature", "properties": { "id": "08f2a1070b7a2a1603843e03b9c76b01", "name": "Crispy Pizza", "confidence": 0.9961633011413521, "socials": [ "https://www.facebook.com/345846252092423" ] }, "geometry": { "type": "Point", "coordinates": [ -74.0982823, 40.6445613 ] } },
{ "type": "Feature", "properties": { "id": "08f2a1071b71114503a432cd993093be", "name": "Sbarro", "confidence": 0.99497955735766175, "socials": [ "https://www.facebook.com/1432663493614733" ] }, "geometry": { "type": "Point", "coordinates": [ -74.1709573, 40.6604319 ] } },
{ "type": "Feature", "properties": { "id": "08f2a1071ad4c0f5035adc8723e2228c", "name": "Little Tony's Pizzeria", "confidence": 0.97817198851157294, "socials": [ "https://www.facebook.com/102612261368731" ] }, "geometry": { "type": "Point", "coordinates": [ -74.1769663, 40.6882733 ] } },
{ "type": "Feature", "properties": { "id": "08f2a1071a99515c031ffd3691886b71", "name": "Uptop Pizza", "confidence": 0.77, "socials": null }, "geometry": { "type": "Point", "coordinates": [ -74.177493, 40.690756 ] } },
{ "type": "Feature", "properties": { "id": "08f2a1071a99515c03fa1c1bd5d2a0e0", "name": "Forno Magico", "confidence": 0.77, "socials": null }, "geometry": { "type": "Point", "coordinates": [ -74.177493, 40.690756 ] } },
{ "type": "Feature", "properties": { "id": "08f2a1071e6e129b035b7f202fd2e524", "name": "Piattino: A Neighborhood Bistro", "confidence": 0.77, "socials": null }, "geometry": { "type": "Point", "coordinates": [ -74.1744259, 40.6920734 ] } },
{ "type": "Feature", "properties": { "id": "08f2a10624cb68c20399fe618f1b1df8", "name": "3 Bros Pizzeria", "confidence": 0.97817198851157294, "socials": [ "https://www.facebook.com/351954538910546" ] }, "geometry": { "type": "Point", "coordinates": [ -74.1256278, 40.6551357 ] } },
{ "type": "Feature", "properties": { "id": "08f2a10719b594e8037527160e1d272f", "name": "San Vito Restaurant & Pizzeria", "confidence": 0.77, "socials": null }, "geometry": { "type": "Point", "coordinates": [ -74.1207679, 40.6609403 ] } },
{ "type": "Feature", "properties": { "id": "08f2a10719b5a8c803e3edc243c372cc", "name": "Luciano's San Vito Restaurant", "confidence": 0.99497955735766175, "socials": [ "https://www.facebook.com/1857070274505184" ] }, "geometry": { "type": "Point", "coordinates": [ -74.1206958, 40.660939 ] } },
{ "type": "Feature", "properties": { "id": "08f2a10719b0adb10388e3384af281d6", "name": "Mike's Pizzeria & Italian Restaurant", "confidence": 0.99497955735766175, "socials": [ "https://www.facebook.com/101684772417584" ] }, "geometry": { "type": "Point", "coordinates": [ -74.1217486, 40.6634056 ] } },
{ "type": "Feature", "properties": { "id": "08f2a1070a4dbc0b030ca0d75a2718d6", "name": "Pompei Pizza", "confidence": 0.99497955735766175, "socials": [ "https://www.facebook.com/226564090621" ] }, "geometry": { "type": "Point", "coordinates": [ -74.1185812, 40.6633681 ] } },
{ "type": "Feature", "properties": { "id": "08f2a1070a4f3b600335e18677640d76", "name": "Papa John's Pizza", "confidence": 0.77, "socials": null }, "geometry": { "type": "Point", "coordinates": [ -74.1172276, 40.6651473 ] } },
{ "type": "Feature", "properties": { "id": "08f2a1070a4f1769031a8087c3d23993", "name": "Pizza Masters", "confidence": 0.97817198851157294, "socials": [ "https://www.facebook.com/115853651776781" ] }, "geometry": { "type": "Point", "coordinates": [ -74.1171559, 40.6650217 ] } },
{ "type": "Feature", "properties": { "id": "08f2a107198658230358461baf73caa8", "name": "Three Brothers From Italy", "confidence": 0.71069587628865982, "socials": [ "https://www.facebook.com/113463128686772" ] }, "geometry": { "type": "Point", "coordinates": [ -74.121345, 40.667651 ] } },
{ "type": "Feature", "properties": { "id": "08f2a1070a4851ac0310b266b4afed9c", "name": "Domino's Pizza", "confidence": 0.99497955735766175, "socials": [ "https://www.facebook.com/803776023132985" ] }, "geometry": { "type": "Point", "coordinates": [ -74.1188209, 40.6670623 ] } },
{ "type": "Feature", "properties": { "id": "08f2a1070a4035ae03cd91c664cc6897", "name": "Two Son's Pizzeria", "confidence": 0.98582594999015549, "socials": [ "https://www.facebook.com/115953381567960" ] }, "geometry": { "type": "Point", "coordinates": [ -74.1156161, 40.6668689 ] } },
{ "type": "Feature", "properties": { "id": "08f2a1070a51c01c03bf5d8a8d934406", "name": "PizzAmore", "confidence": 0.31588785046728973, "socials": [ "https://www.facebook.com/189185232615" ] }, "geometry": { "type": "Point", "coordinates": [ -74.1138469, 40.669361 ] } },
{ "type": "Feature", "properties": { "id": "08f2a1070a51ccf4037a4ce37eccac1c", "name": "Brothers Pizza", "confidence": 0.77, "socials": null }, "geometry": { "type": "Point", "coordinates": [ -74.11392, 40.66951 ] } },
{ "type": "Feature", "properties": { "id": "08f2a1070a51cc4e032fcfcd5bf671c2", "name": "Brothers Pizza", "confidence": 0.93837369560937189, "socials": [ "https://www.facebook.com/104032406356563" ] }, "geometry": { "type": "Point", "coordinates": [ -74.1137507, 40.6694287 ] } },
{ "type": "Feature", "properties": { "id": "08f2a1070a50455903034e00bd0568e0", "name": "Denapoli's Pizza", "confidence": 0.77, "socials": null }, "geometry": { "type": "Point", "coordinates": [ -74.11279296875, 40.6701850891113 ] } },
{ "type": "Feature", "properties": { "id": "08f2a1070a50401503cf85d3cf490670", "name": "Wahizza", "confidence": 0.97817198851157294, "socials": [ "https://www.facebook.com/345161998827987" ] }, "geometry": { "type": "Point", "coordinates": [ -74.1126647, 40.6701655 ] } },
{ "type": "Feature", "properties": { "id": "08f2a1071d2deb15038add72610194e8", "name": "Rana's Pizzeria", "confidence": 0.77, "socials": null }, "geometry": { "type": "Point", "coordinates": [ -74.120712, 40.671828 ] } },
{ "type": "Feature", "properties": { "id": "08f2a1071d2f419803d4ee74cb68b55c", "name": "Bruno’s Pizzeria", "confidence": 0.77, "socials": null }, "geometry": { "type": "Point", "coordinates": [ -74.1195843, 40.6737782 ] } },
{ "type": "Feature", "properties": { "id": "08f2a1070ad80d5b03760e14270c0f96", "name": "La Guardiola Bistro", "confidence": 0.97817198851157294, "socials": [ "https://www.facebook.com/121233041223958" ] }, "geometry": { "type": "Point", "coordinates": [ -74.1087732, 40.6752757 ] } },
{ "type": "Feature", "properties": { "id": "08f2a1071db419950336d065bc0c9914", "name": "Joe's Pizza", "confidence": 0.99497955735766175, "socials": [ "https://www.facebook.com/113655418252656" ] }, "geometry": { "type": "Point", "coordinates": [ -74.1068394, 40.6772101 ] } },
{ "type": "Feature", "properties": { "id": "08f2a1071db41b75032f0452f23c504e", "name": "Corner Square", "confidence": 0.97817198851157294, "socials": [ "https://www.facebook.com/192499277291214" ] }, "geometry": { "type": "Point", "coordinates": [ -74.1042053, 40.6801793 ] } },
{ "type": "Feature", "properties": { "id": "08f2a1070e4ce1960376a1d0458f350a", "name": "Fontana Pizza & Restaurant", "confidence": 0.77, "socials": null }, "geometry": { "type": "Point", "coordinates": [ -74.102856, 40.68258 ] } },
{ "type": "Feature", "properties": { "id": "08f2a1070e4ad6eb0324081414b0a732", "name": "Papa John's Pizza", "confidence": 0.99497955735766175, "socials": [ "https://www.facebook.com/209440285737257" ] }, "geometry": { "type": "Point", "coordinates": [ -74.1031319, 40.6853581 ] } },
{ "type": "Feature", "properties": { "id": "08f2a1070e4ce19403dbf007e8112c0b", "name": "Fontana Pizza", "confidence": 0.97817198851157294, "socials": [ "https://www.facebook.com/1647043608902921" ] }, "geometry": { "type": "Point", "coordinates": [ -74.1027067, 40.6825197 ] } },
{ "type": "Feature", "properties": { "id": "08f2a1070e4ea2920352066e6471ef7e", "name": "Ill Fuoco Pizza", "confidence": 0.47268106734434556, "socials": [ "https://www.facebook.com/100780154958144" ] }, "geometry": { "type": "Point", "coordinates": [ -74.10196, 40.68276 ] } },
{ "type": "Feature", "properties": { "id": "08f2a1070e4e03230357ac0f2267d9e4", "name": "Domino's Pizza", "confidence": 0.99497955735766175, "socials": [ "https://www.facebook.com/351742201618889" ] }, "geometry": { "type": "Point", "coordinates": [ -74.1014946, 40.6839867 ] } },
{ "type": "Feature", "properties": { "id": "08f2a1070e412a0b0377bc3233c8c90e", "name": "Da Noi in Bayonne", "confidence": 0.77, "socials": null }, "geometry": { "type": "Point", "coordinates": [ -74.1027091, 40.6862043 ] } },
{ "type": "Feature", "properties": { "id": "08f2a10752018b42033bf4ee7d90c828", "name": "My Pizza", "confidence": 0.99497955735766175, "socials": [ "https://www.facebook.com/240547313517248" ] }, "geometry": { "type": "Point", "coordinates": [ -74.0879012, 40.6089206 ] } },
{ "type": "Feature", "properties": { "id": "08f2a107521ab55803f4ef6ac65fa130", "name": "Keep it Halal Pizza", "confidence": 0.77, "socials": null }, "geometry": { "type": "Point", "coordinates": [ -74.0880935, 40.6116619 ] } },
{ "type": "Feature", "properties": { "id": "08f2a107504858cc038e24e853307637", "name": "Pizza Mia", "confidence": 0.99497955735766175, "socials": [ "https://www.facebook.com/107164334383308" ] }, "geometry": { "type": "Point", "coordinates": [ -74.0714287, 40.6128649 ] } },
{ "type": "Feature", "properties": { "id": "08f2a1075663548e03724be09a99b382", "name": "Three Brothers Pizzeria", "confidence": 0.77, "socials": null }, "geometry": { "type": "Point", "coordinates": [ -74.08114124, 40.62430754 ] } },
{ "type": "Feature", "properties": { "id": "08f2a1075670a19c03cc1120e3d0f82f", "name": "Frank's Bay Pizza", "confidence": 0.99497955735766175, "socials": [ "https://www.facebook.com/121316294550033" ] }, "geometry": { "type": "Point", "coordinates": [ -74.0793755, 40.6247717 ] } },
{ "type": "Feature", "properties": { "id": "08f2a1075608d651037d8d4fbd1b9198", "name": "Bari's Pizza", "confidence": 0.97817198851157294, "socials": [ "https://www.facebook.com/100869109957233" ] }, "geometry": { "type": "Point", "coordinates": [ -74.0761915, 40.6272217 ] } },
{ "type": "Feature", "properties": { "id": "08f2a107560c078803d68d44b7176735", "name": "Taverna Pizza", "confidence": 0.99497955735766175, "socials": [ "https://www.facebook.com/394006481353916" ] }, "geometry": { "type": "Point", "coordinates": [ -74.0750716, 40.6258421 ] } },
{ "type": "Feature", "properties": { "id": "08f2a1075046d0560380df3d4e6db0ca", "name": "Rosebank Pizza", "confidence": 0.99497955735766175, "socials": [ "https://www.facebook.com/831343710245056" ] }, "geometry": { "type": "Point", "coordinates": [ -74.0633453, 40.6100507 ] } },
{ "type": "Feature", "properties": { "id": "08f2a1075051e762033579034e41313a", "name": "Tony's Brick Oven", "confidence": 0.77, "socials": null }, "geometry": { "type": "Point", "coordinates": [ -74.06743, 40.615181 ] } },
{ "type": "Feature", "properties": { "id": "08f2a1075051e00803f4b2ebb379b6f3", "name": "Tony's Brick Oven", "confidence": 0.97817198851157294, "socials": [ "https://www.facebook.com/120909964590785" ] }, "geometry": { "type": "Point", "coordinates": [ -74.0671759, 40.6152302 ] } },
{ "type": "Feature", "properties": { "id": "08f2a1075624897403847da69374d181", "name": "Pronto Pizza Pasta", "confidence": 0.99497955735766175, "socials": [ "https://www.facebook.com/136689403074144" ] }, "geometry": { "type": "Point", "coordinates": [ -74.0676881, 40.6171359 ] } },
{ "type": "Feature", "properties": { "id": "08f2a1075625516103ed1a9634c4a02a", "name": "Grandma's Original Pizza", "confidence": 0.820627802690583, "socials": [ "https://www.facebook.com/149441718403926" ] }, "geometry": { "type": "Point", "coordinates": [ -74.0688896, 40.6185835 ] } },
{ "type": "Feature", "properties": { "id": "08f2a10756270a2a03cd0e811c43d39f", "name": "Liberty Catering", "confidence": 0.77, "socials": null }, "geometry": { "type": "Point", "coordinates": [ -74.0681945, 40.6192874 ] } },
{ "type": "Feature", "properties": { "id": "08f2a1070b21b812038074420150e76a", "name": "Famous NY Pizza", "confidence": 0.99497955735766175, "socials": [ "https://www.facebook.com/104585425325781" ] }, "geometry": { "type": "Point", "coordinates": [ -74.0873659, 40.6377704 ] } },
{ "type": "Feature", "properties": { "id": "08f2a107565842920399c0bac5673119", "name": "My Family Pizza", "confidence": 0.99497955735766175, "socials": [ "https://www.facebook.com/1738420609621013" ] }, "geometry": { "type": "Point", "coordinates": [ -74.085674, 40.6338358 ] } },
{ "type": "Feature", "properties": { "id": "08f2a107560100810314e99e1587fd53", "name": "Seppe Pizza Bar", "confidence": 0.98331870061457416, "socials": [ "https://www.facebook.com/1909624045978894" ] }, "geometry": { "type": "Point", "coordinates": [ -74.0743236, 40.6290338 ] } },
{ "type": "Feature", "properties": { "id": "08f2a10756d9a560033495a7e409d020", "name": "Tony's Original Pizzeria", "confidence": 0.92595108695652173, "socials": [ "https://www.facebook.com/226684604097776" ] }, "geometry": { "type": "Point", "coordinates": [ -74.0793661, 40.638289 ] } },
{ "type": "Feature", "properties": { "id": "08f2a10756da4aca03526b189161b1a5", "name": "Pier 76", "confidence": 0.97817198851157294, "socials": [ "https://www.facebook.com/103419332568" ] }, "geometry": { "type": "Point", "coordinates": [ -74.0757533, 40.6401469 ] } },
{ "type": "Feature", "properties": { "id": "08f2a1070ba542d403b82c0c0a788d5a", "name": "Mvp Pizza Corp", "confidence": 0.77, "socials": null }, "geometry": { "type": "Point", "coordinates": [ -74.0767217, 40.6422971 ] } },
{ "type": "Feature", "properties": { "id": "08f2a1070ba0146e0306a51fd98f2d51", "name": "A & S Pizza", "confidence": 0.99497955735766175, "socials": [ "https://www.facebook.com/116510858372547" ] }, "geometry": { "type": "Point", "coordinates": [ -74.0775829, 40.6439589 ] } },
{ "type": "Feature", "properties": { "id": "08f2a1070bb4c8ac030d3536052a0a19", "name": "ZZ's Pizza", "confidence": 0.71069587628865982, "socials": [ "https://www.facebook.com/453886344743995" ] }, "geometry": { "type": "Point", "coordinates": [ -74.072761, 40.644113 ] } },
{ "type": "Feature", "properties": { "id": "08f2a1075554185c03191ad984dca444", "name": "Campania Coal Fired Pizza", "confidence": 0.97817198851157294, "socials": [ "https://www.facebook.com/356672951137226" ] }, "geometry": { "type": "Point", "coordinates": [ -74.0332899, 40.6135359 ] } },
{ "type": "Feature", "properties": { "id": "08f2a10755cc84220325947659903adb", "name": "Molto Bene", "confidence": 0.77, "socials": null }, "geometry": { "type": "Point", "coordinates": [ -74.031592, 40.6155278 ] } },
{ "type": "Feature", "properties": { "id": "08f2a10755ce843303eb8c4e7b66de25", "name": "Espresso Pizzeria", "confidence": 0.97817198851157294, "socials": [ "https://www.facebook.com/113445812022540" ] }, "geometry": { "type": "Point", "coordinates": [ -74.0305013, 40.6163475 ] } },
{ "type": "Feature", "properties": { "id": "08f2a10755ca02b1035a12e536ca5023", "name": "Nino's Pizza", "confidence": 0.97817198851157294, "socials": [ "https://www.facebook.com/789014517792957" ] }, "geometry": { "type": "Point", "coordinates": [ -74.0327156, 40.6197755 ] } },
{ "type": "Feature", "properties": { "id": "08f2a10755d8029803585031bc9527e9", "name": "Nonno's Pizza", "confidence": 0.99497955735766175, "socials": [ "https://www.facebook.com/581499568537682" ] }, "geometry": { "type": "Point", "coordinates": [ -74.0318981, 40.6216186 ] } },
{ "type": "Feature", "properties": { "id": "08f2a10755c02a5103dcf0c585717a61", "name": "Artichoke Basille's Pizza", "confidence": 0.99497955735766175, "socials": [ "https://www.facebook.com/1854905611391564" ] }, "geometry": { "type": "Point", "coordinates": [ -74.0300379, 40.6191601 ] } },
{ "type": "Feature", "properties": { "id": "08f2a10755c0a394030e2d97481f5b08", "name": "Uno Pizzeria & Grill", "confidence": 0.77, "socials": null }, "geometry": { "type": "Point", "coordinates": [ -74.029798, 40.617868 ] } },
{ "type": "Feature", "properties": { "id": "08f2a10755c0178d037dce4818c317c8", "name": "Domino's Pizza", "confidence": 0.99497955735766175, "socials": [ "https://www.facebook.com/485367548206051" ] }, "geometry": { "type": "Point", "coordinates": [ -74.0297522, 40.618859 ] } },
{ "type": "Feature", "properties": { "id": "08f2a10755c71ad2034fb84dd7cef17d", "name": "Landy's Pizzeria", "confidence": 0.87871664548919948, "socials": null }, "geometry": { "type": "Point", "coordinates": [ -74.027369, 40.6173623 ] } },
{ "type": "Feature", "properties": { "id": "08f2a10755d2b555037f95a9c97c4b7c", "name": "Pizza Wagon", "confidence": 0.97817198851157294, "socials": [ "https://www.facebook.com/120887427926765" ] }, "geometry": { "type": "Point", "coordinates": [ -74.0265141, 40.6212768 ] } },
{ "type": "Feature", "properties": { "id": "08f2a10754a5c5a103669553e64bb5cc", "name": "Leo's Casa Calamari", "confidence": 0.99497955735766175, "socials": [ "https://www.facebook.com/124821112243822" ] }, "geometry": { "type": "Point", "coordinates": [ -74.0309603, 40.6243182 ] } },
{ "type": "Feature", "properties": { "id": "08f2a10755d02cc0036abe582ca68126", "name": "Janet's Pizza", "confidence": 0.77, "socials": null }, "geometry": { "type": "Point", "coordinates": [ -74.0283806, 40.6220669 ] } },
{ "type": "Feature", "properties": { "id": "08f2a10755d2c52303174b5fbb8a30a5", "name": "Mancini's", "confidence": 0.99497955735766175, "socials": [ "https://www.facebook.com/228385721026577" ] }, "geometry": { "type": "Point", "coordinates": [ -74.0259662, 40.6220999 ] } },
{ "type": "Feature", "properties": { "id": "08f2a10754b5a1710320a2554c557804", "name": "Ben's Pizzeria", "confidence": 0.99497955735766175, "socials": [ "https://www.facebook.com/121679571176216" ] }, "geometry": { "type": "Point", "coordinates": [ -74.0296634, 40.626411 ] } },
{ "type": "Feature", "properties": { "id": "08f2a10754b5ec0d03773d59ff16ed49", "name": "Ben's Pizzeria", "confidence": 0.77, "socials": null }, "geometry": { "type": "Point", "coordinates": [ -74.0298228, 40.626485 ] } },
{ "type": "Feature", "properties": { "id": "08f2a107467ad5130352ff03c869ca38", "name": "Papa John's Pizza", "confidence": 0.99497955735766175, "socials": [ "https://www.facebook.com/140066632725614" ] }, "geometry": { "type": "Point", "coordinates": [ -74.0060741, 40.6090961 ] } },
{ "type": "Feature", "properties": { "id": "08f2a107464d0d6903aafb6496e33521", "name": "Bklyn's Pizza", "confidence": 0.9961633011413521, "socials": [ "https://www.facebook.com/498996276826649" ] }, "geometry": { "type": "Point", "coordinates": [ -74.01166, 40.612406 ] } },
{ "type": "Feature", "properties": { "id": "08f2a10746495006033eb48fa56400ea", "name": "Mias Pizza Shoppe", "confidence": 0.77, "socials": null }, "geometry": { "type": "Point", "coordinates": [ -74.013382, 40.614832 ] } },
{ "type": "Feature", "properties": { "id": "08f2a107464e9169033a7859ec9c0e7e", "name": "La Villa", "confidence": 0.97817198851157294, "socials": [ "https://www.facebook.com/363299057415249" ] }, "geometry": { "type": "Point", "coordinates": [ -74.0083055, 40.6111301 ] } },
{ "type": "Feature", "properties": { "id": "08f2a10755d7553403f9557c56460251", "name": "Broadway Pizza", "confidence": 0.85061855670103093, "socials": null }, "geometry": { "type": "Point", "coordinates": [ -74.025359, 40.620669 ] } },
{ "type": "Feature", "properties": { "id": "08f2a107736aabb203cc6a153a4be37d", "name": "Tacos Por Favor", "confidence": 0.99497955735766175, "socials": [ "https://www.facebook.com/106102028953463" ] }, "geometry": { "type": "Point", "coordinates": [ -74.0246102, 40.6243132 ] } },
{ "type": "Feature", "properties": { "id": "08f2a107736a1d700318020e29a015d8", "name": "Papa Johns Pizza", "confidence": 0.99497955735766175, "socials": [ "https://www.facebook.com/559975540513915" ] }, "geometry": { "type": "Point", "coordinates": [ -74.0242109, 40.625306 ] } },
{ "type": "Feature", "properties": { "id": "08f2a1077378305e03506b37a89d20ab", "name": "Rocco's Pizzeria", "confidence": 0.98582594999015549, "socials": [ "https://www.facebook.com/165812920220081" ] }, "geometry": { "type": "Point", "coordinates": [ -74.0238205, 40.6268846 ] } },
{ "type": "Feature", "properties": { "id": "08f2a10773259d53037a487d3f520b0a", "name": "Domino's", "confidence": 0.99497955735766175, "socials": [ "https://www.facebook.com/166034083412818" ] }, "geometry": { "type": "Point", "coordinates": [ -74.009205, 40.6188078 ] } },
{ "type": "Feature", "properties": { "id": "08f2a1077324e01503f736c07228a1e7", "name": "Tony's Pizzeria", "confidence": 0.98113699906803353, "socials": [ "https://www.facebook.com/1412682222329255" ] }, "geometry": { "type": "Point", "coordinates": [ -74.0084503, 40.6191549 ] } },
{ "type": "Feature", "properties": { "id": "08f2a1077334536a039835b0ea1a56db", "name": "Krispy Pizza- Brooklyn, NY", "confidence": 0.97817198851157294, "socials": [ "https://www.facebook.com/1618523448424223" ] }, "geometry": { "type": "Point", "coordinates": [ -74.0055041, 40.6223664 ] } },
{ "type": "Feature", "properties": { "id": "08f2a10754b7259003995019d4758268", "name": "Giacomo's Wood Fired Pizza & Trattoria", "confidence": 0.35051546391752575, "socials": [ "https://www.facebook.com/1723995081232313" ] }, "geometry": { "type": "Point", "coordinates": [ -74.0291619, 40.6284309 ] } },
{ "type": "Feature", "properties": { "id": "08f2a10754b0995e03a31f5ec6c19aa1", "name": "Luliano's Wood Fired Pizza & Trattoria", "confidence": 0.77, "socials": null }, "geometry": { "type": "Point", "coordinates": [ -74.029265, 40.6285201 ] } },
{ "type": "Feature", "properties": { "id": "08f2a10754b2eb1e037ed50c61834854", "name": "Peppino's", "confidence": 0.99497955735766175, "socials": [ "https://www.facebook.com/113944035303042" ] }, "geometry": { "type": "Point", "coordinates": [ -74.028603, 40.6298377 ] } },
{ "type": "Feature", "properties": { "id": "08f2a1077348b70103adaf0dbb3b5f66", "name": "Pete's", "confidence": 0.99497955735766175, "socials": [ "https://www.facebook.com/120000194683140" ] }, "geometry": { "type": "Point", "coordinates": [ -74.0281128, 40.6309421 ] } },
{ "type": "Feature", "properties": { "id": "08f2a1075492a924032557dd43f31a85", "name": "Rocky's and Nicky's", "confidence": 0.97817198851157294, "socials": [ "https://www.facebook.com/121365374540941" ] }, "geometry": { "type": "Point", "coordinates": [ -74.0314256, 40.6374785 ] } },
{ "type": "Feature", "properties": { "id": "08f2a107734aed9003ea754b4d3fc8ff", "name": "Vesuvio Pizzeria & Restaurant", "confidence": 0.77, "socials": null }, "geometry": { "type": "Point", "coordinates": [ -74.027, 40.633 ] } },
{ "type": "Feature", "properties": { "id": "08f2a10773598a2603c41bc894b217c4", "name": "Lombardo's of Bay Ridge", "confidence": 0.91103789126853374, "socials": [ "https://www.facebook.com/252239812185675" ] }, "geometry": { "type": "Point", "coordinates": [ -74.0270483, 40.634351 ] } },
{ "type": "Feature", "properties": { "id": "08f2a10773598a26038a36028cdb0c31", "name": "Frankie's of Bay Ridge", "confidence": 0.97817198851157294, "socials": [ "https://www.facebook.com/105514922462787" ] }, "geometry": { "type": "Point", "coordinates": [ -74.0270424, 40.6343521 ] } },
{ "type": "Feature", "properties": { "id": "08f2a10773598a2603f838586b664187", "name": "Lil Frankie's of Bay Ridge", "confidence": 0.77, "socials": null }, "geometry": { "type": "Point", "coordinates": [ -74.0270223, 40.6344104 ] } },
{ "type": "Feature", "properties": { "id": "08f2a1077359d46203e7bfa3a43d9815", "name": "Bella Roma", "confidence": 0.99497955735766175, "socials": [ "https://www.facebook.com/389002484984526" ] }, "geometry": { "type": "Point", "coordinates": [ -74.0266957, 40.634452 ] } },
{ "type": "Feature", "properties": { "id": "08f2a1075492e2f603de13dc3ac33dd1", "name": "Rocky's & Nicky's Pizzeria II", "confidence": 0.77, "socials": null }, "geometry": { "type": "Point", "coordinates": [ -74.0313664, 40.6375248 ] } },
{ "type": "Feature", "properties": { "id": "08f2a10773784525035a3c8f02eb86d4", "name": "Bay Ridge Pizza", "confidence": 0.99497955735766175, "socials": [ "https://www.facebook.com/196957423661700" ] }, "geometry": { "type": "Point", "coordinates": [ -74.0234049, 40.6278424 ] } },
{ "type": "Feature", "properties": { "id": "08f2a1077351859e039d9db519775fff", "name": "Original Pizza", "confidence": 0.99497955735766175, "socials": [ "https://www.facebook.com/114156265278838" ] }, "geometry": { "type": "Point", "coordinates": [ -74.0233385, 40.6346079 ] } },
{ "type": "Feature", "properties": { "id": "08f2a10773552b6d03421b783cb7e0b3", "name": "Elegante Pizzeria", "confidence": 0.99497955735766175, "socials": [ "https://www.facebook.com/113427872025041" ] }, "geometry": { "type": "Point", "coordinates": [ -74.0212936, 40.6330088 ] } },
{ "type": "Feature", "properties": { "id": "08f2a107730ec6e2035274d45eec143a", "name": "Maria's Pizza", "confidence": 0.99497955735766175, "socials": [ "https://www.facebook.com/120158161334832" ] }, "geometry": { "type": "Point", "coordinates": [ -74.0135586, 40.6275744 ] } },
{ "type": "Feature", "properties": { "id": "08f2a10773a86951038ede780e0cc856", "name": "Buonasera Restaurant & Pizzeria", "confidence": 0.77, "socials": null }, "geometry": { "type": "Point", "coordinates": [ -74.0066579, 40.6283158 ] } },
{ "type": "Feature", "properties": { "id": "08f2a10773160cf503bed7e44b45acd7", "name": "Viva La Pizza", "confidence": 0.77, "socials": null }, "geometry": { "type": "Point", "coordinates": [ -74.0076965, 40.6313295 ] } },
{ "type": "Feature", "properties": { "id": "08f2a10773d9ad30036aa16b22cbfc13", "name": "Tony's Pizza", "confidence": 0.77, "socials": null }, "geometry": { "type": "Point", "coordinates": [ -74.0195681, 40.6401661 ] } },
{ "type": "Feature", "properties": { "id": "08f2a10773dad95203012c2fdd2827c4", "name": "Johnny's Pizzeria", "confidence": 0.99497955735766175, "socials": [ "https://www.facebook.com/353611511425824" ] }, "geometry": { "type": "Point", "coordinates": [ -74.0153166, 40.640509 ] } },
{ "type": "Feature", "properties": { "id": "08f2a10773d1321e03515f4fc610260f", "name": "Papa John's Pizza", "confidence": 0.99497955735766175, "socials": [ "https://www.facebook.com/198431076843025" ] }, "geometry": { "type": "Point", "coordinates": [ -74.0152238, 40.6405969 ] } },
{ "type": "Feature", "properties": { "id": "08f2a10772a94ba20332621b8bca16fd", "name": "Pete's Brooklyn Eats", "confidence": 0.97817198851157294, "socials": [ "https://www.facebook.com/670243263033937" ] }, "geometry": { "type": "Point", "coordinates": [ -74.0242411, 40.6453356 ] } },
{ "type": "Feature", "properties": { "id": "08f2a10772b8038603072e57dfe73a40", "name": "Lamonica's Pizza Dough", "confidence": 0.87645687645687642, "socials": [ "https://www.facebook.com/1752172728197636" ] }, "geometry": { "type": "Point", "coordinates": [ -74.0204564, 40.6486278 ] } },
{ "type": "Feature", "properties": { "id": "08f2a10773d159980394f2cf48e5ab24", "name": "Puerto Rico", "confidence": 0.97817198851157294, "socials": [ "https://www.facebook.com/655145104505609" ] }, "geometry": { "type": "Point", "coordinates": [ -74.0142933, 40.641428 ] } },
{ "type": "Feature", "properties": { "id": "08f2a10773d3515a03f8b5e81f009d69", "name": "J&B Yummy Pizza", "confidence": 0.77, "socials": null }, "geometry": { "type": "Point", "coordinates": [ -74.013181, 40.641965 ] } },
{ "type": "Feature", "properties": { "id": "08f2a107706846c3037d14bf51ebe691", "name": "Master's Pizzeria and Ice Cream", "confidence": 0.99497955735766175, "socials": [ "https://www.facebook.com/106912460691352" ] }, "geometry": { "type": "Point", "coordinates": [ -74.0113639, 40.6438388 ] } },
{ "type": "Feature", "properties": { "id": "08f2a1077079d525039711dd989fd24a", "name": "Charles Pizzeria", "confidence": 0.77, "socials": null }, "geometry": { "type": "Point", "coordinates": [ -74.0101587, 40.6455841 ] } },
{ "type": "Feature", "properties": { "id": "08f2a107704d6aee03b74f3d521da03f", "name": "Sunset Pizza", "confidence": 0.99497955735766175, "socials": [ "https://www.facebook.com/101039371697539" ] }, "geometry": { "type": "Point", "coordinates": [ -74.0132403, 40.6493674 ] } },
{ "type": "Feature", "properties": { "id": "08f2a107707a34b6034c8a430b7c7125", "name": "Luigis pizza", "confidence": 0.99497955735766175, "socials": [ "https://www.facebook.com/219731594737530" ] }, "geometry": { "type": "Point", "coordinates": [ -74.0087861, 40.646681 ] } },
{ "type": "Feature", "properties": { "id": "08f2a107707a015b03d21c86fd8a17f2", "name": "Xochil Pizzeria", "confidence": 0.93837369560937189, "socials": [ "https://www.facebook.com/230145114013834" ] }, "geometry": { "type": "Point", "coordinates": [ -74.0082224, 40.6470492 ] } },
{ "type": "Feature", "properties": { "id": "08f2a1077048a441030f0e0d3a283056", "name": "Luigi's Pizza", "confidence": 0.77, "socials": null }, "geometry": { "type": "Point", "coordinates": [ -74.01433237, 40.65024243 ] } },
{ "type": "Feature", "properties": { "id": "08f2a10770461d640370eb8db9ecbeb8", "name": "Little Caesars", "confidence": 0.41176470588235292, "socials": [ "https://www.facebook.com/473984306062306" ] }, "geometry": { "type": "Point", "coordinates": [ -74.00583, 40.64954 ] } },
{ "type": "Feature", "properties": { "id": "08f2a1077056b87603630c678e0b3ad7", "name": "Alex Pizza Slice", "confidence": 0.77, "socials": null }, "geometry": { "type": "Point", "coordinates": [ -74.0039267, 40.6509944 ] } },
{ "type": "Feature", "properties": { "id": "08f2a1077056b81e033bd68e9d00d42b", "name": "Gina's Pizza", "confidence": 0.77, "socials": null }, "geometry": { "type": "Point", "coordinates": [ -74.003984, 40.651011 ] } },
{ "type": "Feature", "properties": { "id": "08f2a1077056b87603f6a7272c6e4d65", "name": "Alex's Pizza Slice", "confidence": 0.91103789126853374, "socials": [ "https://www.facebook.com/109138571619752" ] }, "geometry": { "type": "Point", "coordinates": [ -74.004045, 40.6510509 ] } },
{ "type": "Feature", "properties": { "id": "08f2a10770568642036349ecdeee52db", "name": "Pizzeria", "confidence": 0.89363057324840767, "socials": [ "https://www.facebook.com/111592175545164" ] }, "geometry": { "type": "Point", "coordinates": [ -74.0039753, 40.6511257 ] } },
{ "type": "Feature", "properties": { "id": "08f2a10770cd5196037c38cc8cd99b88", "name": "Spiro's Cafe & Pizza", "confidence": 0.99497955735766175, "socials": [ "https://www.facebook.com/1611741788840423" ] }, "geometry": { "type": "Point", "coordinates": [ -74.0042991, 40.6547151 ] } },
{ "type": "Feature", "properties": { "id": "08f2a10776269ba503708d3f81655c18", "name": "Table 87 Coal Oven Pizza", "confidence": 0.71069587628865982, "socials": [ "https://www.facebook.com/192603431206191" ] }, "geometry": { "type": "Point", "coordinates": [ -74.007782, 40.656101 ] } },
{ "type": "Feature", "properties": { "id": "08f2a107762691230354898b93817594", "name": "Table 87", "confidence": 0.99497955735766175, "socials": [ "https://www.facebook.com/346819759118609" ] }, "geometry": { "type": "Point", "coordinates": [ -74.0079346, 40.65615 ] } },
{ "type": "Feature", "properties": { "id": "08f2a10770ca188203cb279fbc396a3e", "name": "Third Ave Pizza", "confidence": 0.77, "socials": null }, "geometry": { "type": "Point", "coordinates": [ -74.0040073, 40.6574336 ] } },
{ "type": "Feature", "properties": { "id": "08f2a10770ca189e033b970e47ed4a27", "name": "Picazo's Pizza & Restaurant Place", "confidence": 0.97817198851157294, "socials": [ "https://www.facebook.com/101811282842999" ] }, "geometry": { "type": "Point", "coordinates": [ -74.0040656, 40.6574741 ] } },
{ "type": "Feature", "properties": { "id": "08f2a10776d13da003ad5361aa47e245", "name": "Hoek Pizza", "confidence": 0.97817198851157294, "socials": [ "https://www.facebook.com/276683589909596" ] }, "geometry": { "type": "Point", "coordinates": [ -74.0169392, 40.6779798 ] } },
{ "type": "Feature", "properties": { "id": "08f2a107769ab25a03809b9dbb464d93", "name": "Big Daddy's Pizza", "confidence": 0.93346005154639178, "socials": null }, "geometry": { "type": "Point", "coordinates": [ -74.007097, 40.674295 ] } },
{ "type": "Feature", "properties": { "id": "08f2a107296f3d8303ce449f91aaa63c", "name": "Mark's Red Hook Pizza", "confidence": 0.99497955735766175, "socials": [ "https://www.facebook.com/1392754700949257" ] }, "geometry": { "type": "Point", "coordinates": [ -74.0113425, 40.6788014 ] } },
{ "type": "Feature", "properties": { "id": "08f2a1071e6b371e0301fb067b0fc7fb", "name": "Tagliare", "confidence": 0.77, "socials": null }, "geometry": { "type": "Point", "coordinates": [ -74.1789, 40.69501 ] } },
{ "type": "Feature", "properties": { "id": "08f2a1071e4ca61503bc1101201fbaac", "name": "Tagliare", "confidence": 0.92595108695652173, "socials": [ "https://www.facebook.com/1613944322212322" ] }, "geometry": { "type": "Point", "coordinates": [ -74.1794056, 40.6983942 ] } },
{ "type": "Feature", "properties": { "id": "08f2a1071e6044b103603e2829b15eba", "name": "Uptop Pizzeria", "confidence": 0.97817198851157294, "socials": [ "https://www.facebook.com/433436280394362" ] }, "geometry": { "type": "Point", "coordinates": [ -74.1738135, 40.694822 ] } },
{ "type": "Feature", "properties": { "id": "08f2a1071398894003468878b4f97d8f", "name": "The Loft", "confidence": 0.29137199434229144, "socials": [ "https://www.facebook.com/254620498590796" ] }, "geometry": { "type": "Point", "coordinates": [ -74.174589, 40.725132 ] } },
{ "type": "Feature", "properties": { "id": "08f2a1071158a28d0325a2bf120de0c8", "name": "Napoli Pizza", "confidence": 0.99497955735766175, "socials": [ "https://www.facebook.com/221104924580815" ] }, "geometry": { "type": "Point", "coordinates": [ -74.1646635, 40.7225236 ] } },
{ "type": "Feature", "properties": { "id": "08f2a107102c390003a95a7f2f290310", "name": "Tony's Pizzeria", "confidence": 0.99497955735766175, "socials": [ "https://www.facebook.com/103620766406576" ] }, "geometry": { "type": "Point", "coordinates": [ -74.166621, 40.72615 ] } },
{ "type": "Feature", "properties": { "id": "08f2a107115107a1035fcdfbac0a9e90", "name": "La Sorrentina", "confidence": 0.99497955735766175, "socials": [ "https://www.facebook.com/778961682202653" ] }, "geometry": { "type": "Point", "coordinates": [ -74.1617571, 40.7241883 ] } },
{ "type": "Feature", "properties": { "id": "08f2a107106c531603c380992183d0dd", "name": "Papa John's Pizza", "confidence": 0.99497955735766175, "socials": [ "https://www.facebook.com/134629909940159" ] }, "geometry": { "type": "Point", "coordinates": [ -74.1764912, 40.7285593 ] } },
{ "type": "Feature", "properties": { "id": "08f2a10710618d0003b328fcdfaad073", "name": "Pizza 2000", "confidence": 0.99497955735766175, "socials": [ "https://www.facebook.com/100887969955626" ] }, "geometry": { "type": "Point", "coordinates": [ -74.1766235, 40.7309467 ] } },
{ "type": "Feature", "properties": { "id": "08f2a1071062e2f50361509d15a3fda6", "name": "Queen Pizza and Deli", "confidence": 0.99497955735766175, "socials": [ "https://www.facebook.com/116049955091144" ] }, "geometry": { "type": "Point", "coordinates": [ -74.1743776, 40.731319 ] } },
{ "type": "Feature", "properties": { "id": "08f2a10710664b9503208a3e4a69105b", "name": "Mulberry Street Pizza", "confidence": 0.99497955735766175, "socials": [ "https://www.facebook.com/338671629912452" ] }, "geometry": { "type": "Point", "coordinates": [ -74.1717078, 40.7300837 ] } },
{ "type": "Feature", "properties": { "id": "08f2a107100dacac030dab49a111ec34", "name": "Villa Italian Kitchen", "confidence": 0.47268106734434556, "socials": [ "https://www.facebook.com/837435299667738" ] }, "geometry": { "type": "Point", "coordinates": [ -74.1710415, 40.7337058 ] } },
{ "type": "Feature", "properties": { "id": "08f2a107100d56de031d8f0bff810bab", "name": "American Whiskey Newark", "confidence": 0.97817198851157294, "socials": [ "https://www.facebook.com/107641401924722" ] }, "geometry": { "type": "Point", "coordinates": [ -74.1703616, 40.7343432 ] } },
{ "type": "Feature", "properties": { "id": "08f2a10710733299035ce186ad6b5c11", "name": "Queen Pizza", "confidence": 0.77, "socials": null }, "geometry": { "type": "Point", "coordinates": [ -74.1741, 40.73467 ] } },
{ "type": "Feature", "properties": { "id": "08f2a10710099699034b4d1f5c0bcd3f", "name": "Medina Gyro & Pizza", "confidence": 0.47268106734434556, "socials": [ "https://www.facebook.com/231426680625194" ] }, "geometry": { "type": "Point", "coordinates": [ -74.17246, 40.735498 ] } },
{ "type": "Feature", "properties": { "id": "08f2a10710090ba90309efd32a7ed819", "name": "Mama's Pizza", "confidence": 0.77, "socials": null }, "geometry": { "type": "Point", "coordinates": [ -74.1727132, 40.7371481 ] } },
{ "type": "Feature", "properties": { "id": "08f2a107100aa45b037854e7cb12e319", "name": "Two Brothers Pizza", "confidence": 0.89393695014662755, "socials": null }, "geometry": { "type": "Point", "coordinates": [ -74.170657, 40.736446 ] } },
{ "type": "Feature", "properties": { "id": "08f2a107100ad8db03ed9ae43e220b7e", "name": "Brick City", "confidence": 0.53885630498533721, "socials": [ "https://www.facebook.com/1877586979168065" ] }, "geometry": { "type": "Point", "coordinates": [ -74.16913, 40.7365455 ] } },
{ "type": "Feature", "properties": { "id": "08f2a107103a961c0367a2901154e504", "name": "Francesca's Pizza & Pasta", "confidence": 0.77, "socials": null }, "geometry": { "type": "Point", "coordinates": [ -74.16520758, 40.73084439 ] } },
{ "type": "Feature", "properties": { "id": "08f2a10710332994031278eec720626e", "name": "Vinny's Pizzeria", "confidence": 0.99497955735766175, "socials": [ "https://www.facebook.com/575846912492732" ] }, "geometry": { "type": "Point", "coordinates": [ -74.1636156, 40.7329985 ] } },
{ "type": "Feature", "properties": { "id": "08f2a107103338c103c81e6d22796ff1", "name": "Lemos Pizza", "confidence": 0.91798695246971107, "socials": [ "https://www.facebook.com/252277514645195" ] }, "geometry": { "type": "Point", "coordinates": [ -74.1631132, 40.7325769 ] } },
{ "type": "Feature", "properties": { "id": "08f2a10711c54905037c18c12beab92a", "name": "Brazilian Pizza", "confidence": 0.99497955735766175, "socials": [ "https://www.facebook.com/164463750274042" ] }, "geometry": { "type": "Point", "coordinates": [ -74.152646, 40.7250402 ] } },
{ "type": "Feature", "properties": { "id": "08f2a1071111162403f882ed3ccfb953", "name": "Pizzeria Sao Paulo", "confidence": 0.9961633011413521, "socials": [ "https://www.facebook.com/434267557340097" ] }, "geometry": { "type": "Point", "coordinates": [ -74.1507205, 40.7214487 ] } },
{ "type": "Feature", "properties": { "id": "08f2a10711d53b1903a4159a08d77a02", "name": "Domino's Pizza", "confidence": 0.99497955735766175, "socials": [ "https://www.facebook.com/351987581595211" ] }, "geometry": { "type": "Point", "coordinates": [ -74.1518778, 40.7244493 ] } },
{ "type": "Feature", "properties": { "id": "08f2a10711d36b8003324310c19b79c3", "name": "Mega Pizza", "confidence": 0.99497955735766175, "socials": [ "https://www.facebook.com/114834738870074" ] }, "geometry": { "type": "Point", "coordinates": [ -74.1525339, 40.7309707 ] } },
{ "type": "Feature", "properties": { "id": "08f2a10711d62a26037be7fb670ca67f", "name": "Pizza Village Cafe", "confidence": 0.97817198851157294, "socials": [ "https://www.facebook.com/296691547348516" ] }, "geometry": { "type": "Point", "coordinates": [ -74.1488792, 40.7275537 ] } },
{ "type": "Feature", "properties": { "id": "08f2a10710a5360b034f781356c452be", "name": "Sabinos pizzeria", "confidence": 0.21337126600284495, "socials": [ "https://www.facebook.com/663121417081732" ] }, "geometry": { "type": "Point", "coordinates": [ -74.156051, 40.731838 ] } },
{ "type": "Feature", "properties": { "id": "08f2a10703203b82038f85c3b88ca90c", "name": "Pizza Hut", "confidence": 0.99497955735766175, "socials": [ "https://www.facebook.com/113428198690865" ] }, "geometry": { "type": "Point", "coordinates": [ -74.1033173, 40.6935297 ] } },
{ "type": "Feature", "properties": { "id": "08f2a10703a047980308fc86a589334a", "name": "Vincent's Pizza", "confidence": 0.77, "socials": null }, "geometry": { "type": "Point", "coordinates": [ -74.095891, 40.6992733 ] } },
{ "type": "Feature", "properties": { "id": "08f2a107038f182c03022eb4344dbd8c", "name": "Vinnie's Pizzeria and Restaurant of Jersey City", "confidence": 0.99497955735766175, "socials": [ "https://www.facebook.com/215669965168650" ] }, "geometry": { "type": "Point", "coordinates": [ -74.0994406, 40.7054502 ] } },
{ "type": "Feature", "properties": { "id": "08f2a10703d6c20c0357f82e2716d519", "name": "Stadium Pizza", "confidence": 0.97817198851157294, "socials": [ "https://www.facebook.com/574671459325149" ] }, "geometry": { "type": "Point", "coordinates": [ -74.1019232, 40.7095697 ] } },
{ "type": "Feature", "properties": { "id": "08f2a10700013d8b03ca1069cb96ab70", "name": "Pizza Hut", "confidence": 0.99497955735766175, "socials": [ "https://www.facebook.com/159987410698969" ] }, "geometry": { "type": "Point", "coordinates": [ -74.0934947, 40.7206633 ] } },
{ "type": "Feature", "properties": { "id": "08f2a1070001cc6e034ad4367c113eb6", "name": "Jerry's Pizza and Restaurant", "confidence": 0.99497955735766175, "socials": [ "https://www.facebook.com/627689830685180" ] }, "geometry": { "type": "Point", "coordinates": [ -74.0923384, 40.7203424 ] } },
{ "type": "Feature", "properties": { "id": "08f2a107000a275503a32d447c9fce6a", "name": "Pizza Plus", "confidence": 0.35051546391752575, "socials": [ "https://www.facebook.com/166911777489458" ] }, "geometry": { "type": "Point", "coordinates": [ -74.095265, 40.721252 ] } },
{ "type": "Feature", "properties": { "id": "08f2a1070019ba6803ca443d67d93dda", "name": "Chuck E. Cheese", "confidence": 0.99497955735766175, "socials": [ "https://www.facebook.com/837095966364977" ] }, "geometry": { "type": "Point", "coordinates": [ -74.0947198, 40.7217404 ] } },
{ "type": "Feature", "properties": { "id": "08f2a107100b60c403811ae31c8de9b9", "name": "Queen Pizza", "confidence": 0.99497955735766175, "socials": [ "https://www.facebook.com/151790311667334" ] }, "geometry": { "type": "Point", "coordinates": [ -74.1722154, 40.7383799 ] } },
{ "type": "Feature", "properties": { "id": "08f2a1071019bceb0333e5cba893a138", "name": "Blaze Pizza", "confidence": 0.99497955735766175, "socials": [ "https://www.facebook.com/1940724252835295" ] }, "geometry": { "type": "Point", "coordinates": [ -74.1708215, 40.7384377 ] } },
{ "type": "Feature", "properties": { "id": "08f2a10710cd9360033e56bef8762e41", "name": "Robert's Pizzeria", "confidence": 0.99497955735766175, "socials": [ "https://www.facebook.com/250101407652" ] }, "geometry": { "type": "Point", "coordinates": [ -74.1723409, 40.7407564 ] } },
{ "type": "Feature", "properties": { "id": "08f2a10710ced812033cdb698aaa9834", "name": "Big Bite", "confidence": 0.97817198851157294, "socials": [ "https://www.facebook.com/120576851293021" ] }, "geometry": { "type": "Point", "coordinates": [ -74.1692169, 40.7419129 ] } },
{ "type": "Feature", "properties": { "id": "08f2a10716240250039fb608b5085b0d", "name": "Giovanni Pizza Pasta & Grill", "confidence": 0.99497955735766175, "socials": [ "https://www.facebook.com/1517487338506318" ] }, "geometry": { "type": "Point", "coordinates": [ -74.1781796, 40.7443023 ] } },
{ "type": "Feature", "properties": { "id": "08f2a10714649da9038ba5285d205722", "name": "La Pizza", "confidence": 0.99497955735766175, "socials": [ "https://www.facebook.com/101359415114321" ] }, "geometry": { "type": "Point", "coordinates": [ -74.1583641, 40.7463418 ] } },
{ "type": "Feature", "properties": { "id": "08f2a10716a03b70037363ccbed12c8a", "name": "Luigi's Pizza New York Style", "confidence": 0.77, "socials": null }, "geometry": { "type": "Point", "coordinates": [ -74.1720491, 40.7522615 ] } },
{ "type": "Feature", "properties": { "id": "08f2a107168e455e03239591830c47b8", "name": "Frank's Pizzeria", "confidence": 0.97817198851157294, "socials": [ "https://www.facebook.com/113358298698235" ] }, "geometry": { "type": "Point", "coordinates": [ -74.1753589, 40.7590068 ] } },
{ "type": "Feature", "properties": { "id": "08f2a1071448d710038c6be0618b025d", "name": "Mario's Pizza", "confidence": 0.77, "socials": null }, "geometry": { "type": "Point", "coordinates": [ -74.1672089, 40.7569161 ] } },
{ "type": "Feature", "properties": { "id": "08f2a107144ab711039c4949c249cdef", "name": "Gencarelli's Pizza Factory", "confidence": 0.97817198851157294, "socials": [ "https://www.facebook.com/111874245509904" ] }, "geometry": { "type": "Point", "coordinates": [ -74.1670616, 40.7571627 ] } },
{ "type": "Feature", "properties": { "id": "08f2a107144ab65603075aef1350eddc", "name": "The Original Pizzarama", "confidence": 0.93837369560937189, "socials": [ "https://www.facebook.com/108952922139643" ] }, "geometry": { "type": "Point", "coordinates": [ -74.1669237, 40.7572015 ] } },
{ "type": "Feature", "properties": { "id": "08f2a1071095b2ee0343659552bb4f84", "name": "Ah' Pizz", "confidence": 0.99497955735766175, "socials": [ "https://www.facebook.com/131109037571706" ] }, "geometry": { "type": "Point", "coordinates": [ -74.1558876, 40.7411925 ] } },
{ "type": "Feature", "properties": { "id": "08f2a10710975c4a034cf2c14f82322c", "name": "Nino's", "confidence": 0.77, "socials": null }, "geometry": { "type": "Point", "coordinates": [ -74.1542508, 40.7438092 ] } },
{ "type": "Feature", "properties": { "id": "08f2a107109751330302db478ef7308d", "name": "Original Famous Ninos", "confidence": 0.71069587628865982, "socials": [ "https://www.facebook.com/1692303884221887" ] }, "geometry": { "type": "Point", "coordinates": [ -74.154227, 40.743808 ] } },
{ "type": "Feature", "properties": { "id": "08f2a1071429c3ab03b7cf8fa74a0760", "name": "Ah' Pizz - Harrison", "confidence": 0.77, "socials": null }, "geometry": { "type": "Point", "coordinates": [ -74.1556, 40.74735 ] } },
{ "type": "Feature", "properties": { "id": "08f2a1071474152603eadef9a143a9cb", "name": "Gina's Pizzeria and Restaurant", "confidence": 0.99497955735766175, "socials": [ "https://www.facebook.com/210641368968327" ] }, "geometry": { "type": "Point", "coordinates": [ -74.1569789, 40.7501878 ] } },
{ "type": "Feature", "properties": { "id": "08f2a107140896140386d0c4fd436682", "name": "Bella Re's Pizza", "confidence": 0.77, "socials": null }, "geometry": { "type": "Point", "coordinates": [ -74.1567253, 40.754149 ] } },
{ "type": "Feature", "properties": { "id": "08f2a1071411a0e503d976647ddbf26f", "name": "Domino's Pizza", "confidence": 0.99497955735766175, "socials": [ "https://www.facebook.com/105906486118062" ] }, "geometry": { "type": "Point", "coordinates": [ -74.152881, 40.7577841 ] } },
{ "type": "Feature", "properties": { "id": "08f2a1071414395d03fa5dc55f813fef", "name": "Big Nicks Pizza", "confidence": 0.97817198851157294, "socials": [ "https://www.facebook.com/115974701756963" ] }, "geometry": { "type": "Point", "coordinates": [ -74.1488, 40.7557312 ] } },
{ "type": "Feature", "properties": { "id": "08f2a107148c918803c5a7901ce161c9", "name": "Juan's Place", "confidence": 0.99497955735766175, "socials": [ "https://www.facebook.com/205699581488022" ] }, "geometry": { "type": "Point", "coordinates": [ -74.1459669, 40.7572915 ] } },
{ "type": "Feature", "properties": { "id": "08f2a1044910d2c5032a6c6d03f723f8", "name": "Domino's Pizza", "confidence": 0.99497955735766175, "socials": [ "https://www.facebook.com/448477998929474" ] }, "geometry": { "type": "Point", "coordinates": [ -74.1656533, 40.7753401 ] } },
{ "type": "Feature", "properties": { "id": "08f2a107326e8da90321b0d702b129df", "name": "Peter's Pizzeria", "confidence": 0.99497955735766175, "socials": [ "https://www.facebook.com/122095521134494" ] }, "geometry": { "type": "Point", "coordinates": [ -74.1475212, 40.766373 ] } },
{ "type": "Feature", "properties": { "id": "08f2a107322b5d99038016e37e70f499", "name": "Peppino's Pizza and Pasta", "confidence": 0.98582594999015549, "socials": [ "https://www.facebook.com/203804803081997" ] }, "geometry": { "type": "Point", "coordinates": [ -74.1403347, 40.7682098 ] } },
{ "type": "Feature", "properties": { "id": "08f2a1073240975403259fcf1db3b086", "name": "Peppino's Pizza & Restaurant", "confidence": 0.77, "socials": null }, "geometry": { "type": "Point", "coordinates": [ -74.148993, 40.775531 ] } },
{ "type": "Feature", "properties": { "id": "08f2a1073280ba6903aa7444cab76725", "name": "Arlington Pizza", "confidence": 0.97817198851157294, "socials": [ "https://www.facebook.com/101586483240948" ] }, "geometry": { "type": "Point", "coordinates": [ -74.1301292, 40.7786223 ] } },
{ "type": "Feature", "properties": { "id": "08f2a1070144d2d603bd40bc08d15f1b", "name": "Ocean Pizza & Halal Fried Chicken", "confidence": 0.98582594999015549, "socials": [ "https://www.facebook.com/794710344041676" ] }, "geometry": { "type": "Point", "coordinates": [ -74.0833209, 40.7009192 ] } },
{ "type": "Feature", "properties": { "id": "08f2a10701094b580392be1da02326d1", "name": "Brothers 2", "confidence": 0.35051546391752575, "socials": [ "https://www.facebook.com/159239984099407" ] }, "geometry": { "type": "Point", "coordinates": [ -74.081344, 40.703115 ] } },
{ "type": "Feature", "properties": { "id": "08f2a107010b090b03347c6ab34c54e3", "name": "Space Pizza", "confidence": 0.97817198851157294, "socials": [ "https://www.facebook.com/102278234857915" ] }, "geometry": { "type": "Point", "coordinates": [ -74.0800371, 40.7039254 ] } },
{ "type": "Feature", "properties": { "id": "08f2a10700214260039e986b925feadc", "name": "Domino's Pizza", "confidence": 0.99497955735766175, "socials": [ "https://www.facebook.com/105277692628661" ] }, "geometry": { "type": "Point", "coordinates": [ -74.090712, 40.7130228 ] } },
{ "type": "Feature", "properties": { "id": "08f2a10700232b6d03019b570d952f4e", "name": "Georgio's Pizzeria", "confidence": 0.99497955735766175, "socials": [ "https://www.facebook.com/141722359225909" ] }, "geometry": { "type": "Point", "coordinates": [ -74.0895451, 40.7137854 ] } },
{ "type": "Feature", "properties": { "id": "08f2a10701d15a5b03ee215eaa3da2e1", "name": "Life Of Pie", "confidence": 0.77, "socials": null }, "geometry": { "type": "Point", "coordinates": [ -74.0769411, 40.7133088 ] } },
{ "type": "Feature", "properties": { "id": "08f2a107056982b203c5effb981bb89c", "name": "Sloppy Joe's Pizza", "confidence": 0.87645687645687642, "socials": [ "https://www.facebook.com/315194095286655" ] }, "geometry": { "type": "Point", "coordinates": [ -74.0753952, 40.7148254 ] } },
{ "type": "Feature", "properties": { "id": "08f2a10700305cc603131643e63ca62a", "name": "St. Mark's Pizzeria & Deli Inc.", "confidence": 0.47268106734434556, "socials": [ "https://www.facebook.com/109637550430677" ] }, "geometry": { "type": "Point", "coordinates": [ -74.08653, 40.71555 ] } },
{ "type": "Feature", "properties": { "id": "08f2a10700320681034effad69addc0a", "name": "St. Mark's Pizzeria & Deli", "confidence": 0.77, "socials": null }, "geometry": { "type": "Point", "coordinates": [ -74.086098155892145, 40.71608423429273 ] } },
{ "type": "Feature", "properties": { "id": "08f2a10700aaeb8b03452eeb856607e7", "name": "Romano's Pizza", "confidence": 0.99497955735766175, "socials": [ "https://www.facebook.com/518998074808843" ] }, "geometry": { "type": "Point", "coordinates": [ -74.0836298, 40.7182043 ] } },
{ "type": "Feature", "properties": { "id": "08f2a10700a2b40003805b506aba7f1e", "name": "Loradella's Family Pizzeria", "confidence": 0.35051546391752575, "socials": [ "https://www.facebook.com/1508002822863204" ] }, "geometry": { "type": "Point", "coordinates": [ -74.079705, 40.717565 ] } },
{ "type": "Feature", "properties": { "id": "08f2a10700a21226030900fe44033a11", "name": "Valentino Pizzeria", "confidence": 0.9795387149917627, "socials": [ "https://www.facebook.com/100322339759035" ] }, "geometry": { "type": "Point", "coordinates": [ -74.0792447, 40.7183246 ] } },
{ "type": "Feature", "properties": { "id": "08f2a10700b0a28e0307de367e6cb37e", "name": "Domino's Pizza", "confidence": 0.99497955735766175, "socials": [ "https://www.facebook.com/208856509264859" ] }, "geometry": { "type": "Point", "coordinates": [ -74.0789031, 40.7198167 ] } },
{ "type": "Feature", "properties": { "id": "08f2a1070578016003695854cfe14b10", "name": "Pizza Plus", "confidence": 0.77, "socials": null }, "geometry": { "type": "Point", "coordinates": [ -74.0720767, 40.7184944 ] } },
{ "type": "Feature", "properties": { "id": "08f2a107054597ad03867f6ed304e8e1", "name": "Jersey Fried Chicken & Pizza", "confidence": 0.77, "socials": null }, "geometry": { "type": "Point", "coordinates": [ -74.0712047, 40.7199552 ] } },
{ "type": "Feature", "properties": { "id": "08f2a107054b67a40326e9a98468e8e6", "name": "Pompei Pizza", "confidence": 0.99497955735766175, "socials": [ "https://www.facebook.com/129342723601515" ] }, "geometry": { "type": "Point", "coordinates": [ -74.0776052, 40.725144 ] } },
{ "type": "Feature", "properties": { "id": "08f2a10700968559030ecb324a80e2fd", "name": "Talis Take & Bake", "confidence": 0.31588785046728973, "socials": [ "https://www.facebook.com/100770108509199" ] }, "geometry": { "type": "Point", "coordinates": [ -74.07754, 40.72591 ] } },
{ "type": "Feature", "properties": { "id": "08f2a1070555631203efc3921fcd4441", "name": "Century One Pizza", "confidence": 0.77, "socials": null }, "geometry": { "type": "Point", "coordinates": [ -74.070026, 40.72451 ] } },
{ "type": "Feature", "properties": { "id": "08f2a10705593776034253910b4b4612", "name": "Little Italy Pizzeria & Deli", "confidence": 0.98296875, "socials": [ "https://www.facebook.com/1941465202736024" ] }, "geometry": { "type": "Point", "coordinates": [ -74.0767268, 40.7263512 ] } },
{ "type": "Feature", "properties": { "id": "08f2a1070562dc33036cb9781430763e", "name": "Papa John's Pizza", "confidence": 0.99497955735766175, "socials": [ "https://www.facebook.com/198198113533500" ] }, "geometry": { "type": "Point", "coordinates": [ -74.0678411, 40.7156847 ] } },
{ "type": "Feature", "properties": { "id": "08f2a10705084ca803db6072636e8339", "name": "Paparazzi Italiano", "confidence": 0.77, "socials": null }, "geometry": { "type": "Point", "coordinates": [ -74.0657055, 40.7218265 ] } },
{ "type": "Feature", "properties": { "id": "08f2a10705cda6f4035948909aa0127b", "name": "Prince of Pizza", "confidence": 0.99497955735766175, "socials": [ "https://www.facebook.com/117535231598076" ] }, "geometry": { "type": "Point", "coordinates": [ -74.0680012, 40.7255926 ] } },
{ "type": "Feature", "properties": { "id": "08f2a10705a0d4ce03f071035468cd9e", "name": "Gabriella's Pizza", "confidence": 0.47268106734434556, "socials": [ "https://www.facebook.com/2022445871328206" ] }, "geometry": { "type": "Point", "coordinates": [ -74.0501301, 40.7179415 ] } },
{ "type": "Feature", "properties": { "id": "08f2a10705c141b003f80f22a185bbb5", "name": "Mister Gusto Restaurant", "confidence": 0.98582594999015549, "socials": [ "https://www.facebook.com/116093628419114" ] }, "geometry": { "type": "Point", "coordinates": [ -74.0653436, 40.7300532 ] } },
{ "type": "Feature", "properties": { "id": "08f2a10705c14d7503e3cd557cd38223", "name": "Krispy Krunchy Chicken", "confidence": 0.97817198851157294, "socials": [ "https://www.facebook.com/103765404434677" ] }, "geometry": { "type": "Point", "coordinates": [ -74.0653372, 40.7301576 ] } },
{ "type": "Feature", "properties": { "id": "08f2a10705daab0303587d3937e95b15", "name": "3 Guys from Italy", "confidence": 0.99497955735766175, "socials": [ "https://www.facebook.com/109928455148214" ] }, "geometry": { "type": "Point", "coordinates": [ -74.0651619, 40.7315676 ] } },
{ "type": "Feature", "properties": { "id": "08f2a10705c0d24003dbeafd6cf3fac8", "name": "Salerno Pizza", "confidence": 0.31588785046728973, "socials": [ "https://www.facebook.com/1576023996044974" ] }, "geometry": { "type": "Point", "coordinates": [ -74.063018, 40.727954 ] } },
{ "type": "Feature", "properties": { "id": "08f2a10705c2d68e031df974177a8218", "name": "Santa Maria's Brick Oven Pizza", "confidence": 0.99497955735766175, "socials": [ "https://www.facebook.com/1498608987029962" ] }, "geometry": { "type": "Point", "coordinates": [ -74.0623051, 40.728866 ] } },
{ "type": "Feature", "properties": { "id": "08f2a10705d0aadd03e1e3e1fb4d7df2", "name": "Kulchay", "confidence": 0.99497955735766175, "socials": [ "https://www.facebook.com/101371178211937" ] }, "geometry": { "type": "Point", "coordinates": [ -74.0621372, 40.7306275 ] } },
{ "type": "Feature", "properties": { "id": "08f2a10704a0a00203a078db8e1083b8", "name": "Singas Famous Pizza", "confidence": 0.99497955735766175, "socials": [ "https://www.facebook.com/301651029689537" ] }, "geometry": { "type": "Point", "coordinates": [ -74.066768, 40.7359701 ] } },
{ "type": "Feature", "properties": { "id": "08f2a10704a4d65b03d435223b1f8815", "name": "Pizza Twist", "confidence": 0.98582594999015549, "socials": [ "https://www.facebook.com/100732698579775" ] }, "geometry": { "type": "Point", "coordinates": [ -74.0632726, 40.7333075 ] } },
{ "type": "Feature", "properties": { "id": "08f2a107236aa6710359914d0dce8f1e", "name": "Lievito Pizza", "confidence": 0.99497955735766175, "socials": [ "https://www.facebook.com/100592448197501" ] }, "geometry": { "type": "Point", "coordinates": [ -74.0592871, 40.7341798 ] } },
{ "type": "Feature", "properties": { "id": "08f2a107059b07ad033eabeb15f1fb57", "name": "Larry & Joe's Pizzeria", "confidence": 0.97817198851157294, "socials": [ "https://www.facebook.com/113523018682565" ] }, "geometry": { "type": "Point", "coordinates": [ -74.0559404, 40.7306295 ] } },
{ "type": "Feature", "properties": { "id": "08f2a10705958d5e0331a957b5d4a0d7", "name": "Delenio", "confidence": 0.77, "socials": null }, "geometry": { "type": "Point", "coordinates": [ -74.05019, 40.72641 ] } },
{ "type": "Feature", "properties": { "id": "08f2a10705955cca039d1310113e7771", "name": "Carmine's Pizza Factory", "confidence": 0.99497955735766175, "socials": [ "https://www.facebook.com/288644934507187" ] }, "geometry": { "type": "Point", "coordinates": [ -74.0500622, 40.7274295 ] } },
{ "type": "Feature", "properties": { "id": "08f2a107236f635203a081d56f80654b", "name": "Domino's Pizza", "confidence": 0.99497955735766175, "socials": [ "https://www.facebook.com/523690671012447" ] }, "geometry": { "type": "Point", "coordinates": [ -74.05832, 40.7334759 ] } },
{ "type": "Feature", "properties": { "id": "08f2a10723729a650361e0ee1ba79ce4", "name": "Baldwin Pizzeria", "confidence": 0.89393695014662755, "socials": null }, "geometry": { "type": "Point", "coordinates": [ -74.0515516, 40.7367001 ] } },
{ "type": "Feature", "properties": { "id": "08f2a1072e653424031c02d3418853be", "name": "Tino's Artisan Pizza Co.", "confidence": 0.99497955735766175, "socials": [ "https://www.facebook.com/108888074588134" ] }, "geometry": { "type": "Point", "coordinates": [ -74.0397364, 40.7141695 ] } },
{ "type": "Feature", "properties": { "id": "08f2a1072e64427203aa3910a58b1382", "name": "John's Pizzeria", "confidence": 0.77, "socials": null }, "geometry": { "type": "Point", "coordinates": [ -74.0374268, 40.7143318 ] } },
{ "type": "Feature", "properties": { "id": "08f2a1072e29aa0b034770728a6274a8", "name": "Krispy Pizza", "confidence": 0.99497955735766175, "socials": [ "https://www.facebook.com/339176862909657" ] }, "geometry": { "type": "Point", "coordinates": [ -74.0350335, 40.7134341 ] } },
{ "type": "Feature", "properties": { "id": "08f2a1072806e17103dafb329b874404", "name": "Pizza Plus", "confidence": 0.99497955735766175, "socials": [ "https://www.facebook.com/931684876883609" ] }, "geometry": { "type": "Point", "coordinates": [ -74.0127999, 40.7012756 ] } },
{ "type": "Feature", "properties": { "id": "08f2a10728173ad903b590253b2e0606", "name": "Georgio's Pizzeria", "confidence": 0.71069587628865982, "socials": [ "https://www.facebook.com/228835853817029" ] }, "geometry": { "type": "Point", "coordinates": [ -74.0116587, 40.7042412 ] } },
{ "type": "Feature", "properties": { "id": "08f2a1072814d99e03607575e2daf7eb", "name": "Pranzo Pizza & Pasta", "confidence": 0.99497955735766175, "socials": [ "https://www.facebook.com/154583404734883" ] }, "geometry": { "type": "Point", "coordinates": [ -74.01069, 40.70331 ] } },
{ "type": "Feature", "properties": { "id": "08f2a1072816940203ef731871d4b572", "name": "DaVinci Pizzeria and Restaurant", "confidence": 0.98582594999015549, "socials": [ "https://www.facebook.com/206678303443148" ] }, "geometry": { "type": "Point", "coordinates": [ -74.0100191, 40.7035577 ] } },
{ "type": "Feature", "properties": { "id": "08f2a107281684e5031dcedb43939c15", "name": "Pizza Pizza NYC", "confidence": 0.21337126600284495, "socials": [ "https://www.facebook.com/118544108174872" ] }, "geometry": { "type": "Point", "coordinates": [ -74.01042, 40.70396 ] } },
{ "type": "Feature", "properties": { "id": "08f2a107281685990370c38ef33a690e", "name": "Justino's Pizza", "confidence": 0.97817198851157294, "socials": [ "https://www.facebook.com/278197282227810" ] }, "geometry": { "type": "Point", "coordinates": [ -74.0104237, 40.7039854 ] } },
{ "type": "Feature", "properties": { "id": "08f2a1072816c71403cea7d64fbdfe22", "name": "Adrienne's Pizzabar", "confidence": 0.99497955735766175, "socials": [ "https://www.facebook.com/281047605441" ] }, "geometry": { "type": "Point", "coordinates": [ -74.0100561, 40.7042491 ] } },
{ "type": "Feature", "properties": { "id": "08f2a1072816cae603124c984d105525", "name": "Pizza Gang", "confidence": 0.93837369560937189, "socials": [ "https://www.facebook.com/103269642384593" ] }, "geometry": { "type": "Point", "coordinates": [ -74.0097061, 40.7042505 ] } },
{ "type": "Feature", "properties": { "id": "08f2a10728c702b403da1a9476e8402c", "name": "Picasso Pizza", "confidence": 0.77, "socials": null }, "geometry": { "type": "Point", "coordinates": [ -74.016605, 40.710436 ] } },
{ "type": "Feature", "properties": { "id": "08f2a10728c702b503743994da427096", "name": "Picasso Pizzeria", "confidence": 0.77, "socials": null }, "geometry": { "type": "Point", "coordinates": [ -74.016602, 40.710435 ] } },
{ "type": "Feature", "properties": { "id": "08f2a1072817327203b045853192908a", "name": "Pizza Etalia", "confidence": 0.99497955735766175, "socials": [ "https://www.facebook.com/109750851970691" ] }, "geometry": { "type": "Point", "coordinates": [ -74.0122854, 40.704957 ] } },
{ "type": "Feature", "properties": { "id": "08f2a1072817638503b45c5ab10bf8d0", "name": "The Grotto Pizzeria", "confidence": 0.99497955735766175, "socials": [ "https://www.facebook.com/306267246153696" ] }, "geometry": { "type": "Point", "coordinates": [ -74.0124851, 40.7054142 ] } },
{ "type": "Feature", "properties": { "id": "08f2a107281018040302cd290933b332", "name": "Bravo", "confidence": 0.99497955735766175, "socials": [ "https://www.facebook.com/1548342542071179" ] }, "geometry": { "type": "Point", "coordinates": [ -74.013578, 40.7066846 ] } },
{ "type": "Feature", "properties": { "id": "08f2a10728b92db303ef73a16245a3c1", "name": "Underground Pizza", "confidence": 0.99497955735766175, "socials": [ "https://www.facebook.com/257039574412281" ] }, "geometry": { "type": "Point", "coordinates": [ -74.0097757, 40.7049302 ] } },
{ "type": "Feature", "properties": { "id": "08f2a107281654c103e39a5f83c302bb", "name": "The Tomato Pie", "confidence": 0.53885630498533721, "socials": [ "https://www.facebook.com/1411063788913070" ] }, "geometry": { "type": "Point", "coordinates": [ -74.010193, 40.705077 ] } },
{ "type": "Feature", "properties": { "id": "08f2a107288cac8e03a5e84a786ed2bb", "name": "Cucina Bene Pizza", "confidence": 0.99497955735766175, "socials": [ "https://www.facebook.com/117295321629729" ] }, "geometry": { "type": "Point", "coordinates": [ -74.0101201, 40.7059443 ] } },
{ "type": "Feature", "properties": { "id": "08f2a107288c0383031861b8e952f6d0", "name": "Neapolitan Express", "confidence": 0.92595108695652173, "socials": [ "https://www.facebook.com/998913820153487" ] }, "geometry": { "type": "Point", "coordinates": [ -74.0096589, 40.706699 ] } },
{ "type": "Feature", "properties": { "id": "08f2a107281342690300b71b9d8f85ea", "name": "Siena Pizza", "confidence": 0.99497955735766175, "socials": [ "https://www.facebook.com/106080764614385" ] }, "geometry": { "type": "Point", "coordinates": [ -74.0139165, 40.7081204 ] } },
{ "type": "Feature", "properties": { "id": "08f2a10728135c9e03a61bd5684f0f9f", "name": "Pomodoro Pizza", "confidence": 0.77, "socials": null }, "geometry": { "type": "Point", "coordinates": [ -74.01388, 40.708155 ] } },
{ "type": "Feature", "properties": { "id": "08f2a1072889e4e3031d56a8e3b7d8dc", "name": "Freddy's Fazbear Pizza", "confidence": 0.71069587628865982, "socials": [ "https://www.facebook.com/1656723384575449" ] }, "geometry": { "type": "Point", "coordinates": [ -74.0137024, 40.7091484 ] } },
{ "type": "Feature", "properties": { "id": "08f2a107288862ce0390afd95e5a88c8", "name": "Pronto Pizza", "confidence": 0.99497955735766175, "socials": [ "https://www.facebook.com/120431411301334" ] }, "geometry": { "type": "Point", "coordinates": [ -74.0122301, 40.7096946 ] } },
{ "type": "Feature", "properties": { "id": "08f2a1072888958e036596e8bf436b9d", "name": "Mangia l'acqua e bevi la pizza.", "confidence": 0.19900497512437809, "socials": [ "https://www.facebook.com/439023022874896" ] }, "geometry": { "type": "Point", "coordinates": [ -74.01154, 40.70816 ] } },
{ "type": "Feature", "properties": { "id": "08f2a107288824c5031c0db9f01e7557", "name": "Hank's Pizza", "confidence": 0.87645687645687642, "socials": [ "https://www.facebook.com/135842643170852" ] }, "geometry": { "type": "Point", "coordinates": [ -74.0119732, 40.7094357 ] } },
{ "type": "Feature", "properties": { "id": "08f2a10728813cc603d3ea5eccc6dfe5", "name": "Pronto Pizza & Empanadas", "confidence": 0.77, "socials": null }, "geometry": { "type": "Point", "coordinates": [ -74.0095994, 40.7097238 ] } },
{ "type": "Feature", "properties": { "id": "08f2a107288cdaea036e146181ca7140", "name": "&pizza - Wall Street", "confidence": 0.99497955735766175, "socials": [ "https://www.facebook.com/1039134709809746" ] }, "geometry": { "type": "Point", "coordinates": [ -74.0086931, 40.7057368 ] } },
{ "type": "Feature", "properties": { "id": "08f2a107288ed6c603d36d6a2718bd6a", "name": "Artichoke Pizza", "confidence": 0.77, "socials": null }, "geometry": { "type": "Point", "coordinates": [ -74.0077715, 40.7065047 ] } },
{ "type": "Feature", "properties": { "id": "08f2a107288ed6c603112f9a86323149", "name": "Flatbread Pizza", "confidence": 0.77, "socials": null }, "geometry": { "type": "Point", "coordinates": [ -74.0077715, 40.7065047 ] } },
{ "type": "Feature", "properties": { "id": "08f2a1072886aa0e0385c8cf4d6a81ca", "name": "X Pizza", "confidence": 0.77, "socials": null }, "geometry": { "type": "Point", "coordinates": [ -74.0042822, 40.7066828 ] } },
{ "type": "Feature", "properties": { "id": "08f2a1072885290c037ab37928f35d31", "name": "Traditas Pizza", "confidence": 0.99497955735766175, "socials": [ "https://www.facebook.com/102664249136322" ] }, "geometry": { "type": "Point", "coordinates": [ -74.0075573, 40.7074711 ] } },
{ "type": "Feature", "properties": { "id": "08f2a1072885294e03b3f0696b9889e9", "name": "Famous Famiglia Pizza", "confidence": 0.77, "socials": null }, "geometry": { "type": "Point", "coordinates": [ -74.007432, 40.70744 ] } },
{ "type": "Feature", "properties": { "id": "08f2a1072881eb66035defd6bf881828", "name": "Friendly Gourmet Pizza", "confidence": 0.99497955735766175, "socials": [ "https://www.facebook.com/113115705377990" ] }, "geometry": { "type": "Point", "coordinates": [ -74.0088129, 40.7092108 ] } },
{ "type": "Feature", "properties": { "id": "08f2a10728802316035cff836e87b8e9", "name": "2 Bros Pizza", "confidence": 0.77, "socials": null }, "geometry": { "type": "Point", "coordinates": [ -74.008227, 40.7095755 ] } },
{ "type": "Feature", "properties": { "id": "08f2a1072886678203f61328166056d1", "name": "Little Italy Pizzeria and Deli", "confidence": 0.99497955735766175, "socials": [ "https://www.facebook.com/112009630509002" ] }, "geometry": { "type": "Point", "coordinates": [ -74.0047409, 40.7082285 ] } },
{ "type": "Feature", "properties": { "id": "08f2a1072887481603b1fe89ce09d8aa", "name": "Justino's Pizza", "confidence": 0.98113699906803353, "socials": [ "https://www.facebook.com/1677811879011267" ] }, "geometry": { "type": "Point", "coordinates": [ -74.0052608, 40.7087997 ] } },
{ "type": "Feature", "properties": { "id": "08f2a1072895e20103337f635471b479", "name": "Kesté Pizza e Vino", "confidence": 0.97817198851157294, "socials": [ "https://www.facebook.com/102506992131579" ] }, "geometry": { "type": "Point", "coordinates": [ -74.0050264, 40.709161 ] } },
{ "type": "Feature", "properties": { "id": "08f2a107288b101c0352686b6d02a608", "name": "Rossopomodoro", "confidence": 0.71069587628865982, "socials": [ "https://www.facebook.com/704500643253722" ] }, "geometry": { "type": "Point", "coordinates": [ -74.011992, 40.710308 ] } },
{ "type": "Feature", "properties": { "id": "08f2a107288a18f603a9a565e2c1d59d", "name": "Majestic Pizza", "confidence": 0.98113699906803353, "socials": [ "https://www.facebook.com/329901767063821" ] }, "geometry": { "type": "Point", "coordinates": [ -74.0103463, 40.7100366 ] } },
{ "type": "Feature", "properties": { "id": "08f2a10728981d86031444471c8f6ac9", "name": "Stage Door Pizzeria", "confidence": 0.99497955735766175, "socials": [ "https://www.facebook.com/105076705208489" ] }, "geometry": { "type": "Point", "coordinates": [ -74.0097537, 40.712049 ] } },
{ "type": "Feature", "properties": { "id": "08f2a10728d21ab6034f2deb5df5de6d", "name": "Harry's Italian", "confidence": 0.99497955735766175, "socials": [ "https://www.facebook.com/1834049800178490" ] }, "geometry": { "type": "Point", "coordinates": [ -74.014724, 40.7152408 ] } },
{ "type": "Feature", "properties": { "id": "08f2a1072880448903153a6eb17773b6", "name": "Joe's Pizza", "confidence": 0.99497955735766175, "socials": [ "https://www.facebook.com/294416613988966" ] }, "geometry": { "type": "Point", "coordinates": [ -74.0076746, 40.7101273 ] } },
{ "type": "Feature", "properties": { "id": "08f2a107288314f0037c564306166bf8", "name": "Pronto Pizza", "confidence": 0.77, "socials": null }, "geometry": { "type": "Point", "coordinates": [ -74.007978, 40.71045 ] } },
{ "type": "Feature", "properties": { "id": "08f2a107289520d0031c92d791ba9fa2", "name": "Rosella's Pizzeria", "confidence": 0.98582594999015549, "socials": [ "https://www.facebook.com/161048190586462" ] }, "geometry": { "type": "Point", "coordinates": [ -74.00573, 40.71017 ] } },
{ "type": "Feature", "properties": { "id": "08f2a107289a542b0327b69568bf9a5a", "name": "Little Italy Pizza", "confidence": 0.99497955735766175, "socials": [ "https://www.facebook.com/168251193196872" ] }, "geometry": { "type": "Point", "coordinates": [ -74.0083232, 40.7130147 ] } },
{ "type": "Feature", "properties": { "id": "08f2a1072c64062b03e97cded83cca07", "name": "Little Italy Pizza", "confidence": 0.77, "socials": null }, "geometry": { "type": "Point", "coordinates": [ -74.0080295, 40.7148294 ] } },
{ "type": "Feature", "properties": { "id": "08f2a1072c640c6903ac0e10edf68ce3", "name": "Dona Bella Pizza", "confidence": 0.71069587628865982, "socials": [ "https://www.facebook.com/156070427760993" ] }, "geometry": { "type": "Point", "coordinates": [ -74.0079601, 40.7151522 ] } },
{ "type": "Feature", "properties": { "id": "08f2a1072e6b540c035e4d3b3752a5c9", "name": "Razza", "confidence": 0.99497955735766175, "socials": [ "https://www.facebook.com/141511045989928" ] }, "geometry": { "type": "Point", "coordinates": [ -74.04415, 40.7177354 ] } },
{ "type": "Feature", "properties": { "id": "08f2a10705b748030357c82b4a4efa16", "name": "Buon Appetito", "confidence": 0.99497955735766175, "socials": [ "https://www.facebook.com/457042361060750" ] }, "geometry": { "type": "Point", "coordinates": [ -74.0464587, 40.7207262 ] } },
{ "type": "Feature", "properties": { "id": "08f2a1072e79c5950321e957cb904727", "name": "Jimmy's Brooklyn Pizza & Deli", "confidence": 0.99497955735766175, "socials": [ "https://www.facebook.com/104542184768684" ] }, "geometry": { "type": "Point", "coordinates": [ -74.0433968, 40.7189806 ] } },
{ "type": "Feature", "properties": { "id": "08f2a1072e7918d503de8c62ecd84102", "name": "Stella's 24 Hour Eatery", "confidence": 0.9961633011413521, "socials": [ "https://www.facebook.com/109820423981151" ] }, "geometry": { "type": "Point", "coordinates": [ -74.0432717, 40.719301 ] } },
{ "type": "Feature", "properties": { "id": "08f2a1072e7b3b2b030e52ace407ede0", "name": "Basile's Pizza", "confidence": 0.77, "socials": null }, "geometry": { "type": "Point", "coordinates": [ -74.0426348, 40.7200335 ] } },
{ "type": "Feature", "properties": { "id": "08f2a1072e4c934c03ec75a303aed504", "name": "Porta Jersey City", "confidence": 0.97817198851157294, "socials": [ "https://www.facebook.com/957035710991515" ] }, "geometry": { "type": "Point", "coordinates": [ -74.043643, 40.720277 ] } },
{ "type": "Feature", "properties": { "id": "08f2a1072e794da903349b0421d8aa9b", "name": "Two Boots Pizza", "confidence": 0.99497955735766175, "socials": [ "https://www.facebook.com/391432804271053" ] }, "geometry": { "type": "Point", "coordinates": [ -74.043552, 40.7202481 ] } },
{ "type": "Feature", "properties": { "id": "08f2a1072e7b0c1403ab1622a88ebf84", "name": "Alex's", "confidence": 0.84265420560747661, "socials": null }, "geometry": { "type": "Point", "coordinates": [ -74.042704, 40.720603 ] } },
{ "type": "Feature", "properties": { "id": "08f2a1072e7b0c14037235530ac20ee2", "name": "Roma Restaurant", "confidence": 0.77, "socials": null }, "geometry": { "type": "Point", "coordinates": [ -74.042704, 40.720603 ] } },
{ "type": "Feature", "properties": { "id": "08f2a1072e62ac210300e920c34fa236", "name": "Lisbon Pizza", "confidence": 0.29137199434229144, "socials": [ "https://www.facebook.com/624889747599422" ] }, "geometry": { "type": "Point", "coordinates": [ -74.0390591, 40.7165259 ] } },
{ "type": "Feature", "properties": { "id": "08f2a1072e62e6eb0301bf6e56adb49e", "name": "Pizzeria Las Americas", "confidence": 0.99497955735766175, "socials": [ "https://www.facebook.com/935288913278139" ] }, "geometry": { "type": "Point", "coordinates": [ -74.0390686, 40.7165876 ] } },
{ "type": "Feature", "properties": { "id": "08f2a1072e733cf503b793b048d156e9", "name": "Pizza Twist", "confidence": 0.93837369560937189, "socials": [ "https://www.facebook.com/269998692854600" ] }, "geometry": { "type": "Point", "coordinates": [ -74.0385458, 40.7204852 ] } },
{ "type": "Feature", "properties": { "id": "08f2a10705b2c50003a0de392946b234", "name": "Domino's Pizza", "confidence": 0.99497955735766175, "socials": [ "https://www.facebook.com/1045494078870063" ] }, "geometry": { "type": "Point", "coordinates": [ -74.047169, 40.7220084 ] } },
{ "type": "Feature", "properties": { "id": "08f2a1072e4de2f303277a5bb56aec17", "name": "Rigatony's", "confidence": 0.77, "socials": null }, "geometry": { "type": "Point", "coordinates": [ -74.046042, 40.721264 ] } },
{ "type": "Feature", "properties": { "id": "08f2a1072e4d88ad03125cdee97a8b08", "name": "Helen's Pizza", "confidence": 0.98331870061457416, "socials": [ "https://www.facebook.com/118344754844969" ] }, "geometry": { "type": "Point", "coordinates": [ -74.0457551, 40.7213355 ] } },
{ "type": "Feature", "properties": { "id": "08f2a1072e4ce5a103af3eb0ab7b6973", "name": "Artichoke Basille's Pizza", "confidence": 0.99497955735766175, "socials": [ "https://www.facebook.com/102056862409559" ] }, "geometry": { "type": "Point", "coordinates": [ -74.0446406, 40.7214034 ] } },
{ "type": "Feature", "properties": { "id": "08f2a1072e4e8ad80359aea3a5a26dad", "name": "Tony Boloney's Jersey City", "confidence": 0.99497955735766175, "socials": [ "https://www.facebook.com/790964397908705" ] }, "geometry": { "type": "Point", "coordinates": [ -74.0428018, 40.7213948 ] } },
{ "type": "Feature", "properties": { "id": "08f2a1072e4a38c403ff0c5c01d65188", "name": "Rustique Pizza", "confidence": 0.99497955735766175, "socials": [ "https://www.facebook.com/218354771562146" ] }, "geometry": { "type": "Point", "coordinates": [ -74.0457799, 40.7248767 ] } },
{ "type": "Feature", "properties": { "id": "08f2a1072e74e4ac03822571ea554990", "name": "Pizza Pie La Cantina Italiana", "confidence": 0.98582594999015549, "socials": [ "https://www.facebook.com/105910661276903" ] }, "geometry": { "type": "Point", "coordinates": [ -74.0359124, 40.7161173 ] } },
{ "type": "Feature", "properties": { "id": "08f2a1072e74557003badf39be274b17", "name": "&pizza", "confidence": 0.97817198851157294, "socials": [ "https://www.facebook.com/111765843998015" ] }, "geometry": { "type": "Point", "coordinates": [ -74.0353717, 40.7167814 ] } },
{ "type": "Feature", "properties": { "id": "08f2a1072e745c8a03a414067f353983", "name": "&pizza - Jersey City", "confidence": 0.77, "socials": null }, "geometry": { "type": "Point", "coordinates": [ -74.0352933, 40.716993 ] } },
{ "type": "Feature", "properties": { "id": "08f2a1072e568315032b9b2d7c8a71eb", "name": "VB3 Pizzeria", "confidence": 0.9961633011413521, "socials": [ "https://www.facebook.com/127005810757291" ] }, "geometry": { "type": "Point", "coordinates": [ -74.036316, 40.7242567 ] } },
{ "type": "Feature", "properties": { "id": "08f2a1072e501cc503a882cce2a3db7c", "name": "Sage Eats", "confidence": 0.93837369560937189, "socials": [ "https://www.facebook.com/461642454419780" ] }, "geometry": { "type": "Point", "coordinates": [ -74.0402214, 40.7270187 ] } },
{ "type": "Feature", "properties": { "id": "08f2a1072ecdad4d03a330acda04e868", "name": "PizzaStudio", "confidence": 0.97817198851157294, "socials": [ "https://www.facebook.com/106418252086165" ] }, "geometry": { "type": "Point", "coordinates": [ -74.0383449, 40.72683 ] } },
{ "type": "Feature", "properties": { "id": "08f2a1072e528835030dc15f340e7087", "name": "PizzaStudio", "confidence": 0.77, "socials": null }, "geometry": { "type": "Point", "coordinates": [ -74.0387495, 40.7270804 ] } },
{ "type": "Feature", "properties": { "id": "08f2a1072ed91016031e143458ec995b", "name": "Papa John's Pizza", "confidence": 0.99497955735766175, "socials": [ "https://www.facebook.com/190098861029397" ] }, "geometry": { "type": "Point", "coordinates": [ -74.0378072, 40.7326597 ] } },
{ "type": "Feature", "properties": { "id": "08f2a10723a1a68103e2c94e61e2b09e", "name": "Domino's Pizza", "confidence": 0.99497955735766175, "socials": [ "https://www.facebook.com/187191724776526" ] }, "geometry": { "type": "Point", "coordinates": [ -74.0385764, 40.7370294 ] } },
{ "type": "Feature", "properties": { "id": "08f2a1072ec061820318f2ebc4bebaae", "name": "Bertucci's Italian Restaurant", "confidence": 0.77, "socials": null }, "geometry": { "type": "Point", "coordinates": [ -74.03454, 40.73052 ] } },
{ "type": "Feature", "properties": { "id": "08f2a1072ed504d203c3baf01ce8cf7f", "name": "Loradella's Family Pizzeria", "confidence": 0.99497955735766175, "socials": [ "https://www.facebook.com/728620677228469" ] }, "geometry": { "type": "Point", "coordinates": [ -74.031798, 40.7305614 ] } },
{ "type": "Feature", "properties": { "id": "08f2a1072ed85c8d0326b2359b71108a", "name": "Pizza Hut Express", "confidence": 0.99497955735766175, "socials": [ "https://www.facebook.com/160712267798554" ] }, "geometry": { "type": "Point", "coordinates": [ -74.0358475, 40.7324665 ] } },
{ "type": "Feature", "properties": { "id": "08f2a107216b608e032ea4a0c1d6e434", "name": "Basile's Pizza", "confidence": 0.99497955735766175, "socials": [ "https://www.facebook.com/227115914150565" ] }, "geometry": { "type": "Point", "coordinates": [ -74.0308799, 40.7369454 ] } },
{ "type": "Feature", "properties": { "id": "08f2a1072179a6530347ad56332681a4", "name": "Artichoke Basille's Pizza", "confidence": 0.99497955735766175, "socials": [ "https://www.facebook.com/909677722698418" ] }, "geometry": { "type": "Point", "coordinates": [ -74.0299283, 40.7372298 ] } },
{ "type": "Feature", "properties": { "id": "08f2a1072179a3980376ce0816d143e9", "name": "Marisa's Pizza", "confidence": 0.77, "socials": null }, "geometry": { "type": "Point", "coordinates": [ -74.02988, 40.73727 ] } },
{ "type": "Feature", "properties": { "id": "08f2a107216a980b03f3489d8ade3115", "name": "Sbarro", "confidence": 0.77, "socials": null }, "geometry": { "type": "Point", "coordinates": [ -74.028062, 40.734878 ] } },
{ "type": "Feature", "properties": { "id": "08f2a1072c6e2005034efdff0d2b7f8a", "name": "Tribeca Pizza", "confidence": 0.97158508158508161, "socials": [ "https://www.facebook.com/705364426526018" ] }, "geometry": { "type": "Point", "coordinates": [ -74.0119843, 40.7157823 ] } },
{ "type": "Feature", "properties": { "id": "08f2a1072c656da203d08ff679ca837d", "name": "Ray's Pizza", "confidence": 0.47268106734434556, "socials": [ "https://www.facebook.com/120532494630135" ] }, "geometry": { "type": "Point", "coordinates": [ -74.0098321, 40.7158915 ] } },
{ "type": "Feature", "properties": { "id": "08f2a1072c60b054032ab8ca8af4b999", "name": "iPizza NY", "confidence": 0.77, "socials": null }, "geometry": { "type": "Point", "coordinates": [ -74.0096945, 40.7159783 ] } },
{ "type": "Feature", "properties": { "id": "08f2a1072c60979803da1b26aa4df393", "name": "Cafe Amore's Restaurant", "confidence": 0.77, "socials": null }, "geometry": { "type": "Point", "coordinates": [ -74.0096945, 40.7159783 ] } },
{ "type": "Feature", "properties": { "id": "08f2a1072c654a28038852b8fbec11d1", "name": "Serafina Tribeca", "confidence": 0.77, "socials": null }, "geometry": { "type": "Point", "coordinates": [ -74.00887854, 40.71562849 ] } },
{ "type": "Feature", "properties": { "id": "08f2a1072c6606960389571ba0979b92", "name": "Domino's Pizza", "confidence": 0.99497955735766175, "socials": [ "https://www.facebook.com/678313572182706" ] }, "geometry": { "type": "Point", "coordinates": [ -74.0072341, 40.7156677 ] } },
{ "type": "Feature", "properties": { "id": "08f2a1072c70a66a03ce7beee288876a", "name": "Artichoke Basille's Pizza: Hoboken", "confidence": 0.77, "socials": null }, "geometry": { "type": "Point", "coordinates": [ -74.0084577, 40.718927 ] } },
{ "type": "Feature", "properties": { "id": "08f2a1072c715d83039ed4302095a06a", "name": "Il Mattone Tribeca", "confidence": 0.77, "socials": null }, "geometry": { "type": "Point", "coordinates": [ -74.0091255, 40.720799 ] } },
{ "type": "Feature", "properties": { "id": "08f2a1072c76055d03370b2509d8c3d8", "name": "Da Mikele", "confidence": 0.77, "socials": null }, "geometry": { "type": "Point", "coordinates": [ -74.00481, 40.71848 ] } },
{ "type": "Feature", "properties": { "id": "08f2a1072c0d00c3036ed756a2c61b4e", "name": "AOA Bar and Grill", "confidence": 0.97553503184713375, "socials": [ "https://www.facebook.com/122867824491702" ] }, "geometry": { "type": "Point", "coordinates": [ -74.0053806, 40.7206368 ] } },
{ "type": "Feature", "properties": { "id": "08f2a1072c44909003251e0195b8c798", "name": "Il Mattone", "confidence": 0.77, "socials": null }, "geometry": { "type": "Point", "coordinates": [ -74.009780883789105, 40.7213325500488 ] } },
{ "type": "Feature", "properties": { "id": "08f2a1072c0f26ec03f7d127651ad360", "name": "5 Boroughs Pizza", "confidence": 0.77, "socials": null }, "geometry": { "type": "Point", "coordinates": [ -74.00495, 40.7212937 ] } },
{ "type": "Feature", "properties": { "id": "08f2a1072c0f078c0301c3f4bc014a61", "name": "Lucia Pizza Of SoHo", "confidence": 0.97817198851157294, "socials": [ "https://www.facebook.com/230003033523553" ] }, "geometry": { "type": "Point", "coordinates": [ -74.0043779, 40.7214045 ] } },
{ "type": "Feature", "properties": { "id": "08f2a1072c0f28b6034bff0f4e04fa56", "name": "Fresh Pizza", "confidence": 0.97817198851157294, "socials": [ "https://www.facebook.com/245343716043673" ] }, "geometry": { "type": "Point", "coordinates": [ -74.0047584, 40.7215746 ] } },
{ "type": "Feature", "properties": { "id": "08f2a1072c0ab96a03c26510e7aa258b", "name": "مطعم المصري - Al-Masry Restaurant", "confidence": 0.57790927021696248, "socials": [ "https://www.facebook.com/251636101565186" ] }, "geometry": { "type": "Point", "coordinates": [ -74.00453, 40.7223217 ] } },
{ "type": "Feature", "properties": { "id": "08f2a1072c54874d031aa84003a0df15", "name": "LTD Pizza and Bar", "confidence": 0.99497955735766175, "socials": [ "https://www.facebook.com/106313732490677" ] }, "geometry": { "type": "Point", "coordinates": [ -74.0080903, 40.7242384 ] } },
{ "type": "Feature", "properties": { "id": "08f2a1072c54542503669398c31548f1", "name": "Adoro Lei", "confidence": 0.99497955735766175, "socials": [ "https://www.facebook.com/1406850876230115" ] }, "geometry": { "type": "Point", "coordinates": [ -74.0077868, 40.7255969 ] } },
{ "type": "Feature", "properties": { "id": "08f2a1072c0a545e03d2322b014c32a6", "name": "Rossetti's Pizza", "confidence": 0.77, "socials": null }, "geometry": { "type": "Point", "coordinates": [ -74.0044625, 40.7237259 ] } },
{ "type": "Feature", "properties": { "id": "08f2a1072c195c2103c24e0dc9306d2f", "name": "Stone Bridge Pizza", "confidence": 0.77, "socials": null }, "geometry": { "type": "Point", "coordinates": [ -74.004975, 40.726155 ] } },
{ "type": "Feature", "properties": { "id": "08f2a1072cceb62203446c1d48bf8bf8", "name": "Baresha Cafe", "confidence": 0.77, "socials": null }, "geometry": { "type": "Point", "coordinates": [ -74.005178, 40.727398 ] } },
{ "type": "Feature", "properties": { "id": "08f2a1072cce3941033c0962f607c3c7", "name": "Five Boys Fresh Pizza", "confidence": 0.77, "socials": null }, "geometry": { "type": "Point", "coordinates": [ -74.0051082, 40.7287297 ] } },
{ "type": "Feature", "properties": { "id": "08f2a1072cce08b203a50610c2c307ca", "name": "I Love Panzerotti", "confidence": 0.77, "socials": null }, "geometry": { "type": "Point", "coordinates": [ -74.00501, 40.72914 ] } },
{ "type": "Feature", "properties": { "id": "08f2a1072cc0a46203275909eab230b1", "name": "Spunto", "confidence": 0.99497955735766175, "socials": [ "https://www.facebook.com/115302531879886" ] }, "geometry": { "type": "Point", "coordinates": [ -74.0046309, 40.7297314 ] } },
{ "type": "Feature", "properties": { "id": "08f2a1072cc1209a0380afb89b06ae46", "name": "Daddies", "confidence": 0.97817198851157294, "socials": [ "https://www.facebook.com/110611414881230" ] }, "geometry": { "type": "Point", "coordinates": [ -74.0065902, 40.7312389 ] } },
{ "type": "Feature", "properties": { "id": "08f2a1072cc00a930373da1cce905d89", "name": "Moustache Pitza", "confidence": 0.9961633011413521, "socials": [ "https://www.facebook.com/111436443701380" ] }, "geometry": { "type": "Point", "coordinates": [ -74.0041436, 40.7308662 ] } },
{ "type": "Feature", "properties": { "id": "08f2a1072cd83b94039f9d118271e393", "name": "Rivoli Pizza II", "confidence": 0.98296875, "socials": [ "https://www.facebook.com/108143625894134" ] }, "geometry": { "type": "Point", "coordinates": [ -74.0065836, 40.7330863 ] } },
{ "type": "Feature", "properties": { "id": "08f2a1072cd8cc180310f6ef088e4197", "name": "Fornino", "confidence": 0.35051546391752575, "socials": [ "https://www.facebook.com/206539466507085" ] }, "geometry": { "type": "Point", "coordinates": [ -74.0059122, 40.7329086 ] } },
{ "type": "Feature", "properties": { "id": "08f2a1072cdaa33203e25d158ddfb1fd", "name": "Village Square Pizza", "confidence": 0.99497955735766175, "socials": [ "https://www.facebook.com/111731923976842" ] }, "geometry": { "type": "Point", "coordinates": [ -74.0055005, 40.7331199 ] } },
{ "type": "Feature", "properties": { "id": "08f2a1072cda98a0033a9bb8df291b8a", "name": "Emmetts on Grove", "confidence": 0.97817198851157294, "socials": [ "https://www.facebook.com/109633968282537" ] }, "geometry": { "type": "Point", "coordinates": [ -74.004472, 40.7328546 ] } },
{ "type": "Feature", "properties": { "id": "08f2a1072cda88f1037e3fffd1761e8a", "name": "L'Industrie Pizzeria", "confidence": 0.97817198851157294, "socials": [ "https://www.facebook.com/120947747770852" ] }, "geometry": { "type": "Point", "coordinates": [ -74.0049095, 40.7332229 ] } },
{ "type": "Feature", "properties": { "id": "08f2a1072cd1e49003057fa11f45e50f", "name": "Mama's TOO West Village", "confidence": 0.41176470588235292, "socials": [ "https://www.facebook.com/107648469108938" ] }, "geometry": { "type": "Point", "coordinates": [ -74.004044, 40.733245 ] } },
{ "type": "Feature", "properties": { "id": "08f2a1072cdb5548038e00f14f65b2bc", "name": "Wild", "confidence": 0.99497955735766175, "socials": [ "https://www.facebook.com/89138066722" ] }, "geometry": { "type": "Point", "coordinates": [ -74.0062507, 40.7346779 ] } },
{ "type": "Feature", "properties": { "id": "08f2a10721a5ad5c0307466bb16dbee5", "name": "Made in New York Pizza", "confidence": 0.9961633011413521, "socials": [ "https://www.facebook.com/103038382416518" ] }, "geometry": { "type": "Point", "coordinates": [ -74.006145, 40.7355358 ] } },
{ "type": "Feature", "properties": { "id": "08f2a107231b22820351dcf95ccda63e", "name": "Paulie's Brickhouse", "confidence": 0.9961633011413521, "socials": [ "https://www.facebook.com/445120055885811" ] }, "geometry": { "type": "Point", "coordinates": [ -74.0506966, 40.7438587 ] } },
{ "type": "Feature", "properties": { "id": "08f2a107231b666d036a0e951f0e168f", "name": "Pizza Masters JC", "confidence": 0.97817198851157294, "socials": [ "https://www.facebook.com/320819491612" ] }, "geometry": { "type": "Point", "coordinates": [ -74.0504653, 40.7442324 ] } },
{ "type": "Feature", "properties": { "id": "08f2a10723c54995034b1026a2a791a2", "name": "Papa John's Pizza", "confidence": 0.99497955735766175, "socials": [ "https://www.facebook.com/116354948440988" ] }, "geometry": { "type": "Point", "coordinates": [ -74.0488716, 40.7464954 ] } },
{ "type": "Feature", "properties": { "id": "08f2a10723c2d60403a8f3a531eb1df8", "name": "Gino's Pizzeria & Restaurant", "confidence": 0.98582594999015549, "socials": [ "https://www.facebook.com/142097045859017" ] }, "geometry": { "type": "Point", "coordinates": [ -74.0479641, 40.7477905 ] } },
{ "type": "Feature", "properties": { "id": "08f2a107223493890378030035d5369f", "name": "JERRY'S PIZZA CITY, LLC", "confidence": 0.77, "socials": null }, "geometry": { "type": "Point", "coordinates": [ -74.05569796441803, 40.749002036043883 ] } },
{ "type": "Feature", "properties": { "id": "08f2a10722349389035bd1ef18dbfacf", "name": "Pizza City", "confidence": 0.77, "socials": null }, "geometry": { "type": "Point", "coordinates": [ -74.0556926, 40.7490061 ] } },
{ "type": "Feature", "properties": { "id": "08f2a107223493a903a789625e385420", "name": "Vinnie's Pizzeria", "confidence": 0.77, "socials": null }, "geometry": { "type": "Point", "coordinates": [ -74.05567356, 40.74902096 ] } },
{ "type": "Feature", "properties": { "id": "08f2a10722ac998403aed7f90252b964", "name": "Park Avenue Pizza and Bagel", "confidence": 0.99497955735766175, "socials": [ "https://www.facebook.com/235285926345431" ] }, "geometry": { "type": "Point", "coordinates": [ -74.0534638, 40.7519701 ] } },
{ "type": "Feature", "properties": { "id": "08f2a1072241636803c1ee7df7be4a64", "name": "Sbarro", "confidence": 0.77, "socials": null }, "geometry": { "type": "Point", "coordinates": [ -74.07562, 40.761267 ] } },
{ "type": "Feature", "properties": { "id": "08f2a10735191cb103c8f75432217779", "name": "My Pizza Stop", "confidence": 0.71069587628865982, "socials": [ "https://www.facebook.com/111709458865412" ] }, "geometry": { "type": "Point", "coordinates": [ -74.082458, 40.779178 ] } },
{ "type": "Feature", "properties": { "id": "08f2a10723b91014039e49bbd275f186", "name": "Hot House Pizza", "confidence": 0.99497955735766175, "socials": [ "https://www.facebook.com/1663451547214528" ] }, "geometry": { "type": "Point", "coordinates": [ -74.0400454, 40.7404835 ] } },
{ "type": "Feature", "properties": { "id": "08f2a107238cd22603cb8887ad9ab9fa", "name": "Old Lorenzo's Pizza", "confidence": 0.99497955735766175, "socials": [ "https://www.facebook.com/109419415519068" ] }, "geometry": { "type": "Point", "coordinates": [ -74.0401246, 40.7419735 ] } },
{ "type": "Feature", "properties": { "id": "08f2a10723104926031030ad7af54441", "name": "Bread & Salt", "confidence": 0.97817198851157294, "socials": [ "https://www.facebook.com/330937477790401" ] }, "geometry": { "type": "Point", "coordinates": [ -74.0447429, 40.7435499 ] } },
{ "type": "Feature", "properties": { "id": "08f2a1072384610403e83c13d0c1a809", "name": "The Pizza Shop", "confidence": 0.99497955735766175, "socials": [ "https://www.facebook.com/105648888729140" ] }, "geometry": { "type": "Point", "coordinates": [ -74.0371027, 40.7436115 ] } },
{ "type": "Feature", "properties": { "id": "08f2a107238468c903c365144b923292", "name": "Delfino's Pizzeria", "confidence": 0.77, "socials": null }, "geometry": { "type": "Point", "coordinates": [ -74.037006, 40.743643 ] } },
{ "type": "Feature", "properties": { "id": "08f2a1072382671203e4f18586671aa1", "name": "Papa John's Pizza", "confidence": 0.77, "socials": null }, "geometry": { "type": "Point", "coordinates": [ -74.0376503, 40.7471573 ] } },
{ "type": "Feature", "properties": { "id": "08f2a10723919b95038d57433567d4bc", "name": "Panello", "confidence": 0.99497955735766175, "socials": [ "https://www.facebook.com/1323172404442238" ] }, "geometry": { "type": "Point", "coordinates": [ -74.0376544, 40.7474295 ] } },
{ "type": "Feature", "properties": { "id": "08f2a10723b53716034841c955e91d75", "name": "Tony Boloney's", "confidence": 0.99497955735766175, "socials": [ "https://www.facebook.com/231814823648000" ] }, "geometry": { "type": "Point", "coordinates": [ -74.0343264, 40.7380189 ] } },
{ "type": "Feature", "properties": { "id": "08f2a10723b0a39803c8ceb94b1d3cd3", "name": "Napoli's Pizza", "confidence": 0.97817198851157294, "socials": [ "https://www.facebook.com/159986341347911" ] }, "geometry": { "type": "Point", "coordinates": [ -74.0349624, 40.7394284 ] } },
{ "type": "Feature", "properties": { "id": "08f2a10723b2ec910343be27108cf48a", "name": "Ovale", "confidence": 0.98331870061457416, "socials": [ "https://www.facebook.com/106955734342276" ] }, "geometry": { "type": "Point", "coordinates": [ -74.0334633, 40.7408346 ] } },
{ "type": "Feature", "properties": { "id": "08f2a10723b6869e03e92d77b234ce6d", "name": "Imposto's Pizza", "confidence": 0.99497955735766175, "socials": [ "https://www.facebook.com/226582822627904" ] }, "geometry": { "type": "Point", "coordinates": [ -74.0309675, 40.7376102 ] } },
{ "type": "Feature", "properties": { "id": "08f2a107214c3a510324ea4679412e21", "name": "Quality Pizza Co. Hoboken", "confidence": 0.99497955735766175, "socials": [ "https://www.facebook.com/100396549603591" ] }, "geometry": { "type": "Point", "coordinates": [ -74.0303271, 40.740285 ] } },
{ "type": "Feature", "properties": { "id": "08f2a107214c129b03754a7e845a0cea", "name": "jersey Boys Pizza corp", "confidence": 0.77, "socials": null }, "geometry": { "type": "Point", "coordinates": [ -74.0300486, 40.7402348 ] } },
{ "type": "Feature", "properties": { "id": "08f2a107214e2426035698c9e2cf948f", "name": "Pizza Republic", "confidence": 0.9961633011413521, "socials": [ "https://www.facebook.com/195254107216411" ] }, "geometry": { "type": "Point", "coordinates": [ -74.0298046, 40.7415954 ] } },
{ "type": "Feature", "properties": { "id": "08f2a107214e62d10333e0afc17557ff", "name": "Grimaldi's Pizzeria", "confidence": 0.99497955735766175, "socials": [ "https://www.facebook.com/189055811116843" ] }, "geometry": { "type": "Point", "coordinates": [ -74.0295138, 40.741726 ] } },
{ "type": "Feature", "properties": { "id": "08f2a107214e05a303d229ba6d5abf8a", "name": "Grimaldi's Coal Brick-Oven Pizzeria", "confidence": 0.77, "socials": null }, "geometry": { "type": "Point", "coordinates": [ -74.0293633, 40.7416743 ] } },
{ "type": "Feature", "properties": { "id": "08f2a1072141b88103e5cbc170d245c6", "name": "Zero Otto Uno Cafe", "confidence": 0.77, "socials": null }, "geometry": { "type": "Point", "coordinates": [ -74.0296653, 40.7424105 ] } },
{ "type": "Feature", "properties": { "id": "08f2a107238645930303a4f1358ed614", "name": "Dozzino", "confidence": 0.99497955735766175, "socials": [ "https://www.facebook.com/150347321677078" ] }, "geometry": { "type": "Point", "coordinates": [ -74.0355818, 40.7445288 ] } },
{ "type": "Feature", "properties": { "id": "08f2a107214a3145031da91f12cf5248", "name": "Buona Pizza", "confidence": 0.77, "socials": null }, "geometry": { "type": "Point", "coordinates": [ -74.0315509, 40.743767 ] } },
{ "type": "Feature", "properties": { "id": "08f2a10723972d9c030609ade96ac62f", "name": "Pizzeria Hoboken", "confidence": 0.77, "socials": null }, "geometry": { "type": "Point", "coordinates": [ -74.0358738, 40.7472516 ] } },
{ "type": "Feature", "properties": { "id": "08f2a10723972d8e03f7680e97f4cdbe", "name": "Pizzeria Hoboken", "confidence": 0.97817198851157294, "socials": [ "https://www.facebook.com/101813878286760" ] }, "geometry": { "type": "Point", "coordinates": [ -74.0358613, 40.7473006 ] } },
{ "type": "Feature", "properties": { "id": "08f2a107214028b2030b8581b8f5b7e5", "name": "H&S Giovanni's Restaurant and Pizzeria", "confidence": 0.97817198851157294, "socials": [ "https://www.facebook.com/120620507953170" ] }, "geometry": { "type": "Point", "coordinates": [ -74.0289793, 40.7435054 ] } },
{ "type": "Feature", "properties": { "id": "08f2a107214334e403915bc54cda94af", "name": "Benny Tudinos", "confidence": 0.99497955735766175, "socials": [ "https://www.facebook.com/58415502679" ] }, "geometry": { "type": "Point", "coordinates": [ -74.029034, 40.7442188 ] } },
{ "type": "Feature", "properties": { "id": "08f2a1072158421203d01a4c8dce811d", "name": "Mario's Classic Pizza", "confidence": 0.97817198851157294, "socials": [ "https://www.facebook.com/204772122874984" ] }, "geometry": { "type": "Point", "coordinates": [ -74.0302106, 40.7463269 ] } },
{ "type": "Feature", "properties": { "id": "08f2a107202e90e5035c3c97e028213b", "name": "Torna Pizzeria", "confidence": 0.99497955735766175, "socials": [ "https://www.facebook.com/155300811198318" ] }, "geometry": { "type": "Point", "coordinates": [ -74.0309034, 40.7478674 ] } },
{ "type": "Feature", "properties": { "id": "08f2a10723d5040d0324d3b5ced22d85", "name": "Little Caesars", "confidence": 0.41176470588235292, "socials": [ "https://www.facebook.com/705577482826606" ] }, "geometry": { "type": "Point", "coordinates": [ -74.047389, 40.748705 ] } },
{ "type": "Feature", "properties": { "id": "08f2a10720629411039c849792374eaa", "name": "Paradiso Pizzeria", "confidence": 0.77, "socials": null }, "geometry": { "type": "Point", "coordinates": [ -74.0399074, 40.7530334 ] } },
{ "type": "Feature", "properties": { "id": "08f2a10722b6bc2d039adbb3aa15b304", "name": "Anna Maria Pizzeria", "confidence": 0.98113699906803353, "socials": [ "https://www.facebook.com/2148414885373064" ] }, "geometry": { "type": "Point", "coordinates": [ -74.0467604, 40.7556699 ] } },
{ "type": "Feature", "properties": { "id": "08f2a10722b6d28203a03be0118d5aa2", "name": "Domino's Pizza", "confidence": 0.99497955735766175, "socials": [ "https://www.facebook.com/590503874313758" ] }, "geometry": { "type": "Point", "coordinates": [ -74.0465614, 40.7561213 ] } },
{ "type": "Feature", "properties": { "id": "08f2a107204ea69503409f8135ce52e6", "name": "Amore Pizzeria & Restaurant", "confidence": 0.77, "socials": null }, "geometry": { "type": "Point", "coordinates": [ -74.0453667, 40.7583981 ] } },
{ "type": "Feature", "properties": { "id": "08f2a107204ea6950382d8be69b7e68c", "name": "Amore Pizzeria & Restaurant", "confidence": 0.97817198851157294, "socials": [ "https://www.facebook.com/112038991564771" ] }, "geometry": { "type": "Point", "coordinates": [ -74.0452606, 40.758376 ] } },
{ "type": "Feature", "properties": { "id": "08f2a107204e8a5503cba5201f577bd7", "name": "Pizza", "confidence": 0.77, "socials": null }, "geometry": { "type": "Point", "coordinates": [ -74.0439898, 40.7581919 ] } },
{ "type": "Feature", "properties": { "id": "08f2a107204e9c94034bbc88b7d5eee1", "name": "Downtown Pizza", "confidence": 0.77, "socials": null }, "geometry": { "type": "Point", "coordinates": [ -74.044322, 40.758321 ] } },
{ "type": "Feature", "properties": { "id": "08f2a107204e9c8603257037ba547e1d", "name": "Slice & Co Fine Gourmet Brick Oven Pizza", "confidence": 0.77, "socials": null }, "geometry": { "type": "Point", "coordinates": [ -74.044303, 40.7583183 ] } },
{ "type": "Feature", "properties": { "id": "08f2a1072070352b03b51639110bec98", "name": "Blue Flame Pizzeria & Restaurant", "confidence": 0.53885630498533721, "socials": [ "https://www.facebook.com/203319060161711" ] }, "geometry": { "type": "Point", "coordinates": [ -74.038845, 40.755686 ] } },
{ "type": "Feature", "properties": { "id": "08f2a1072070c11303354e36858d44a7", "name": "Blue Flame", "confidence": 0.77, "socials": null }, "geometry": { "type": "Point", "coordinates": [ -74.038848, 40.755708 ] } },
{ "type": "Feature", "properties": { "id": "08f2a1072070cb5d0315bad83c07428b", "name": "Blue Flame Pizzeria & Restaurant (Fine Italian Cuisine)", "confidence": 0.77, "socials": null }, "geometry": { "type": "Point", "coordinates": [ -74.0385569, 40.755587 ] } },
{ "type": "Feature", "properties": { "id": "08f2a10720098b2e03bb4c87be0c5f66", "name": "Bravo Restaurant", "confidence": 0.97817198851157294, "socials": [ "https://www.facebook.com/663914140394091" ] }, "geometry": { "type": "Point", "coordinates": [ -74.0384091, 40.7583323 ] } },
{ "type": "Feature", "properties": { "id": "08f2a1072028949a03a1ddedbf315b91", "name": "When In Rome", "confidence": 0.77, "socials": null }, "geometry": { "type": "Point", "coordinates": [ -74.034676983626696, 40.749758703223321 ] } },
{ "type": "Feature", "properties": { "id": "08f2a107202e0ae4032fa5274f03327a", "name": "Tenth Street Pasta & Pizza", "confidence": 0.97817198851157294, "socials": [ "https://www.facebook.com/1143384165793999" ] }, "geometry": { "type": "Point", "coordinates": [ -74.0312446, 40.7493322 ] } },
{ "type": "Feature", "properties": { "id": "08f2a1072020d333036db0f20314efcf", "name": "Johnny Pepperoni", "confidence": 0.99497955735766175, "socials": [ "https://www.facebook.com/166986829979178" ] }, "geometry": { "type": "Point", "coordinates": [ -74.0297682, 40.75017 ] } },
{ "type": "Feature", "properties": { "id": "08f2a1072035d5440343633d60e56c71", "name": "Napoli's Pizza", "confidence": 0.97817198851157294, "socials": [ "https://www.facebook.com/1857352314277458" ] }, "geometry": { "type": "Point", "coordinates": [ -74.0270598, 40.7507223 ] } },
{ "type": "Feature", "properties": { "id": "08f2a1072035dca40396e8afa3f6296f", "name": "The Brick Fire Baked Pizza", "confidence": 0.99497955735766175, "socials": [ "https://www.facebook.com/711424968909984" ] }, "geometry": { "type": "Point", "coordinates": [ -74.0270003, 40.7508689 ] } },
{ "type": "Feature", "properties": { "id": "08f2a1072020470603e236cfe5c936a0", "name": "Rosario's at Willow", "confidence": 0.99497955735766175, "socials": [ "https://www.facebook.com/104954709547330" ] }, "geometry": { "type": "Point", "coordinates": [ -74.0304596, 40.7516523 ] } },
{ "type": "Feature", "properties": { "id": "08f2a1072032d643035cca5f428085d2", "name": "Urban CoalHouse Pizza", "confidence": 0.99497955735766175, "socials": [ "https://www.facebook.com/1216817391713913" ] }, "geometry": { "type": "Point", "coordinates": [ -74.0267782, 40.7535105 ] } },
{ "type": "Feature", "properties": { "id": "08f2a10721a166cd03b1ec0b66043c92", "name": "Simò Pizza", "confidence": 0.97817198851157294, "socials": [ "https://www.facebook.com/267366424176308" ] }, "geometry": { "type": "Point", "coordinates": [ -74.0087349, 40.7393218 ] } },
{ "type": "Feature", "properties": { "id": "08f2a10721a31898030a9cf17f319574", "name": "Serafina Italian Restaurant Meatpacking", "confidence": 0.77, "socials": null }, "geometry": { "type": "Point", "coordinates": [ -74.006657, 40.739633 ] } },
{ "type": "Feature", "properties": { "id": "08f2a10721a286dc039848e1e8e11152", "name": "Brunetti Pizza", "confidence": 0.99497955735766175, "socials": [ "https://www.facebook.com/162162997823313" ] }, "geometry": { "type": "Point", "coordinates": [ -74.0054845, 40.738287 ] } },
{ "type": "Feature", "properties": { "id": "08f2a10721b0339b03105872bfd4d0d1", "name": "Resca", "confidence": 0.77, "socials": null }, "geometry": { "type": "Point", "coordinates": [ -74.00497, 40.74096 ] } },
{ "type": "Feature", "properties": { "id": "08f2a10721b0169d03a2e078fbdaaa99", "name": "BLKSQ", "confidence": 0.29137199434229144, "socials": [ "https://www.facebook.com/177056349662332" ] }, "geometry": { "type": "Point", "coordinates": [ -74.004855, 40.740988 ] } },
{ "type": "Feature", "properties": { "id": "08f2a10721b16865033b1c07e792651b", "name": "Pizzeria Draga West Village", "confidence": 0.77, "socials": null }, "geometry": { "type": "Point", "coordinates": [ -74.0062665, 40.7422636 ] } },
{ "type": "Feature", "properties": { "id": "08f2a10721b14a2303bba349f1028252", "name": "Filaga", "confidence": 0.9961633011413521, "socials": [ "https://www.facebook.com/1530201283949030" ] }, "geometry": { "type": "Point", "coordinates": [ -74.0056591, 40.7421409 ] } },
{ "type": "Feature", "properties": { "id": "08f2a10721b3102b03f6661264210acf", "name": "Godfather Pizza", "confidence": 0.71069587628865982, "socials": [ "https://www.facebook.com/100924751621777" ] }, "geometry": { "type": "Point", "coordinates": [ -74.00466, 40.74222 ] } },
{ "type": "Feature", "properties": { "id": "08f2a1072185d55d03b60cc6eb1fe3c6", "name": "Mel's", "confidence": 0.97817198851157294, "socials": [ "https://www.facebook.com/107297488809159" ] }, "geometry": { "type": "Point", "coordinates": [ -74.0075201, 40.7432856 ] } },
{ "type": "Feature", "properties": { "id": "08f2a107218454c6036e00e6c929ed3d", "name": "Artichoke Basille's Pizza", "confidence": 0.99497955735766175, "socials": [ "https://www.facebook.com/137000906347035" ] }, "geometry": { "type": "Point", "coordinates": [ -74.0066374, 40.7440891 ] } },
{ "type": "Feature", "properties": { "id": "08f2a10720ad8b5c0329f733d35f63f4", "name": "Uptown Pizzeria", "confidence": 0.98582594999015549, "socials": [ "https://www.facebook.com/101292392448007" ] }, "geometry": { "type": "Point", "coordinates": [ -74.0253458, 40.7532296 ] } },
{ "type": "Feature", "properties": { "id": "08f2a1072528a4ca0331889be79b5662", "name": "Neapolitan Express (NYC)", "confidence": 0.77, "socials": null }, "geometry": { "type": "Point", "coordinates": [ -74.0056, 40.75087 ] } },
{ "type": "Feature", "properties": { "id": "08f2a1072529a8da036d223cee7a225f", "name": "Pizza Friendly Pizza", "confidence": 0.77, "socials": null }, "geometry": { "type": "Point", "coordinates": [ -74.006783, 40.7512779 ] } },
{ "type": "Feature", "properties": { "id": "08f2a1072047661303bdb2c4f9905461", "name": "Summit Pizza Cafe", "confidence": 0.9961633011413521, "socials": [ "https://www.facebook.com/113349155164860" ] }, "geometry": { "type": "Point", "coordinates": [ -74.0425654, 40.7602938 ] } },
{ "type": "Feature", "properties": { "id": "08f2a107200b517203efdf45e0125410", "name": "Luna's Pizzeria and Restaurant", "confidence": 0.93837369560937189, "socials": [ "https://www.facebook.com/227562260438342" ] }, "geometry": { "type": "Point", "coordinates": [ -74.0371672, 40.7603022 ] } },
{ "type": "Feature", "properties": { "id": "08f2a10720cd69630362a268c2cf7b2f", "name": "Tom's Delicious Pizza", "confidence": 0.99497955735766175, "socials": [ "https://www.facebook.com/1605543443064926" ] }, "geometry": { "type": "Point", "coordinates": [ -74.0391776, 40.7651733 ] } },
{ "type": "Feature", "properties": { "id": "08f2a10720d9ad68030a03c44d7a5155", "name": "Sam's Pizza Restaurant", "confidence": 0.99497955735766175, "socials": [ "https://www.facebook.com/102078404467197" ] }, "geometry": { "type": "Point", "coordinates": [ -74.0396226, 40.769061 ] } },
{ "type": "Feature", "properties": { "id": "08f2a10720c4e231036de1712539ba0d", "name": "De Palma", "confidence": 0.97817198851157294, "socials": [ "https://www.facebook.com/113876081966239" ] }, "geometry": { "type": "Point", "coordinates": [ -74.0333692, 40.7636168 ] } },
{ "type": "Feature", "properties": { "id": "08f2a107201636580370088e30f5954d", "name": "Michael's Pizza & Wings", "confidence": 0.99497955735766175, "socials": [ "https://www.facebook.com/403377696894815" ] }, "geometry": { "type": "Point", "coordinates": [ -74.0280485, 40.7595237 ] } },
{ "type": "Feature", "properties": { "id": "08f2a107201621b003dff4fa5b7e7a97", "name": "Monetti's Pizza", "confidence": 0.77, "socials": null }, "geometry": { "type": "Point", "coordinates": [ -74.0283855, 40.760175 ] } },
{ "type": "Feature", "properties": { "id": "08f2a10720c73d530374ee732fcdd38a", "name": "Pio Pio", "confidence": 0.99497955735766175, "socials": [ "https://www.facebook.com/364323257110690" ] }, "geometry": { "type": "Point", "coordinates": [ -74.0339843, 40.7653763 ] } },
{ "type": "Feature", "properties": { "id": "08f2a10720c7058c03c28d37e0c6b4e8", "name": "Angelo's Pizza & Pasta", "confidence": 0.98331870061457416, "socials": [ "https://www.facebook.com/313447158511272" ] }, "geometry": { "type": "Point", "coordinates": [ -74.033884, 40.7656677 ] } },
{ "type": "Feature", "properties": { "id": "08f2a10720d2939d03873e23225b51a0", "name": "New Bari's Pizza & Chicken", "confidence": 0.77, "socials": null }, "geometry": { "type": "Point", "coordinates": [ -74.031751672081498, 40.768946941347103 ] } },
{ "type": "Feature", "properties": { "id": "08f2a10720d2939d03aea8a5cdb1b86b", "name": "Bari Pizzeria", "confidence": 0.99497955735766175, "socials": [ "https://www.facebook.com/110933963722679" ] }, "geometry": { "type": "Point", "coordinates": [ -74.0316914, 40.7689478 ] } },
{ "type": "Feature", "properties": { "id": "08f2a10720993d8203061fdadf47a53a", "name": "Paisano's La Pizza & La Pasta", "confidence": 0.93837369560937189, "socials": [ "https://www.facebook.com/322695904254134" ] }, "geometry": { "type": "Point", "coordinates": [ -74.0291373, 40.7675027 ] } },
{ "type": "Feature", "properties": { "id": "08f2a10720993d8203dcca858d88882d", "name": "Paisanos Pizzeria", "confidence": 0.77, "socials": null }, "geometry": { "type": "Point", "coordinates": [ -74.0290343, 40.7674713 ] } },
{ "type": "Feature", "properties": { "id": "08f2a10726b5d4da03da63d440049f96", "name": "Pizza Hut", "confidence": 0.99497955735766175, "socials": [ "https://www.facebook.com/152786211429475" ] }, "geometry": { "type": "Point", "coordinates": [ -74.0345706, 40.7742554 ] } },
{ "type": "Feature", "properties": { "id": "08f2a107246f4c5403f7ba849a08120e", "name": "Bergenline Pizza", "confidence": 0.9961633011413521, "socials": [ "https://www.facebook.com/142296559250006" ] }, "geometry": { "type": "Point", "coordinates": [ -74.0298441, 40.7710612 ] } },
{ "type": "Feature", "properties": { "id": "08f2a107246aa823034a1cc50db81bbb", "name": "Domino's Pizza", "confidence": 0.99497955735766175, "socials": [ "https://www.facebook.com/342493052508214" ] }, "geometry": { "type": "Point", "coordinates": [ -74.0305264, 40.7721822 ] } },
{ "type": "Feature", "properties": { "id": "08f2a1072479e26e03ff36df52c0edc5", "name": "Papa John's Pizza", "confidence": 0.99497955735766175, "socials": [ "https://www.facebook.com/197462390272457" ] }, "geometry": { "type": "Point", "coordinates": [ -74.0309515, 40.7745333 ] } },
{ "type": "Feature", "properties": { "id": "08f2a107246350e203d85e86a9dfa98c", "name": "TRATTORIA NAPOLI", "confidence": 0.77, "socials": null }, "geometry": { "type": "Point", "coordinates": [ -74.0270745, 40.773694 ] } },
{ "type": "Feature", "properties": { "id": "08f2a1072471c89e03e35346a69e3096", "name": "UC Pizza", "confidence": 0.99497955735766175, "socials": [ "https://www.facebook.com/111545915551176" ] }, "geometry": { "type": "Point", "coordinates": [ -74.0261353, 40.7749646 ] } },
{ "type": "Feature", "properties": { "id": "08f2a10724296934039a955846c29ceb", "name": "Uptown Pizzeria 3", "confidence": 0.77, "socials": null }, "geometry": { "type": "Point", "coordinates": [ -74.0224315, 40.7710276 ] } },
{ "type": "Feature", "properties": { "id": "08f2a107240c166b03e8ee93e55a465b", "name": "Anthony's Pizza & Restaurant", "confidence": 0.77, "socials": null }, "geometry": { "type": "Point", "coordinates": [ -74.020763, 40.7748599 ] } },
{ "type": "Feature", "properties": { "id": "08f2a107240ee3ac03c449dcbc288b25", "name": "Romano Pizza", "confidence": 0.9961633011413521, "socials": [ "https://www.facebook.com/494179294042731" ] }, "geometry": { "type": "Point", "coordinates": [ -74.0198178, 40.7753773 ] } },
{ "type": "Feature", "properties": { "id": "08f2a107244698c9037f470bc7d02f7a", "name": "Termini Pizza", "confidence": 0.97817198851157294, "socials": [ "https://www.facebook.com/105991809424729" ] }, "geometry": { "type": "Point", "coordinates": [ -74.0254209, 40.7771518 ] } },
{ "type": "Feature", "properties": { "id": "08f2a107241840d90393b166e516183a", "name": "Pitstop Pizza", "confidence": 0.99497955735766175, "socials": [ "https://www.facebook.com/100789928399837" ] }, "geometry": { "type": "Point", "coordinates": [ -74.0208814, 40.7810963 ] } },
{ "type": "Feature", "properties": { "id": "08f2a107240285a903017cb6fa1cafa3", "name": "Pezzonovante", "confidence": 0.29137199434229144, "socials": [ "https://www.facebook.com/147315238746423" ] }, "geometry": { "type": "Point", "coordinates": [ -74.0176444, 40.7778607 ] } },
{ "type": "Feature", "properties": { "id": "08f2a1072402c22b03bf85f68a340134", "name": "Tony Novante's Pizza and Wings Boss", "confidence": 0.99497955735766175, "socials": [ "https://www.facebook.com/859556707400597" ] }, "geometry": { "type": "Point", "coordinates": [ -74.0177397, 40.7780089 ] } },
{ "type": "Feature", "properties": { "id": "08f2a107241adc730358a08abe023c2e", "name": "El Cubanito Pizzeria Cubana", "confidence": 0.77, "socials": null }, "geometry": { "type": "Point", "coordinates": [ -74.0190599, 40.7804962 ] } },
{ "type": "Feature", "properties": { "id": "08f2a107241727480396ae257c2bbc63", "name": "Pizza Hut", "confidence": 0.47268106734434556, "socials": [ "https://www.facebook.com/334215266777624" ] }, "geometry": { "type": "Point", "coordinates": [ -74.016035, 40.779524 ] } },
{ "type": "Feature", "properties": { "id": "08f2a1072417421803453b0513da369e", "name": "Park Avenue Pizza Cafe", "confidence": 0.99497955735766175, "socials": [ "https://www.facebook.com/115993188557762" ] }, "geometry": { "type": "Point", "coordinates": [ -74.0147834, 40.7796057 ] } },
{ "type": "Feature", "properties": { "id": "08f2a107248c26aa03db91ddabb50614", "name": "Enzo Bruni La Pizza Gourmet", "confidence": 0.98582594999015549, "socials": [ "https://www.facebook.com/140192185840357" ] }, "geometry": { "type": "Point", "coordinates": [ -74.0135056, 40.7807953 ] } },
{ "type": "Feature", "properties": { "id": "08f2a10746755d6b039774fc9a1cd1e9", "name": "Pizza Den", "confidence": 0.97817198851157294, "socials": [ "https://www.facebook.com/289885844441014" ] }, "geometry": { "type": "Point", "coordinates": [ -74.0023715, 40.6073844 ] } },
{ "type": "Feature", "properties": { "id": "08f2a10746775410035327fae8560f87", "name": "Tato's Pizza", "confidence": 0.97817198851157294, "socials": [ "https://www.facebook.com/164286170384730" ] }, "geometry": { "type": "Point", "coordinates": [ -74.0015092, 40.6080624 ] } },
{ "type": "Feature", "properties": { "id": "08f2a10746548095038824525291af0e", "name": "cymo Pizzeria corp", "confidence": 0.77, "socials": null }, "geometry": { "type": "Point", "coordinates": [ -74.0037004, 40.6135674 ] } },
{ "type": "Feature", "properties": { "id": "08f2a107460a335c036ec3348b9567e8", "name": "Father & Sons Wood Fire Oven Pizza", "confidence": 0.77, "socials": null }, "geometry": { "type": "Point", "coordinates": [ -74.0006557, 40.6123657 ] } },
{ "type": "Feature", "properties": { "id": "08f2a10746cc65900344eb58fd6faa29", "name": "Pizza Davito Italia", "confidence": 0.77, "socials": null }, "geometry": { "type": "Point", "coordinates": [ -74.0025036, 40.6178795 ] } },
{ "type": "Feature", "properties": { "id": "08f2a1077029241903503b8daa8782b3", "name": "Dominick's Pizza", "confidence": 0.99497955735766175, "socials": [ "https://www.facebook.com/120786701265784" ] }, "geometry": { "type": "Point", "coordinates": [ -74.0030003, 40.6415493 ] } },
{ "type": "Feature", "properties": { "id": "08f2a10770cf42e803400aec056e1085", "name": "Gravesend Pizza", "confidence": 0.99497955735766175, "socials": [ "https://www.facebook.com/104368401960127" ] }, "geometry": { "type": "Point", "coordinates": [ -74.0033144, 40.6555812 ] } },
{ "type": "Feature", "properties": { "id": "08f2a10770c0064e0306605f0c1fed1e", "name": "Delicious Slice of Brooklyn & Deli", "confidence": 0.77, "socials": null }, "geometry": { "type": "Point", "coordinates": [ -74.0014392, 40.6568365 ] } },
{ "type": "Feature", "properties": { "id": "08f2a10770c0075303df2ced6bc7f72b", "name": "Slice of Brooklyn", "confidence": 0.99497955735766175, "socials": [ "https://www.facebook.com/306181859794827" ] }, "geometry": { "type": "Point", "coordinates": [ -74.0014836, 40.6568843 ] } },
{ "type": "Feature", "properties": { "id": "08f2a107292dd68b03b35066e1a3b638", "name": "Farina nyc", "confidence": 0.97817198851157294, "socials": [ "https://www.facebook.com/311097015414689" ] }, "geometry": { "type": "Point", "coordinates": [ -74.0007439, 40.6746334 ] } },
{ "type": "Feature", "properties": { "id": "08f2a107293b0ad8034a3caf8fc6d002", "name": "Lucali", "confidence": 0.97817198851157294, "socials": [ "https://www.facebook.com/176347757162" ] }, "geometry": { "type": "Point", "coordinates": [ -74.0003719, 40.6818302 ] } },
{ "type": "Feature", "properties": { "id": "08f2a107290f13440309caa1f61f4c3c", "name": "The House of Pizza & Calzone", "confidence": 0.77, "socials": null }, "geometry": { "type": "Point", "coordinates": [ -74.0022501, 40.6840073 ] } },
{ "type": "Feature", "properties": { "id": "08f2a107290c4d9003ac5e88c21fb378", "name": "House of Pizza & Calzones", "confidence": 0.97817198851157294, "socials": [ "https://www.facebook.com/116264271728316" ] }, "geometry": { "type": "Point", "coordinates": [ -74.0022121, 40.684072 ] } },
{ "type": "Feature", "properties": { "id": "08f2a1072d491a6d03106af783a06a2c", "name": "Di Fara Pizza", "confidence": 0.77, "socials": null }, "geometry": { "type": "Point", "coordinates": [ -74.0020674, 40.7070773 ] } },
{ "type": "Feature", "properties": { "id": "08f2a1072d49026903cdcbefb1a23887", "name": "Trattoria Pizzeria", "confidence": 0.71069587628865982, "socials": [ "https://www.facebook.com/210758865624327" ] }, "geometry": { "type": "Point", "coordinates": [ -74.002523, 40.707448 ] } },
{ "type": "Feature", "properties": { "id": "08f2a1072c236022036a41624b978106", "name": "AlBaik Pizza & Fast Food", "confidence": 0.47268106734434556, "socials": [ "https://www.facebook.com/266335883222806" ] }, "geometry": { "type": "Point", "coordinates": [ -74.0, 40.7166987 ] } },
{ "type": "Feature", "properties": { "id": "08f2a1072c236022039c94d526accff1", "name": "Pizza Bell - פיצה בל", "confidence": 0.47268106734434556, "socials": [ "https://www.facebook.com/104442819109735" ] }, "geometry": { "type": "Point", "coordinates": [ -74.0, 40.7167025 ] } },
{ "type": "Feature", "properties": { "id": "08f2a1072c3a329d034f3a5fe23705ab", "name": "NY 99 Cents Pizza", "confidence": 0.99497955735766175, "socials": [ "https://www.facebook.com/100721127970984" ] }, "geometry": { "type": "Point", "coordinates": [ -74.0007866, 40.718005 ] } },
{ "type": "Feature", "properties": { "id": "08f2a1072c390c55030e8bbecaee5545", "name": "Joey Pepperoni's Pizza", "confidence": 0.77, "socials": null }, "geometry": { "type": "Point", "coordinates": [ -74.003141, 40.718221 ] } },
{ "type": "Feature", "properties": { "id": "08f2a1072c0c1ce103f440c4d7f75810", "name": "Saluggi's", "confidence": 0.77, "socials": null }, "geometry": { "type": "Point", "coordinates": [ -74.00356, 40.7201 ] } },
{ "type": "Feature", "properties": { "id": "08f2a1072c3a657403e9b6727ecf98e6", "name": "Enzo Bruni La Pizza Gourmet - Downtown", "confidence": 0.77, "socials": null }, "geometry": { "type": "Point", "coordinates": [ -74.000953, 40.7189336 ] } },
{ "type": "Feature", "properties": { "id": "08f2a1072c033aa60393efd5e3e7d150", "name": "Joey Pepperoni’s Pizza", "confidence": 0.77, "socials": null }, "geometry": { "type": "Point", "coordinates": [ -74.00227251, 40.7237642 ] } },
{ "type": "Feature", "properties": { "id": "08f2a1072c034299035b52c584cb4dfb", "name": "Original Sqrd Pizza Soho", "confidence": 0.77, "socials": null }, "geometry": { "type": "Point", "coordinates": [ -74.0019016, 40.7243724 ] } },
{ "type": "Feature", "properties": { "id": "08f2a1072c184a560362893559a8b635", "name": "Rivoli Pizza", "confidence": 0.31588785046728973, "socials": [ "https://www.facebook.com/2052454204997000" ] }, "geometry": { "type": "Point", "coordinates": [ -74.00351, 40.72594 ] } },
{ "type": "Feature", "properties": { "id": "08f2a1072c1a94d5035c048762eae8fe", "name": "Famous Ben's Pizza", "confidence": 0.77, "socials": null }, "geometry": { "type": "Point", "coordinates": [ -74.0023823, 40.724973 ] } },
{ "type": "Feature", "properties": { "id": "08f2a1072cc4a53603b75aaa1d6ef158", "name": "Emmett's", "confidence": 0.99497955735766175, "socials": [ "https://www.facebook.com/569415366465531" ] }, "geometry": { "type": "Point", "coordinates": [ -74.0025462, 40.7273662 ] } },
{ "type": "Feature", "properties": { "id": "08f2a1072cc40344033077d4f9d084f2", "name": "Song E Napule", "confidence": 0.97817198851157294, "socials": [ "https://www.facebook.com/600048080129030" ] }, "geometry": { "type": "Point", "coordinates": [ -74.0018894, 40.7281001 ] } },
{ "type": "Feature", "properties": { "id": "08f2a1072cc41cb403729cfec6ed6f11", "name": "Song' E Napule Pizzeria", "confidence": 0.77, "socials": null }, "geometry": { "type": "Point", "coordinates": [ -74.001815, 40.728158 ] } },
{ "type": "Feature", "properties": { "id": "08f2a1072c136c610373f955152bb23c", "name": "Arturo's Restaurants", "confidence": 0.77, "socials": null }, "geometry": { "type": "Point", "coordinates": [ -74.000394, 40.727361 ] } },
{ "type": "Feature", "properties": { "id": "08f2a1072c136d5e03847b49aef7d55b", "name": "Arturo's Coal Oven Pizza", "confidence": 0.97817198851157294, "socials": [ "https://www.facebook.com/121334861213342" ] }, "geometry": { "type": "Point", "coordinates": [ -74.0004568, 40.7274237 ] } },
{ "type": "Feature", "properties": { "id": "08f2a1072c89257003457e60db39bfa2", "name": "Grandma's One Pizza", "confidence": 0.99497955735766175, "socials": [ "https://www.facebook.com/101096723013220" ] }, "geometry": { "type": "Point", "coordinates": [ -74.0000102, 40.7288489 ] } },
{ "type": "Feature", "properties": { "id": "08f2a1072cc0bb6203e9444a39af68fe", "name": "Emily", "confidence": 0.99497955735766175, "socials": [ "https://www.facebook.com/306347343137894" ] }, "geometry": { "type": "Point", "coordinates": [ -74.0038539, 40.7293499 ] } },
{ "type": "Feature", "properties": { "id": "08f2a1072cc2baf503820c41f20b8aae", "name": "Numero 28 Pizzeria", "confidence": 0.99497955735766175, "socials": [ "https://www.facebook.com/875442879264446" ] }, "geometry": { "type": "Point", "coordinates": [ -74.0028278, 40.7301671 ] } },
{ "type": "Feature", "properties": { "id": "08f2a1072cc6211203006e621ecbdbd0", "name": "Percy's Pizza", "confidence": 0.99497955735766175, "socials": [ "https://www.facebook.com/125286455613558" ] }, "geometry": { "type": "Point", "coordinates": [ -74.0014027, 40.7291966 ] } },
{ "type": "Feature", "properties": { "id": "08f2a1072cc666f403e5ecc4327d82b8", "name": "Bleeker St Pizza", "confidence": 0.47268106734434556, "socials": [ "https://www.facebook.com/926351564212989" ] }, "geometry": { "type": "Point", "coordinates": [ -74.001428, 40.729429 ] } },
{ "type": "Feature", "properties": { "id": "08f2a1072cc22a0a033f2e73d4bc016d", "name": "John's of Bleecker Street", "confidence": 0.99497955735766175, "socials": [ "https://www.facebook.com/1834174143518120" ] }, "geometry": { "type": "Point", "coordinates": [ -74.0033052, 40.7316598 ] } },
{ "type": "Feature", "properties": { "id": "08f2a1072cc20228031d1ad9bf200c9b", "name": "Little Charli", "confidence": 0.97817198851157294, "socials": [ "https://www.facebook.com/103177739097052" ] }, "geometry": { "type": "Point", "coordinates": [ -74.0030492, 40.7315012 ] } },
{ "type": "Feature", "properties": { "id": "08f2a1072cc2d19203c32f6ade1c252c", "name": "Joe's Pizza", "confidence": 0.99497955735766175, "socials": [ "https://www.facebook.com/177353602413952" ] }, "geometry": { "type": "Point", "coordinates": [ -74.0021276, 40.7305656 ] } },
{ "type": "Feature", "properties": { "id": "08f2a1072cd538c5039b417be8df05b0", "name": "2 Bros Pizza", "confidence": 0.35051546391752575, "socials": [ "https://www.facebook.com/700945063311509" ] }, "geometry": { "type": "Point", "coordinates": [ -74.001655, 40.731044 ] } },
{ "type": "Feature", "properties": { "id": "08f2a1072cd508f00346677dc06be10b", "name": "99 Cent Village Pizza", "confidence": 0.93837369560937189, "socials": [ "https://www.facebook.com/415059112658604" ] }, "geometry": { "type": "Point", "coordinates": [ -74.0012889, 40.7314314 ] } },
{ "type": "Feature", "properties": { "id": "08f2a1072cc660300301cc9ba87a38f5", "name": "Jr's Pizza & Brew", "confidence": 0.77, "socials": null }, "geometry": { "type": "Point", "coordinates": [ -74.00113, 40.729517 ] } },
{ "type": "Feature", "properties": { "id": "08f2a1072cc6611a032ce58953251080", "name": "Slice & Co. Pizza", "confidence": 0.29137199434229144, "socials": [ "https://www.facebook.com/691621120964960" ] }, "geometry": { "type": "Point", "coordinates": [ -74.00112, 40.72953 ] } },
{ "type": "Feature", "properties": { "id": "08f2a1072cd598a003fd621e36e009be", "name": "Artichoke Basille's Pizza", "confidence": 0.99497955735766175, "socials": [ "https://www.facebook.com/117260361672066" ] }, "geometry": { "type": "Point", "coordinates": [ -74.0006739, 40.729945 ] } },
{ "type": "Feature", "properties": { "id": "08f2a1072cd5980b03981678b936e211", "name": "쌩쌩솔솔", "confidence": 0.57790927021696248, "socials": [ "https://www.facebook.com/106054108913387" ] }, "geometry": { "type": "Point", "coordinates": [ -74.00066, 40.72996 ] } },
{ "type": "Feature", "properties": { "id": "08f2a1072cd5d9560359ec42c855b132", "name": "Ben's Pizzeria", "confidence": 0.99497955735766175, "socials": [ "https://www.facebook.com/950459798435546" ] }, "geometry": { "type": "Point", "coordinates": [ -74.0002669, 40.7303733 ] } },
{ "type": "Feature", "properties": { "id": "08f2a1072cd4355a03e8ada9ed4d9522", "name": "Artistic Pizza", "confidence": 0.99497955735766175, "socials": [ "https://www.facebook.com/2138263189621768" ] }, "geometry": { "type": "Point", "coordinates": [ -74.0004429, 40.7306409 ] } },
{ "type": "Feature", "properties": { "id": "08f2a1072cc26c54038d44321b67fe89", "name": "Bleecker Street Pizza", "confidence": 0.99497955735766175, "socials": [ "https://www.facebook.com/111789298856129" ] }, "geometry": { "type": "Point", "coordinates": [ -74.0034482, 40.7321942 ] } },
{ "type": "Feature", "properties": { "id": "08f2a1072cd1cb4a03717f1d485187a0", "name": "Two Boots Pizza West Village", "confidence": 0.99497955735766175, "socials": [ "https://www.facebook.com/107156307455057" ] }, "geometry": { "type": "Point", "coordinates": [ -74.0028362, 40.7331939 ] } },
{ "type": "Feature", "properties": { "id": "08f2a100d2698c2203bc85448ad09396", "name": "NY 99 Cents Fresh Pizza", "confidence": 0.77, "socials": null }, "geometry": { "type": "Point", "coordinates": [ -74.0013985, 40.7357065 ] } },
{ "type": "Feature", "properties": { "id": "08f2a100d26957b40314bf7a0855f6f5", "name": "Zazzy's Pizza", "confidence": 0.99497955735766175, "socials": [ "https://www.facebook.com/102237321884126" ] }, "geometry": { "type": "Point", "coordinates": [ -74.0012666, 40.7366518 ] } },
{ "type": "Feature", "properties": { "id": "08f2a100d2694512030713299dc726cf", "name": "L'Antica Pizzeria Da Michele NYC", "confidence": 0.77, "socials": null }, "geometry": { "type": "Point", "coordinates": [ -74.001653, 40.737074 ] } },
{ "type": "Feature", "properties": { "id": "08f2a10721b55b16036c2ce60091a320", "name": "Village Pizza", "confidence": 0.97817198851157294, "socials": [ "https://www.facebook.com/755928601136584" ] }, "geometry": { "type": "Point", "coordinates": [ -74.0030512, 40.7392499 ] } },
{ "type": "Feature", "properties": { "id": "08f2a10721b7234c03c4bd5c86b9b9e0", "name": "Rocky's", "confidence": 0.77, "socials": null }, "geometry": { "type": "Point", "coordinates": [ -74.0032238, 40.7398274 ] } },
{ "type": "Feature", "properties": { "id": "08f2a10721b72373038aa94a3ac6efe5", "name": "Rosetta Pizza", "confidence": 0.77, "socials": null }, "geometry": { "type": "Point", "coordinates": [ -74.0032449, 40.7398603 ] } },
{ "type": "Feature", "properties": { "id": "08f2a10721b7205d038189aefa4a4d03", "name": "Rockys Pizza 14th st", "confidence": 0.71069587628865982, "socials": [ "https://www.facebook.com/190279568203818" ] }, "geometry": { "type": "Point", "coordinates": [ -74.003131, 40.739832 ] } },
{ "type": "Feature", "properties": { "id": "08f2a10721b7390e034b3b576844b01e", "name": "Due Amici", "confidence": 0.29137199434229144, "socials": [ "https://www.facebook.com/113541945347086" ] }, "geometry": { "type": "Point", "coordinates": [ -74.002971, 40.739745 ] } },
{ "type": "Feature", "properties": { "id": "08f2a10721b6d52803678ac52eed86a1", "name": "Soho $1.50 Cheese Pizza", "confidence": 0.97817198851157294, "socials": [ "https://www.facebook.com/2754433868114396" ] }, "geometry": { "type": "Point", "coordinates": [ -74.0003656, 40.7387189 ] } },
{ "type": "Feature", "properties": { "id": "08f2a10721b253410326da566e1e6eed", "name": "Scar's Pizza Palace", "confidence": 0.53885630498533721, "socials": [ "https://www.facebook.com/2506588622905702" ] }, "geometry": { "type": "Point", "coordinates": [ -74.002675, 40.742181 ] } },
{ "type": "Feature", "properties": { "id": "08f2a100d24d579b0364390401678c9c", "name": "Pizza Italia", "confidence": 0.77, "socials": null }, "geometry": { "type": "Point", "coordinates": [ -74.0015575, 40.7418608 ] } },
{ "type": "Feature", "properties": { "id": "08f2a100d24556010384a290d977d06d", "name": "Rocco's Pizza Joint", "confidence": 0.99497955735766175, "socials": [ "https://www.facebook.com/300762413273756" ] }, "geometry": { "type": "Point", "coordinates": [ -74.0008465, 40.7418157 ] } },
{ "type": "Feature", "properties": { "id": "08f2a100d249962003cc1628ac671038", "name": "Stella's Pizza", "confidence": 0.99497955735766175, "socials": [ "https://www.facebook.com/208326459203295" ] }, "geometry": { "type": "Point", "coordinates": [ -74.00376, 40.7429787 ] } },
{ "type": "Feature", "properties": { "id": "08f2a100d2499cc8030cec9234b62f89", "name": "Jet's Pizza", "confidence": 0.99497955735766175, "socials": [ "https://www.facebook.com/102318264701771" ] }, "geometry": { "type": "Point", "coordinates": [ -74.0035235, 40.7432071 ] } },
{ "type": "Feature", "properties": { "id": "08f2a100d2483cde03ee243ca360fe0d", "name": "Gotham Pizza", "confidence": 0.99497955735766175, "socials": [ "https://www.facebook.com/117032668314868" ] }, "geometry": { "type": "Point", "coordinates": [ -74.0030167, 40.7439022 ] } },
{ "type": "Feature", "properties": { "id": "08f2a100d241300d037f961559d788b8", "name": "Pie Pizza", "confidence": 0.21337126600284495, "socials": [ "https://www.facebook.com/453577084497905" ] }, "geometry": { "type": "Point", "coordinates": [ -74.00016, 40.7442202 ] } },
{ "type": "Feature", "properties": { "id": "08f2a100d259d60203e8eb9443854fed", "name": "Famous Original Ray's Pizza", "confidence": 0.77, "socials": null }, "geometry": { "type": "Point", "coordinates": [ -74.0013473, 40.7459915 ] } },
{ "type": "Feature", "properties": { "id": "08f2a107252ce482034afcfb8321589f", "name": "10th Avenue Pizza and Cafe", "confidence": 0.99497955735766175, "socials": [ "https://www.facebook.com/111434522223898" ] }, "geometry": { "type": "Point", "coordinates": [ -74.0032282, 40.7487805 ] } },
{ "type": "Feature", "properties": { "id": "08f2a107252f09ac0358545e50261017", "name": "Ovest Pizzoteca", "confidence": 0.99497955735766175, "socials": [ "https://www.facebook.com/943952322423558" ] }, "geometry": { "type": "Point", "coordinates": [ -74.0030891, 40.7506722 ] } },
{ "type": "Feature", "properties": { "id": "08f2a1072521b893037911e2048c4b8f", "name": "Highline Pizzeria", "confidence": 0.99497955735766175, "socials": [ "https://www.facebook.com/295420770536589" ] }, "geometry": { "type": "Point", "coordinates": [ -74.002256, 40.7510633 ] } },
{ "type": "Feature", "properties": { "id": "08f2a107253b494003d2634b2cd98964", "name": "Garlic New York Pizza Bar", "confidence": 0.47268106734434556, "socials": [ "https://www.facebook.com/1075920822425859" ] }, "geometry": { "type": "Point", "coordinates": [ -74.002801, 40.756422 ] } },
{ "type": "Feature", "properties": { "id": "08f2a1072512b61403b63f88bec1a7b8", "name": "42nd Street Pizza", "confidence": 0.99497955735766175, "socials": [ "https://www.facebook.com/796930547112508" ] }, "geometry": { "type": "Point", "coordinates": [ -74.0001981, 40.7617628 ] } },
{ "type": "Feature", "properties": { "id": "08f2a1216a031d1303747213b2a05270", "name": "Roman Pizza", "confidence": 0.99497955735766175, "socials": [ "https://www.facebook.com/104111019081597" ] }, "geometry": { "type": "Point", "coordinates": [ -74.9954724, 40.8039752 ] } },
{ "type": "Feature", "properties": { "id": "08f2a12b968a835203c7982da72f5eff", "name": "Louie's Pizza", "confidence": 0.97817198851157294, "socials": [ "https://www.facebook.com/1640620992864976" ] }, "geometry": { "type": "Point", "coordinates": [ -74.9183817, 40.8661735 ] } },
{ "type": "Feature", "properties": { "id": "08f2a128dd8d0b0503859c576b54bf75", "name": "Hope Pizzeria & Catering", "confidence": 0.99497955735766175, "socials": [ "https://www.facebook.com/140684199389340" ] }, "geometry": { "type": "Point", "coordinates": [ -74.9671902, 40.9183435 ] } },
{ "type": "Feature", "properties": { "id": "08f2a128d4ae52de036ce3c2126a5d12", "name": "Frank's Pizza and Italian Restaurant", "confidence": 0.99497955735766175, "socials": [ "https://www.facebook.com/1156802807707132" ] }, "geometry": { "type": "Point", "coordinates": [ -74.9959108, 40.9836575 ] } },
{ "type": "Feature", "properties": { "id": "08f2a128f373192603b62b47a6f966a0", "name": "Dominick's Pizzeria & Restaurant", "confidence": 0.97817198851157294, "socials": [ "https://www.facebook.com/189746367711183" ] }, "geometry": { "type": "Point", "coordinates": [ -74.9824283, 40.9871912 ] } },
{ "type": "Feature", "properties": { "id": "08f2a128f3725c11035ecd3c85ba3c9b", "name": "Roman Pizzeria and Restaurant", "confidence": 0.99497955735766175, "socials": [ "https://www.facebook.com/304795537030234" ] }, "geometry": { "type": "Point", "coordinates": [ -74.9813609, 40.9871546 ] } },
{ "type": "Feature", "properties": { "id": "08f2a12b80676133036aa3a6c7745aab", "name": "Frank's Pizza", "confidence": 0.97817198851157294, "socials": [ "https://www.facebook.com/113750185324130" ] }, "geometry": { "type": "Point", "coordinates": [ -74.8398096, 40.819268 ] } },
{ "type": "Feature", "properties": { "id": "08f2a12b8064459803bd35eed5d400f9", "name": "Enzos Pizzeria", "confidence": 0.71069587628865982, "socials": [ "https://www.facebook.com/1008168582549715" ] }, "geometry": { "type": "Point", "coordinates": [ -74.8376239, 40.8195071 ] } },
{ "type": "Feature", "properties": { "id": "08f2a12b8067613303e1c6286194a596", "name": "Frank's Pizza", "confidence": 0.77, "socials": null }, "geometry": { "type": "Point", "coordinates": [ -74.8382851, 40.8205995 ] } },
{ "type": "Feature", "properties": { "id": "08f2a12b807298a80395d428ec02638a", "name": "Prontos Pizzeria & Restaurant", "confidence": 0.99497955735766175, "socials": [ "https://www.facebook.com/252506905096158" ] }, "geometry": { "type": "Point", "coordinates": [ -74.8360573, 40.8236295 ] } },
{ "type": "Feature", "properties": { "id": "08f2a12b8085d4ed03add174654b44a7", "name": "Bruno's Pizza and Pasta", "confidence": 0.97817198851157294, "socials": [ "https://www.facebook.com/107990667442085" ] }, "geometry": { "type": "Point", "coordinates": [ -74.8219512, 40.8294088 ] } },
{ "type": "Feature", "properties": { "id": "08f2a12b846410f20347b5aacacbf0b4", "name": "Mama's Pizza and Cafe", "confidence": 0.47268106734434556, "socials": [ "https://www.facebook.com/571760359633584" ] }, "geometry": { "type": "Point", "coordinates": [ -74.823611, 40.8380626 ] } },
{ "type": "Feature", "properties": { "id": "08f2a12b84624b000339d353a6a5da36", "name": "Gabby's Pizza", "confidence": 0.97817198851157294, "socials": [ "https://www.facebook.com/361690760528625" ] }, "geometry": { "type": "Point", "coordinates": [ -74.824162, 40.8418372 ] } },
{ "type": "Feature", "properties": { "id": "08f2a12b84ba22b3036d1122904bdf59", "name": "Pizza Hut Express", "confidence": 0.91798695246971107, "socials": [ "https://www.facebook.com/127979794435110" ] }, "geometry": { "type": "Point", "coordinates": [ -74.8083687, 40.8468034 ] } },
{ "type": "Feature", "properties": { "id": "08f2a12b84ba3d7503c8784350b9ca9a", "name": "Pizza Hut Express", "confidence": 0.77, "socials": null }, "geometry": { "type": "Point", "coordinates": [ -74.808200832362132, 40.847096819541335 ] } },
{ "type": "Feature", "properties": { "id": "08f2a12bb12f0a9403484b8afe234c59", "name": "Pizza Hut Express", "confidence": 0.92595108695652173, "socials": [ "https://www.facebook.com/108018684693097" ] }, "geometry": { "type": "Point", "coordinates": [ -74.8339413, 40.8550388 ] } },
{ "type": "Feature", "properties": { "id": "08f2a12bb12f0a4803d57b0f95251580", "name": "Frank's Trattoria", "confidence": 0.99497955735766175, "socials": [ "https://www.facebook.com/1699722170112514" ] }, "geometry": { "type": "Point", "coordinates": [ -74.8334243, 40.8547295 ] } },
{ "type": "Feature", "properties": { "id": "08f2a12bb1248865034491d4a303c058", "name": "Davila's Pizza and Catering", "confidence": 0.99497955735766175, "socials": [ "https://www.facebook.com/1119396054862129" ] }, "geometry": { "type": "Point", "coordinates": [ -74.8283637, 40.8529174 ] } },
{ "type": "Feature", "properties": { "id": "08f2a12bb1254391037c23661f524c2d", "name": "Domino's Pizza", "confidence": 0.99497955735766175, "socials": [ "https://www.facebook.com/644834558878054" ] }, "geometry": { "type": "Point", "coordinates": [ -74.8300535, 40.8543182 ] } },
{ "type": "Feature", "properties": { "id": "08f2a12bb121a42a03bd2d290629b2fd", "name": "Frank's Trattoria", "confidence": 0.77, "socials": null }, "geometry": { "type": "Point", "coordinates": [ -74.833161, 40.855568 ] } },
{ "type": "Feature", "properties": { "id": "08f2a12bab2a86f4039ea53fe016722d", "name": "Vale Pizza", "confidence": 0.77, "socials": null }, "geometry": { "type": "Point", "coordinates": [ -74.769964, 40.7837663 ] } },
{ "type": "Feature", "properties": { "id": "08f2a12bab21c5ac03ac1132a0620546", "name": "Cornerstone Tavern & Grill", "confidence": 0.99497955735766175, "socials": [ "https://www.facebook.com/104180026300927" ] }, "geometry": { "type": "Point", "coordinates": [ -74.7681553, 40.7841589 ] } },
{ "type": "Feature", "properties": { "id": "08f2a12ba392b48b035691902362489c", "name": "Uncle Sal's Italian Villa", "confidence": 0.77, "socials": null }, "geometry": { "type": "Point", "coordinates": [ -74.77654365, 40.8548045 ] } },
{ "type": "Feature", "properties": { "id": "08f2a12ba1d36c45037174b032987039", "name": "Enzos Ristorante and Pizzeria", "confidence": 0.97817198851157294, "socials": [ "https://www.facebook.com/113084271692064" ] }, "geometry": { "type": "Point", "coordinates": [ -74.7590051, 40.8604524 ] } },
{ "type": "Feature", "properties": { "id": "08f2a12ba5618c14030c77612e6fb064", "name": "Uncle Sal's Pizza", "confidence": 0.97817198851157294, "socials": [ "https://www.facebook.com/102516121108455" ] }, "geometry": { "type": "Point", "coordinates": [ -74.7534273, 40.8611504 ] } },
{ "type": "Feature", "properties": { "id": "08f2a12b1317104203848271fdb93e2a", "name": "Valentino's Pizzeria and Restaurant", "confidence": 0.97817198851157294, "socials": [ "https://www.facebook.com/94357655816" ] }, "geometry": { "type": "Point", "coordinates": [ -74.7075186, 40.8320712 ] } },
{ "type": "Feature", "properties": { "id": "08f2a12b106cb572033a3e4442b7403c", "name": "Frank's Pizza", "confidence": 0.99497955735766175, "socials": [ "https://www.facebook.com/593505787833584" ] }, "geometry": { "type": "Point", "coordinates": [ -74.7079591, 40.8404416 ] } },
{ "type": "Feature", "properties": { "id": "08f2a12bb1835769039c5bc8136a41ae", "name": "Sonny's Pizza II", "confidence": 0.9961633011413521, "socials": [ "https://www.facebook.com/104925061285004" ] }, "geometry": { "type": "Point", "coordinates": [ -74.8251909, 40.8708627 ] } },
{ "type": "Feature", "properties": { "id": "08f2a12bb486850803b46f624459ba47", "name": "Terranova Pizzeria and Trattoria", "confidence": 0.99497955735766175, "socials": [ "https://www.facebook.com/1410397179255087" ] }, "geometry": { "type": "Point", "coordinates": [ -74.8239736, 40.9039287 ] } },
{ "type": "Feature", "properties": { "id": "08f2a1284b2b54030351fee9ad80e1ca", "name": "Domino's Pizza", "confidence": 0.99497955735766175, "socials": [ "https://www.facebook.com/140771652785848" ] }, "geometry": { "type": "Point", "coordinates": [ -74.7316474, 40.8794741 ] } },
{ "type": "Feature", "properties": { "id": "08f2a1284b7516ea0388c0c988360523", "name": "Vincenzo’s Pizzeria ", "confidence": 0.53885630498533721, "socials": [ "https://www.facebook.com/101692559417582" ] }, "geometry": { "type": "Point", "coordinates": [ -74.73518, 40.88062 ] } },
{ "type": "Feature", "properties": { "id": "08f2a1284b0c53a1037b8f3b02df9ae0", "name": "Vincenzo's Pizza", "confidence": 0.99497955735766175, "socials": [ "https://www.facebook.com/144342065615604" ] }, "geometry": { "type": "Point", "coordinates": [ -74.7309849, 40.8834378 ] } },
{ "type": "Feature", "properties": { "id": "08f2a1284b00b0450313b9c34c44ef44", "name": "Dino's Pizza", "confidence": 0.77, "socials": null }, "geometry": { "type": "Point", "coordinates": [ -74.729618, 40.8847097 ] } },
{ "type": "Feature", "properties": { "id": "08f2a1284b05467003b267509e429a06", "name": "Dino's Pizza & Caffe Margherita", "confidence": 0.77, "socials": null }, "geometry": { "type": "Point", "coordinates": [ -74.72887, 40.88427 ] } },
{ "type": "Feature", "properties": { "id": "08f2a1284b17620103fd058ebeebca7c", "name": "Dino's Pizza & Restaurant", "confidence": 0.97817198851157294, "socials": [ "https://www.facebook.com/1634777426784353" ] }, "geometry": { "type": "Point", "coordinates": [ -74.7260878, 40.8876631 ] } },
{ "type": "Feature", "properties": { "id": "08f2a128496049760358c91cecf3ffad", "name": "Joe and Anthony's Pizza", "confidence": 0.98331870061457416, "socials": [ "https://www.facebook.com/2041166615904029" ] }, "geometry": { "type": "Point", "coordinates": [ -74.707518, 40.8823066 ] } },
{ "type": "Feature", "properties": { "id": "08f2a128488ea496030769f448f17b98", "name": "Sal's Pizzeria", "confidence": 0.97817198851157294, "socials": [ "https://www.facebook.com/179144262142298" ] }, "geometry": { "type": "Point", "coordinates": [ -74.7087216, 40.9076754 ] } },
{ "type": "Feature", "properties": { "id": "08f2a12851af30f103cf2f9145c17b9b", "name": "Camisa Pizza", "confidence": 0.97817198851157294, "socials": [ "https://www.facebook.com/2531187226925348" ] }, "geometry": { "type": "Point", "coordinates": [ -74.7858255, 40.953903 ] } },
{ "type": "Feature", "properties": { "id": "08f2a1284eb0050e0358fe6cc6dd9ac5", "name": "Bel-las Pizza", "confidence": 0.99497955735766175, "socials": [ "https://www.facebook.com/883449745124582" ] }, "geometry": { "type": "Point", "coordinates": [ -74.7188853, 40.9238439 ] } },
{ "type": "Feature", "properties": { "id": "08f2a1284eb00845038a50a732092bf3", "name": "Bella's Pizza", "confidence": 0.77, "socials": null }, "geometry": { "type": "Point", "coordinates": [ -74.718706905841827, 40.923812761902809 ] } },
{ "type": "Feature", "properties": { "id": "08f2a128412aa15e03d0d08c7a883da4", "name": "Frank's Trattoria", "confidence": 0.92595108695652173, "socials": [ "https://www.facebook.com/497741990278584" ] }, "geometry": { "type": "Point", "coordinates": [ -74.7186579, 40.9339589 ] } },
{ "type": "Feature", "properties": { "id": "08f2a128412840de0398a401627224ff", "name": "Frank's Trattoria", "confidence": 0.77, "socials": null }, "geometry": { "type": "Point", "coordinates": [ -74.7193037, 40.9346566 ] } },
{ "type": "Feature", "properties": { "id": "08f2a12b1b5258490373a1d2655c588d", "name": "Roman Pizza", "confidence": 0.98331870061457416, "socials": [ "https://www.facebook.com/144412538765209" ] }, "geometry": { "type": "Point", "coordinates": [ -74.7005232, 40.7820892 ] } },
{ "type": "Feature", "properties": { "id": "08f2a12b1bc06763039fa07f9bc47ac7", "name": "Bella's", "confidence": 0.99497955735766175, "socials": [ "https://www.facebook.com/105505381087826" ] }, "geometry": { "type": "Point", "coordinates": [ -74.6968214, 40.7844327 ] } },
{ "type": "Feature", "properties": { "id": "08f2a12b1bc3085a03e8286b40718ec3", "name": "New York Pizza and Italian Restaurant", "confidence": 0.99497955735766175, "socials": [ "https://www.facebook.com/342593075837374" ] }, "geometry": { "type": "Point", "coordinates": [ -74.6964331, 40.7852895 ] } },
{ "type": "Feature", "properties": { "id": "08f2a12b0383016503fa4097285970d6", "name": "The Pizza Pub", "confidence": 0.99497955735766175, "socials": [ "https://www.facebook.com/122669807787459" ] }, "geometry": { "type": "Point", "coordinates": [ -74.6277254, 40.8219145 ] } },
{ "type": "Feature", "properties": { "id": "08f2a12b316960a9033957ad9a8c9d3b", "name": "Mama's Pizzeria Roxbury", "confidence": 0.97817198851157294, "socials": [ "https://www.facebook.com/293066757223149" ] }, "geometry": { "type": "Point", "coordinates": [ -74.6382272, 40.8661865 ] } },
{ "type": "Feature", "properties": { "id": "08f2a12b3169601b03ec9d678bbbe6f2", "name": "Casella's Pizza and Deli", "confidence": 0.77, "socials": null }, "geometry": { "type": "Point", "coordinates": [ -74.63819854, 40.86618132 ] } },
{ "type": "Feature", "properties": { "id": "08f2a12b06916c82033d7d906ad36a72", "name": "Anthony & Sons Bakery & Italian Deli", "confidence": 0.77, "socials": null }, "geometry": { "type": "Point", "coordinates": [ -74.6294754, 40.8613514 ] } },
{ "type": "Feature", "properties": { "id": "08f2a12b0d48601e0343ddceb4a2a601", "name": "Franks Pizza And Italian Restaurant", "confidence": 0.99497955735766175, "socials": [ "https://www.facebook.com/110345671425401" ] }, "geometry": { "type": "Point", "coordinates": [ -74.589159, 40.7827498 ] } },
{ "type": "Feature", "properties": { "id": "08f2a12b05360d8b0308d54752a9a54a", "name": "Antimo's Pizzeria", "confidence": 0.99497955735766175, "socials": [ "https://www.facebook.com/755857067826492" ] }, "geometry": { "type": "Point", "coordinates": [ -74.5839209, 40.8283591 ] } },
{ "type": "Feature", "properties": { "id": "08f2a12b2a91085603977a304de86af6", "name": "Pizza Palace", "confidence": 0.97817198851157294, "socials": [ "https://www.facebook.com/142968992408392" ] }, "geometry": { "type": "Point", "coordinates": [ -74.5669261, 40.8257684 ] } },
{ "type": "Feature", "properties": { "id": "08f2a12b23986d930309814834b58428", "name": "Mondo Pizza Restaurant and Catering", "confidence": 0.99497955735766175, "socials": [ "https://www.facebook.com/1944059305883947" ] }, "geometry": { "type": "Point", "coordinates": [ -74.5727288, 40.86297 ] } },
{ "type": "Feature", "properties": { "id": "08f2a12b2065821b03299026718349ee", "name": "PaisanosRandolph", "confidence": 0.71069587628865982, "socials": [ "https://www.facebook.com/407386832451354" ] }, "geometry": { "type": "Point", "coordinates": [ -74.5708762, 40.8639977 ] } },
{ "type": "Feature", "properties": { "id": "08f2a12b2064a8dc03845bc79f8de0b5", "name": "Paisano's Pizzeria", "confidence": 0.77, "socials": null }, "geometry": { "type": "Point", "coordinates": [ -74.5698488, 40.8639174 ] } },
{ "type": "Feature", "properties": { "id": "08f2a12849625b4d039dc182e5b620de", "name": "Joe and Anthony's Pizza", "confidence": 0.77, "socials": null }, "geometry": { "type": "Point", "coordinates": [ -74.70591, 40.8824483 ] } },
{ "type": "Feature", "properties": { "id": "08f2a1284970a66d0318411cd7bc59ec", "name": "Joe & Anthony's Pizzeria", "confidence": 0.77, "socials": null }, "geometry": { "type": "Point", "coordinates": [ -74.7063599, 40.8831 ] } },
{ "type": "Feature", "properties": { "id": "08f2a12849d964dc03af3b135652caab", "name": "Carmines Pizza", "confidence": 0.99497955735766175, "socials": [ "https://www.facebook.com/143408605714496" ] }, "geometry": { "type": "Point", "coordinates": [ -74.7067018, 40.8983996 ] } },
{ "type": "Feature", "properties": { "id": "08f2a12849d96b5103c850e48178e338", "name": "La Cocina de Maria", "confidence": 0.97817198851157294, "socials": [ "https://www.facebook.com/310677069688678" ] }, "geometry": { "type": "Point", "coordinates": [ -74.7062363, 40.8984191 ] } },
{ "type": "Feature", "properties": { "id": "08f2a12849d96868038966a49c9f596b", "name": "Pizza Express", "confidence": 0.99497955735766175, "socials": [ "https://www.facebook.com/101927302210192" ] }, "geometry": { "type": "Point", "coordinates": [ -74.7062341, 40.8984989 ] } },
{ "type": "Feature", "properties": { "id": "08f2a12848aecc7203a78b8963e8a955", "name": "Johnny Jr's Pizza", "confidence": 0.99497955735766175, "socials": [ "https://www.facebook.com/166379943377468" ] }, "geometry": { "type": "Point", "coordinates": [ -74.7051308, 40.9005486 ] } },
{ "type": "Feature", "properties": { "id": "08f2a12b33100c400318a675299f370b", "name": "Delizia Pizza Kitchen", "confidence": 0.71069587628865982, "socials": [ "https://www.facebook.com/262439537128806" ] }, "geometry": { "type": "Point", "coordinates": [ -74.651728, 40.873062 ] } },
{ "type": "Feature", "properties": { "id": "08f2a12b33100506039edf0561012d46", "name": "Delizia Pizza Kitchen", "confidence": 0.77, "socials": null }, "geometry": { "type": "Point", "coordinates": [ -74.651357, 40.873423 ] } },
{ "type": "Feature", "properties": { "id": "08f2a12b33b910650377d4104ccdd88f", "name": "Luigi's Pizza", "confidence": 0.77, "socials": null }, "geometry": { "type": "Point", "coordinates": [ -74.6464955, 40.8694733 ] } },
{ "type": "Feature", "properties": { "id": "08f2a12b338e98a4038af8e0515f9508", "name": "Anthony Francos Pizza Roxbury", "confidence": 0.77, "socials": null }, "geometry": { "type": "Point", "coordinates": [ -74.6454223, 40.8721582 ] } },
{ "type": "Feature", "properties": { "id": "08f2a12b3385a89303b29dfd226b3454", "name": "Anthony Franco's Pizza", "confidence": 0.97817198851157294, "socials": [ "https://www.facebook.com/100185824959323" ] }, "geometry": { "type": "Point", "coordinates": [ -74.6448429, 40.8723231 ] } },
{ "type": "Feature", "properties": { "id": "08f2a12b338abc7503e9e12dfc0ebeae", "name": "La Gratella", "confidence": 0.97817198851157294, "socials": [ "https://www.facebook.com/100484061533389" ] }, "geometry": { "type": "Point", "coordinates": [ -74.648458, 40.8750812 ] } },
{ "type": "Feature", "properties": { "id": "08f2a12b338abd600347a0f632529667", "name": "La Gratella Pizza & Restaurant", "confidence": 0.77, "socials": null }, "geometry": { "type": "Point", "coordinates": [ -74.648526, 40.875264 ] } },
{ "type": "Feature", "properties": { "id": "08f2a12b33981d9e03b898dc3d0f34fc", "name": "Delizia Pizza Kitchen", "confidence": 0.77, "socials": null }, "geometry": { "type": "Point", "coordinates": [ -74.6475181, 40.8782214 ] } },
{ "type": "Feature", "properties": { "id": "08f2a12b339068e3036becb94b11d1fb", "name": "Dominos Pizza,Ledgewood", "confidence": 0.31588785046728973, "socials": [ "https://www.facebook.com/115451148560717" ] }, "geometry": { "type": "Point", "coordinates": [ -74.6445726, 40.8796911 ] } },
{ "type": "Feature", "properties": { "id": "08f2a12b33932ce2035ff9462cbef73e", "name": "Domino's Pizza", "confidence": 0.99497955735766175, "socials": [ "https://www.facebook.com/321202234680268" ] }, "geometry": { "type": "Point", "coordinates": [ -74.6444469, 40.8808581 ] } },
{ "type": "Feature", "properties": { "id": "08f2a12b31c93998038b84b5c014811e", "name": "Sibora's Pizza and Mediterranean Grill", "confidence": 0.77, "socials": null }, "geometry": { "type": "Point", "coordinates": [ -74.632305, 40.879034 ] } },
{ "type": "Feature", "properties": { "id": "08f2a12b31c939980350e98ae8f88e95", "name": "Tony's Famous Pizzeria", "confidence": 0.77, "socials": null }, "geometry": { "type": "Point", "coordinates": [ -74.632303, 40.879038 ] } },
{ "type": "Feature", "properties": { "id": "08f2a12b31d5190b03e1a9af172c3cd7", "name": "Joe's Pizzeria", "confidence": 0.97817198851157294, "socials": [ "https://www.facebook.com/319791761406478" ] }, "geometry": { "type": "Point", "coordinates": [ -74.6230295, 40.8793663 ] } },
{ "type": "Feature", "properties": { "id": "08f2a12b346a13130323ee110dcae4ac", "name": "Frank's Pizza (Mt. Arlington)", "confidence": 0.99497955735766175, "socials": [ "https://www.facebook.com/221092927979495" ] }, "geometry": { "type": "Point", "coordinates": [ -74.6369544, 40.9028478 ] } },
{ "type": "Feature", "properties": { "id": "08f2a12b347b490c03108fb0ce905329", "name": "Frank's Pizza", "confidence": 0.77, "socials": null }, "geometry": { "type": "Point", "coordinates": [ -74.6361111, 40.9069274 ] } },
{ "type": "Feature", "properties": { "id": "08f2a1286baaa6300374338a4493f57f", "name": "Knot Just Pizza", "confidence": 0.99497955735766175, "socials": [ "https://www.facebook.com/345793519108681" ] }, "geometry": { "type": "Point", "coordinates": [ -74.6643995, 40.9224934 ] } },
{ "type": "Feature", "properties": { "id": "08f2a1286b910b1e0348a4666a712a63", "name": "Frank's Pizza Hopatcong", "confidence": 0.77, "socials": null }, "geometry": { "type": "Point", "coordinates": [ -74.6625949, 40.9345203 ] } },
{ "type": "Feature", "properties": { "id": "08f2a12869af6b5c03dd68b1db88ff18", "name": "Pizza Express (Mt. Arlington)", "confidence": 0.99497955735766175, "socials": [ "https://www.facebook.com/107555065034874" ] }, "geometry": { "type": "Point", "coordinates": [ -74.6333245, 40.9227456 ] } },
{ "type": "Feature", "properties": { "id": "08f2a1286b936d4d03e1978a8970bf2f", "name": "Tuscana's Pizzeria & Restaurant", "confidence": 0.99497955735766175, "socials": [ "https://www.facebook.com/106962468484046" ] }, "geometry": { "type": "Point", "coordinates": [ -74.6619756, 40.9351114 ] } },
{ "type": "Feature", "properties": { "id": "08f2a12868043c2503df644cf70e67ce", "name": "The Grotto Restaurant", "confidence": 0.99497955735766175, "socials": [ "https://www.facebook.com/327720590711" ] }, "geometry": { "type": "Point", "coordinates": [ -74.6559594, 40.9415816 ] } },
{ "type": "Feature", "properties": { "id": "08f2a1286804230403dbf30376ac557f", "name": "Grotto Pizza", "confidence": 0.77, "socials": null }, "geometry": { "type": "Point", "coordinates": [ -74.655848, 40.9416809 ] } },
{ "type": "Feature", "properties": { "id": "08f2a12b319a1366038a486b249611ae", "name": "La Pizza", "confidence": 0.29137199434229144, "socials": [ "https://www.facebook.com/113757220258978" ] }, "geometry": { "type": "Point", "coordinates": [ -74.6160736, 40.8795426 ] } },
{ "type": "Feature", "properties": { "id": "08f2a12b22c900e2033ad2842032a74e", "name": "Prime pizzeria", "confidence": 0.97817198851157294, "socials": [ "https://www.facebook.com/189628880890488" ] }, "geometry": { "type": "Point", "coordinates": [ -74.6021317, 40.8802035 ] } },
{ "type": "Feature", "properties": { "id": "08f2a12b2605ac6603e614694661db55", "name": "Theodoras Family Restaurant and Pizza", "confidence": 0.97817198851157294, "socials": [ "https://www.facebook.com/259456977564475" ] }, "geometry": { "type": "Point", "coordinates": [ -74.579317, 40.8879457 ] } },
{ "type": "Feature", "properties": { "id": "08f2a12b26c3409e034b47090839f549", "name": "Maria's Pizzeria and Restaurant", "confidence": 0.99497955735766175, "socials": [ "https://www.facebook.com/101549612604508" ] }, "geometry": { "type": "Point", "coordinates": [ -74.5823775, 40.9005239 ] } },
{ "type": "Feature", "properties": { "id": "08f2a104994deba503fc196cf5630f19", "name": "La Forchetta", "confidence": 0.99497955735766175, "socials": [ "https://www.facebook.com/185103458730755" ] }, "geometry": { "type": "Point", "coordinates": [ -74.5785392, 40.910265 ] } },
{ "type": "Feature", "properties": { "id": "08f2a12b246c0753037c0621ad86b50c", "name": "Domino's Pizza", "confidence": 0.99497955735766175, "socials": [ "https://www.facebook.com/379629155482865" ] }, "geometry": { "type": "Point", "coordinates": [ -74.5599803, 40.8839043 ] } },
{ "type": "Feature", "properties": { "id": "08f2a12b2554b4cc033d065210478d21", "name": "Mario's Famous Pizza", "confidence": 0.98582594999015549, "socials": [ "https://www.facebook.com/719397134811704" ] }, "geometry": { "type": "Point", "coordinates": [ -74.5403234, 40.8749666 ] } },
{ "type": "Feature", "properties": { "id": "08f2a12b2519a914035ccbd6085c56e3", "name": "Pizza Hut", "confidence": 0.99497955735766175, "socials": [ "https://www.facebook.com/156266091066777" ] }, "geometry": { "type": "Point", "coordinates": [ -74.5375445, 40.8760985 ] } },
{ "type": "Feature", "properties": { "id": "08f2a12b2405e46d038d64e0b3e950fe", "name": "Delizia Pizza", "confidence": 0.99497955735766175, "socials": [ "https://www.facebook.com/104936242883654" ] }, "geometry": { "type": "Point", "coordinates": [ -74.5489783, 40.8890764 ] } },
{ "type": "Feature", "properties": { "id": "08f2a12b24ae086203cc4759ca1f68e5", "name": "M&S Pizza", "confidence": 0.97817198851157294, "socials": [ "https://www.facebook.com/139192346287704" ] }, "geometry": { "type": "Point", "coordinates": [ -74.5393639, 40.8878774 ] } },
{ "type": "Feature", "properties": { "id": "08f2a1048b69a71403d52b42586c288b", "name": "M and S II Pizza", "confidence": 0.93837369560937189, "socials": [ "https://www.facebook.com/325776778239062" ] }, "geometry": { "type": "Point", "coordinates": [ -74.5342211, 40.8865028 ] } },
{ "type": "Feature", "properties": { "id": "08f2a1048b69a6b00372bb8b6a933cbb", "name": "M&S II", "confidence": 0.71069587628865982, "socials": [ "https://www.facebook.com/812413198815949" ] }, "geometry": { "type": "Point", "coordinates": [ -74.534166, 40.886539 ] } },
{ "type": "Feature", "properties": { "id": "08f2a1048b69a714033070bdf7a86af1", "name": "M&S II Pizza", "confidence": 0.77, "socials": null }, "geometry": { "type": "Point", "coordinates": [ -74.534164, 40.8865469 ] } },
{ "type": "Feature", "properties": { "id": "08f2a1049904355b03b3e37d865598d2", "name": "Frank's Pizza", "confidence": 0.99497955735766175, "socials": [ "https://www.facebook.com/103968420953740" ] }, "geometry": { "type": "Point", "coordinates": [ -74.5638513, 40.9072628 ] } },
{ "type": "Feature", "properties": { "id": "08f2a10499320403030b6f658c5a067b", "name": "Pizza Hut Express", "confidence": 0.99497955735766175, "socials": [ "https://www.facebook.com/165066247359936" ] }, "geometry": { "type": "Point", "coordinates": [ -74.5597049, 40.9057003 ] } },
{ "type": "Feature", "properties": { "id": "08f2a10499a2a4d9035fab48ab7d4589", "name": "Gio's Artisan Pizza", "confidence": 0.97817198851157294, "socials": [ "https://www.facebook.com/184617545394612" ] }, "geometry": { "type": "Point", "coordinates": [ -74.5539186, 40.9076704 ] } },
{ "type": "Feature", "properties": { "id": "08f2a104932d31ac03526de7ddd39c03", "name": "Vinny & Son Pizzeria & Italian Restaurant", "confidence": 0.99497955735766175, "socials": [ "https://www.facebook.com/1457276464487390" ] }, "geometry": { "type": "Point", "coordinates": [ -74.6146925, 40.9537304 ] } },
{ "type": "Feature", "properties": { "id": "08f2a12871641d4a03da27a464f346a7", "name": "Firehouse Pizza", "confidence": 0.99497955735766175, "socials": [ "https://www.facebook.com/579471055462080" ] }, "geometry": { "type": "Point", "coordinates": [ -74.7420294, 40.9890362 ] } },
{ "type": "Feature", "properties": { "id": "08f2a12871624d93037bbcabff0c009c", "name": "Vinny & Son Pizza (Andover)", "confidence": 0.77, "socials": null }, "geometry": { "type": "Point", "coordinates": [ -74.7428738, 40.9932766 ] } },
{ "type": "Feature", "properties": { "id": "08f2a1049168e22c03f21e2dbe18969a", "name": "Franks Pizza and Restaurant On 15", "confidence": 0.97817198851157294, "socials": [ "https://www.facebook.com/174187469279672" ] }, "geometry": { "type": "Point", "coordinates": [ -74.5960438, 40.9587039 ] } },
{ "type": "Feature", "properties": { "id": "08f2a104daba8328035755744eea9ffe", "name": "Portofino's Restaurant", "confidence": 0.77, "socials": null }, "geometry": { "type": "Point", "coordinates": [ -74.48971, 40.80085 ] } },
{ "type": "Feature", "properties": { "id": "08f2a104de1b282a03e71f39890b24bc", "name": "Lovey's Pizza & Grill - Morris Plains", "confidence": 0.77, "socials": null }, "geometry": { "type": "Point", "coordinates": [ -74.4889004, 40.82373973 ] } },
{ "type": "Feature", "properties": { "id": "08f2a104db9a5c9103b8166ff84c23b6", "name": "Morris Pizzeria", "confidence": 0.97817198851157294, "socials": [ "https://www.facebook.com/102618444801363" ] }, "geometry": { "type": "Point", "coordinates": [ -74.4763101, 40.7921453 ] } },
{ "type": "Feature", "properties": { "id": "08f2a104d86e45a603b6e78046bb94c7", "name": "Millie's Old World Meatballs & Pizza", "confidence": 0.98331870061457416, "socials": [ "https://www.facebook.com/122968101142557" ] }, "geometry": { "type": "Point", "coordinates": [ -74.4791737, 40.794925 ] } },
{ "type": "Feature", "properties": { "id": "08f2a104d86a838a0397866b26b551f8", "name": "Coniglio's Old Fashioned", "confidence": 0.97817198851157294, "socials": [ "https://www.facebook.com/103190972602287" ] }, "geometry": { "type": "Point", "coordinates": [ -74.4809142, 40.7958855 ] } },
{ "type": "Feature", "properties": { "id": "08f2a104d86ac94003b67efcf5b01f88", "name": "A Legna Wood Fired Pizza & Italian Cuisine", "confidence": 0.99497955735766175, "socials": [ "https://www.facebook.com/104251685644857" ] }, "geometry": { "type": "Point", "coordinates": [ -74.4805209, 40.7965191 ] } },
{ "type": "Feature", "properties": { "id": "08f2a104dab42c03035970e3624f7f67", "name": "Suvio's", "confidence": 0.99497955735766175, "socials": [ "https://www.facebook.com/140211768032" ] }, "geometry": { "type": "Point", "coordinates": [ -74.4855557, 40.7989242 ] } },
{ "type": "Feature", "properties": { "id": "08f2a104d84e6af503c0407717b9d566", "name": "Domino's Pizza", "confidence": 0.99497955735766175, "socials": [ "https://www.facebook.com/169788573199017" ] }, "geometry": { "type": "Point", "coordinates": [ -74.4819164, 40.8026074 ] } },
{ "type": "Feature", "properties": { "id": "08f2a104d8756d9103f05143e9399574", "name": "The Godfather of Morristown", "confidence": 0.99497955735766175, "socials": [ "https://www.facebook.com/129866297181150" ] }, "geometry": { "type": "Point", "coordinates": [ -74.4758328, 40.797358 ] } },
{ "type": "Feature", "properties": { "id": "08f2a104d8aeaa640376b5c593cb5615", "name": "Morris Pizza, Morristown NJ", "confidence": 0.47268106734434556, "socials": [ "https://www.facebook.com/1753559278236516" ] }, "geometry": { "type": "Point", "coordinates": [ -74.45993, 40.79652 ] } },
{ "type": "Feature", "properties": { "id": "08f2a104de1428e503b22c6cb4e63398", "name": "Mario's Brickoven & Restaurant", "confidence": 0.99497955735766175, "socials": [ "https://www.facebook.com/1503091806659956" ] }, "geometry": { "type": "Point", "coordinates": [ -74.4819483, 40.8201508 ] } },
{ "type": "Feature", "properties": { "id": "08f2a104de8f0729036e4a8f6a75d7cb", "name": "Annabella's Pizzeria & Restaurant", "confidence": 0.99497955735766175, "socials": [ "https://www.facebook.com/302340639947773" ] }, "geometry": { "type": "Point", "coordinates": [ -74.4801497, 40.8239208 ] } },
{ "type": "Feature", "properties": { "id": "08f2a104dea597020368ec56d4218ca1", "name": "Cento", "confidence": 0.77, "socials": null }, "geometry": { "type": "Point", "coordinates": [ -74.473194, 40.8145219 ] } },
{ "type": "Feature", "properties": { "id": "08f2a104d89892c603380bacd95d5dd7", "name": "Mangiano Pizza Restaurant Catering & Private Events", "confidence": 0.99497955735766175, "socials": [ "https://www.facebook.com/169631617204577" ] }, "geometry": { "type": "Point", "coordinates": [ -74.4631601, 40.8083606 ] } },
{ "type": "Feature", "properties": { "id": "08f2a104dc8caa2b030d9ffb8d9777d9", "name": "Milan Pizzeria", "confidence": 0.99497955735766175, "socials": [ "https://www.facebook.com/304323209980320" ] }, "geometry": { "type": "Point", "coordinates": [ -74.4494532, 40.8224904 ] } },
{ "type": "Feature", "properties": { "id": "08f2a104de980973035c39794e4dd08a", "name": "Tony's Pizza", "confidence": 0.99497955735766175, "socials": [ "https://www.facebook.com/367309836806450" ] }, "geometry": { "type": "Point", "coordinates": [ -74.4794463, 40.8282378 ] } },
{ "type": "Feature", "properties": { "id": "08f2a104d55a2230030209bca284fbbd", "name": "Tabor Pizzeria", "confidence": 0.77, "socials": null }, "geometry": { "type": "Point", "coordinates": [ -74.4702849, 40.8632758 ] } },
{ "type": "Feature", "properties": { "id": "08f2a104d55a2376030aabead6864379", "name": "Tabor Pizzeria", "confidence": 0.97817198851157294, "socials": [ "https://www.facebook.com/197636196625" ] }, "geometry": { "type": "Point", "coordinates": [ -74.4701595, 40.8634783 ] } },
{ "type": "Feature", "properties": { "id": "08f2a104c3bb2850036240b8afcbe596", "name": "Johnny's Pizzeria", "confidence": 0.99497955735766175, "socials": [ "https://www.facebook.com/159828714090389" ] }, "geometry": { "type": "Point", "coordinates": [ -74.4181477, 40.8233824 ] } },
{ "type": "Feature", "properties": { "id": "08f2a104c3b0257103eec56b029d7968", "name": "Whippany Pizzeria", "confidence": 0.77, "socials": null }, "geometry": { "type": "Point", "coordinates": [ -74.4094919, 40.8213645 ] } },
{ "type": "Feature", "properties": { "id": "08f2a104c14dcad903cc438aebda56c4", "name": "Whippany Pizzeria", "confidence": 0.97817198851157294, "socials": [ "https://www.facebook.com/103337162079145" ] }, "geometry": { "type": "Point", "coordinates": [ -74.4095407, 40.8218522 ] } },
{ "type": "Feature", "properties": { "id": "08f2a104c810e6b30335ec377adf89bd", "name": "Florham Park Pizza", "confidence": 0.77, "socials": null }, "geometry": { "type": "Point", "coordinates": [ -74.3924227, 40.7876054 ] } },
{ "type": "Feature", "properties": { "id": "08f2a104c8111c760352b8e5076bbf80", "name": "La Piazza", "confidence": 0.77, "socials": null }, "geometry": { "type": "Point", "coordinates": [ -74.393406, 40.788588 ] } },
{ "type": "Feature", "properties": { "id": "08f2a104c8121c2403644d9d342a9192", "name": "Nonna's Pizza and Italian Restaurant", "confidence": 0.97817198851157294, "socials": [ "https://www.facebook.com/122813371062164" ] }, "geometry": { "type": "Point", "coordinates": [ -74.3907399, 40.7891076 ] } },
{ "type": "Feature", "properties": { "id": "08f2a104c8136d1c0369c53b46d1bac1", "name": "Mangia Italian Eatery & Pizza", "confidence": 0.77, "socials": null }, "geometry": { "type": "Point", "coordinates": [ -74.39288, 40.79018 ] } },
{ "type": "Feature", "properties": { "id": "08f2a104c8c683a003b03a3fd3046ffd", "name": "Angelina's Trattoria", "confidence": 0.99497955735766175, "socials": [ "https://www.facebook.com/109913661351671" ] }, "geometry": { "type": "Point", "coordinates": [ -74.3928962, 40.7905267 ] } },
{ "type": "Feature", "properties": { "id": "08f2a104c12c676a0333705e75c46bd6", "name": "The Pizza Shack", "confidence": 0.77, "socials": null }, "geometry": { "type": "Point", "coordinates": [ -74.3958346, 40.8124556 ] } },
{ "type": "Feature", "properties": { "id": "08f2a104c134a70803c2a956f43967d5", "name": "Lazio Pizzeria & Deli", "confidence": 0.77, "socials": null }, "geometry": { "type": "Point", "coordinates": [ -74.3894214, 40.8138645 ] } },
{ "type": "Feature", "properties": { "id": "08f2a104c134a0e603803e9cfa131266", "name": "Lazio's Pizzeria", "confidence": 0.93837369560937189, "socials": [ "https://www.facebook.com/157880484083789" ] }, "geometry": { "type": "Point", "coordinates": [ -74.3895539, 40.813978 ] } },
{ "type": "Feature", "properties": { "id": "08f2a104ccced225030eb0ed6c2c2ef5", "name": "Chuck E. Cheese", "confidence": 0.99497955735766175, "socials": [ "https://www.facebook.com/190313397673299" ] }, "geometry": { "type": "Point", "coordinates": [ -74.3823995, 40.8096091 ] } },
{ "type": "Feature", "properties": { "id": "08f2a104cc88c1590367b6f874db60fc", "name": "The Godfather of East Hanover", "confidence": 0.99497955735766175, "socials": [ "https://www.facebook.com/151958221507649" ] }, "geometry": { "type": "Point", "coordinates": [ -74.375158, 40.8094648 ] } },
{ "type": "Feature", "properties": { "id": "08f2a104ccb0d18403275162d2a97ac4", "name": "Domino's Pizza", "confidence": 0.99497955735766175, "socials": [ "https://www.facebook.com/671489326198693" ] }, "geometry": { "type": "Point", "coordinates": [ -74.3662968, 40.804092 ] } },
{ "type": "Feature", "properties": { "id": "08f2a104eb4db373030dffedabce7243", "name": "Uncle Maddio's Pizza", "confidence": 0.77, "socials": null }, "geometry": { "type": "Point", "coordinates": [ -74.364311218261705, 40.803928375244098 ] } },
{ "type": "Feature", "properties": { "id": "08f2a104c3c4ba9603837acc08566f7b", "name": "Palermo's Pizzeria & Family Restaurant", "confidence": 0.77, "socials": null }, "geometry": { "type": "Point", "coordinates": [ -74.4260174, 40.8255999 ] } },
{ "type": "Feature", "properties": { "id": "08f2a104c63a2382032fa66a20fec703", "name": "Jefry's Pizza", "confidence": 0.98582594999015549, "socials": [ "https://www.facebook.com/196860412369" ] }, "geometry": { "type": "Point", "coordinates": [ -74.426947, 40.85441 ] } },
{ "type": "Feature", "properties": { "id": "08f2a104c63b4b0e033135a4dfdd4cf4", "name": "Marino's Pizzeria & Restaurant", "confidence": 0.99497955735766175, "socials": [ "https://www.facebook.com/555763251163182" ] }, "geometry": { "type": "Point", "coordinates": [ -74.4273502, 40.855177 ] } },
{ "type": "Feature", "properties": { "id": "08f2a104c602374e036d7cb806a353cd", "name": "Jimmy’s Pizzeria & Family Restaurant", "confidence": 0.77, "socials": null }, "geometry": { "type": "Point", "coordinates": [ -74.426920115947723, 40.859150066971779 ] } },
{ "type": "Feature", "properties": { "id": "08f2a104c6023b28035408a90b531b4d", "name": "Marco's Pizzeria", "confidence": 0.35051546391752575, "socials": [ "https://www.facebook.com/518114575001498" ] }, "geometry": { "type": "Point", "coordinates": [ -74.42654, 40.85928 ] } },
{ "type": "Feature", "properties": { "id": "08f2a104c6023b4003f956a81b9b9858", "name": "Joseph's Pizzeria", "confidence": 0.77, "socials": null }, "geometry": { "type": "Point", "coordinates": [ -74.4265256, 40.859237 ] } },
{ "type": "Feature", "properties": { "id": "08f2a104c698870203d18443b93ec2b6", "name": "Domino's Pizza", "confidence": 0.99497955735766175, "socials": [ "https://www.facebook.com/653447471349483" ] }, "geometry": { "type": "Point", "coordinates": [ -74.4214675, 40.8659367 ] } },
{ "type": "Feature", "properties": { "id": "08f2a104c4793c9503894a5d384d2f07", "name": "Annabella's Pizza & Restaurant", "confidence": 0.93346005154639178, "socials": null }, "geometry": { "type": "Point", "coordinates": [ -74.4102649, 40.8569163 ] } },
{ "type": "Feature", "properties": { "id": "08f2a104ea8eecd903dc329453303777", "name": "Avellino Pizza & Grille", "confidence": 0.97817198851157294, "socials": [ "https://www.facebook.com/191228310934138" ] }, "geometry": { "type": "Point", "coordinates": [ -74.3586119, 40.82674 ] } },
{ "type": "Feature", "properties": { "id": "08f2a104c4c4064b03bb7e45a2743751", "name": "Anthony Francos PIZZA", "confidence": 0.99497955735766175, "socials": [ "https://www.facebook.com/143835206270162" ] }, "geometry": { "type": "Point", "coordinates": [ -74.3981211, 40.8649568 ] } },
{ "type": "Feature", "properties": { "id": "08f2a104c48933ae03b3200d01aff772", "name": "Baldwin Pizzeria", "confidence": 0.99497955735766175, "socials": [ "https://www.facebook.com/112403129789" ] }, "geometry": { "type": "Point", "coordinates": [ -74.3954445, 40.8649842 ] } },
{ "type": "Feature", "properties": { "id": "08f2a104c484acac031b20571ed1ff6d", "name": "The Goodfather Pizza of Parsippany", "confidence": 0.97817198851157294, "socials": [ "https://www.facebook.com/105467734606493" ] }, "geometry": { "type": "Point", "coordinates": [ -74.387498, 40.861783 ] } },
{ "type": "Feature", "properties": { "id": "08f2a104c484aca503377a89bf38ed1b", "name": "The Godfather of Parsippany", "confidence": 0.77, "socials": null }, "geometry": { "type": "Point", "coordinates": [ -74.3874973, 40.8617943 ] } },
{ "type": "Feature", "properties": { "id": "08f2a104c484ad8b03e81c13f382623a", "name": "Queen Pizzeria", "confidence": 0.53885630498533721, "socials": [ "https://www.facebook.com/115262516505591" ] }, "geometry": { "type": "Point", "coordinates": [ -74.387362, 40.861892 ] } },
{ "type": "Feature", "properties": { "id": "08f2a104e356a96d03488658208d8127", "name": "Parsippany's Best Pizza", "confidence": 0.77, "socials": null }, "geometry": { "type": "Point", "coordinates": [ -74.37305, 40.8629152 ] } },
{ "type": "Feature", "properties": { "id": "08f2a104e356550d031891a2c1ca1d32", "name": "Parsippany's Best Pizza", "confidence": 0.9961633011413521, "socials": [ "https://www.facebook.com/583964581683819" ] }, "geometry": { "type": "Point", "coordinates": [ -74.3727298, 40.8640579 ] } },
{ "type": "Feature", "properties": { "id": "08f2a104e35642c303f09b47ef424ec1", "name": "Parsippany's Best Pizza", "confidence": 0.77, "socials": null }, "geometry": { "type": "Point", "coordinates": [ -74.3727953, 40.8641135 ] } },
{ "type": "Feature", "properties": { "id": "08f2a1048b756a02032766ebb38d2128", "name": "Domino's Pizza", "confidence": 0.97817198851157294, "socials": [ "https://www.facebook.com/492634998176008" ] }, "geometry": { "type": "Point", "coordinates": [ -74.5253053, 40.8883234 ] } },
{ "type": "Feature", "properties": { "id": "08f2a1048baa097303016ba7d6d81da0", "name": "Unbelievable Tales", "confidence": 0.71069587628865982, "socials": [ "https://www.facebook.com/586439044881655" ] }, "geometry": { "type": "Point", "coordinates": [ -74.511618, 40.891584 ] } },
{ "type": "Feature", "properties": { "id": "08f2a1048baa08f5038eac6d62f08811", "name": "RJ's Pizzeria", "confidence": 0.77, "socials": null }, "geometry": { "type": "Point", "coordinates": [ -74.5113094, 40.8917443 ] } },
{ "type": "Feature", "properties": { "id": "08f2a1048b98c711035f71f86936d1c5", "name": "Pizza Rustica", "confidence": 0.99497955735766175, "socials": [ "https://www.facebook.com/896941120470588" ] }, "geometry": { "type": "Point", "coordinates": [ -74.5131489, 40.900634 ] } },
{ "type": "Feature", "properties": { "id": "08f2a1048b983836039175d033a2fe6e", "name": "Anthony's Pizzeria & Family Restaurant", "confidence": 0.99497955735766175, "socials": [ "https://www.facebook.com/207411462607996" ] }, "geometry": { "type": "Point", "coordinates": [ -74.5137714, 40.9010166 ] } },
{ "type": "Feature", "properties": { "id": "08f2a104894ad0ca03c72237948ebbbd", "name": "Brick 46", "confidence": 0.97817198851157294, "socials": [ "https://www.facebook.com/458726200891862" ] }, "geometry": { "type": "Point", "coordinates": [ -74.5026384, 40.8959045 ] } },
{ "type": "Feature", "properties": { "id": "08f2a104d409270c0376cb2a2b59f5f4", "name": "Mancino's Pizza & Italian Cuisine", "confidence": 0.77, "socials": null }, "geometry": { "type": "Point", "coordinates": [ -74.480225, 40.8760968 ] } },
{ "type": "Feature", "properties": { "id": "08f2a10489aea71c032ec8761fed5aa7", "name": "Jimmy Tomato's Pizzeria", "confidence": 0.99497955735766175, "socials": [ "https://www.facebook.com/100925241341612" ] }, "geometry": { "type": "Point", "coordinates": [ -74.4800363, 40.8887098 ] } },
{ "type": "Feature", "properties": { "id": "08f2a10489b4da4d03f2295123b98847", "name": "Il Torrente", "confidence": 0.99497955735766175, "socials": [ "https://www.facebook.com/1337092419681290" ] }, "geometry": { "type": "Point", "coordinates": [ -74.473112, 40.8907556 ] } },
{ "type": "Feature", "properties": { "id": "08f2a10489a2160603a3016040c8e5f2", "name": "Dantes Pizzeria", "confidence": 0.99497955735766175, "socials": [ "https://www.facebook.com/1780259915577388" ] }, "geometry": { "type": "Point", "coordinates": [ -74.4773639, 40.8920465 ] } },
{ "type": "Feature", "properties": { "id": "08f2a10489a2672903140024befd994a", "name": "Denville Pizzeria", "confidence": 0.99497955735766175, "socials": [ "https://www.facebook.com/276970230549" ] }, "geometry": { "type": "Point", "coordinates": [ -74.4780154, 40.8928633 ] } },
{ "type": "Feature", "properties": { "id": "08f2a10488ca2436037e86c55067cb02", "name": "Domenico's Pizza", "confidence": 0.97817198851157294, "socials": [ "https://www.facebook.com/1638644219484096" ] }, "geometry": { "type": "Point", "coordinates": [ -74.5118978, 40.9206428 ] } },
{ "type": "Feature", "properties": { "id": "08f2a104f16edd840301e6abb74cb443", "name": "Palermo's Pizzeria and Family Restaurant", "confidence": 0.99497955735766175, "socials": [ "https://www.facebook.com/1248530771930614" ] }, "geometry": { "type": "Point", "coordinates": [ -74.4218608, 40.8695323 ] } },
{ "type": "Feature", "properties": { "id": "08f2a104f56a3c020316a7f5ed36150f", "name": "Reservoir Tavern", "confidence": 0.99497955735766175, "socials": [ "https://www.facebook.com/125971010788015" ] }, "geometry": { "type": "Point", "coordinates": [ -74.4114118, 40.8916795 ] } },
{ "type": "Feature", "properties": { "id": "08f2a104f550130e030ac3e6ef22531c", "name": "Bako's Pizza", "confidence": 0.99497955735766175, "socials": [ "https://www.facebook.com/100613516013817" ] }, "geometry": { "type": "Point", "coordinates": [ -74.4077592, 40.9013277 ] } },
{ "type": "Feature", "properties": { "id": "08f2a104f421c0ab03d264ad25f69853", "name": "Domino's Pizza", "confidence": 0.99497955735766175, "socials": [ "https://www.facebook.com/523345234392165" ] }, "geometry": { "type": "Point", "coordinates": [ -74.4139189, 40.9065744 ] } },
{ "type": "Feature", "properties": { "id": "08f2a104f427237603df392eaf8fd9d2", "name": "Roma Pizzeria and Restaurant", "confidence": 0.99497955735766175, "socials": [ "https://www.facebook.com/607702775976455" ] }, "geometry": { "type": "Point", "coordinates": [ -74.4114752, 40.9053568 ] } },
{ "type": "Feature", "properties": { "id": "08f2a104f42680090368fa6e2d6645a9", "name": "Vinnie's Pizzeria & Ristorante", "confidence": 0.97158508158508161, "socials": [ "https://www.facebook.com/545713382129563" ] }, "geometry": { "type": "Point", "coordinates": [ -74.4089821, 40.9041177 ] } },
{ "type": "Feature", "properties": { "id": "08f2a104f5c9a0ea03acc44c7121e88c", "name": "Pasquale's Restaurant and Pizzeria", "confidence": 0.99497955735766175, "socials": [ "https://www.facebook.com/1537332376528269" ] }, "geometry": { "type": "Point", "coordinates": [ -74.4082345, 40.9036217 ] } },
{ "type": "Feature", "properties": { "id": "08f2a104f4a4a18c037c352b3693555c", "name": "Delizia Pizza Kitchen", "confidence": 0.99497955735766175, "socials": [ "https://www.facebook.com/479258045452656" ] }, "geometry": { "type": "Point", "coordinates": [ -74.4024859, 40.9088439 ] } },
{ "type": "Feature", "properties": { "id": "08f2a104f4a5cb22039f4333beba609f", "name": "Delizia Pizza Kitchen", "confidence": 0.77, "socials": null }, "geometry": { "type": "Point", "coordinates": [ -74.4023252, 40.9095249 ] } },
{ "type": "Feature", "properties": { "id": "08f2a104e200961b0314df87c51d1d81", "name": "Valentino's Pizza", "confidence": 0.77, "socials": null }, "geometry": { "type": "Point", "coordinates": [ -74.38308156, 40.87712978 ] } },
{ "type": "Feature", "properties": { "id": "08f2a104e211c2e803ae1012d982807a", "name": "Breda's Pizza & Grill", "confidence": 0.77, "socials": null }, "geometry": { "type": "Point", "coordinates": [ -74.3824578, 40.8808425 ] } },
{ "type": "Feature", "properties": { "id": "08f2a104e2c6dd2103a61064d32152ea", "name": "Lake Hiawatha's Best Pizza", "confidence": 0.77, "socials": null }, "geometry": { "type": "Point", "coordinates": [ -74.38168, 40.88397 ] } },
{ "type": "Feature", "properties": { "id": "08f2a104e28936500312295abfef3f0f", "name": "Prego’s pizza", "confidence": 0.47268106734434556, "socials": [ "https://www.facebook.com/110801557354075" ] }, "geometry": { "type": "Point", "coordinates": [ -74.38157, 40.88397 ] } },
{ "type": "Feature", "properties": { "id": "08f2a104e2c6c8a4036ea597027046f8", "name": "Singas Famous Pizza", "confidence": 0.99497955735766175, "socials": [ "https://www.facebook.com/115931475102664" ] }, "geometry": { "type": "Point", "coordinates": [ -74.3818886, 40.8843023 ] } },
{ "type": "Feature", "properties": { "id": "08f2a104e289365003a1442b6473f56a", "name": "Singas Pizza Parsippany", "confidence": 0.53885630498533721, "socials": [ "https://www.facebook.com/107174178183574" ] }, "geometry": { "type": "Point", "coordinates": [ -74.3818886, 40.8843023 ] } },
{ "type": "Feature", "properties": { "id": "08f2a104e06552730362e3d1d1070c1d", "name": "Montville Pizzeria", "confidence": 0.99497955735766175, "socials": [ "https://www.facebook.com/163264253697844" ] }, "geometry": { "type": "Point", "coordinates": [ -74.3604247, 40.8717774 ] } },
{ "type": "Feature", "properties": { "id": "08f2a104e05a0d33036bd40c491d9935", "name": "Joe's Pizza", "confidence": 0.99497955735766175, "socials": [ "https://www.facebook.com/111653091585161" ] }, "geometry": { "type": "Point", "coordinates": [ -74.3654544, 40.8855433 ] } },
{ "type": "Feature", "properties": { "id": "08f2a1041b61b4e403835416c7d471eb", "name": "Ozzie's Pizza and Grill", "confidence": 0.98582594999015549, "socials": [ "https://www.facebook.com/107716362191330" ] }, "geometry": { "type": "Point", "coordinates": [ -74.3952299, 40.9091346 ] } },
{ "type": "Feature", "properties": { "id": "08f2a1041b61bd04037a0e916de878aa", "name": "Junior's Pizza & Subs", "confidence": 0.71069587628865982, "socials": [ "https://www.facebook.com/499052387178578" ] }, "geometry": { "type": "Point", "coordinates": [ -74.3951945, 40.9092946 ] } },
{ "type": "Feature", "properties": { "id": "08f2a1041b61b11e03b5a809243b74ea", "name": "Dante's Pizzeria Boonton NJ", "confidence": 0.97817198851157294, "socials": [ "https://www.facebook.com/331971096677010" ] }, "geometry": { "type": "Point", "coordinates": [ -74.3951727, 40.9093558 ] } },
{ "type": "Feature", "properties": { "id": "08f2a1041b721369034266dd226caa74", "name": "The Columbia Inn", "confidence": 0.77, "socials": null }, "geometry": { "type": "Point", "coordinates": [ -74.390001, 40.913215 ] } },
{ "type": "Feature", "properties": { "id": "08f2a1041b72cc9c034a02a8efca1ff4", "name": "Columbia Inn", "confidence": 0.9961633011413521, "socials": [ "https://www.facebook.com/276184552467370" ] }, "geometry": { "type": "Point", "coordinates": [ -74.3899263, 40.9131956 ] } },
{ "type": "Feature", "properties": { "id": "08f2a104190a2caa034f58f9d9d3e551", "name": "Pizza Cucina", "confidence": 0.97817198851157294, "socials": [ "https://www.facebook.com/1976380775968300" ] }, "geometry": { "type": "Point", "coordinates": [ -74.3590917, 40.9174017 ] } },
{ "type": "Feature", "properties": { "id": "08f2a107b6d93b2803c13093dc4808f6", "name": "Blaze Pizza", "confidence": 0.99497955735766175, "socials": [ "https://www.facebook.com/276784586143504" ] }, "geometry": { "type": "Point", "coordinates": [ -74.3407087, 40.7980804 ] } },
{ "type": "Feature", "properties": { "id": "08f2a107b442404a035afa529ee67936", "name": "Bonvini's", "confidence": 0.99497955735766175, "socials": [ "https://www.facebook.com/106960328796858" ] }, "geometry": { "type": "Point", "coordinates": [ -74.3137173, 40.7918634 ] } },
{ "type": "Feature", "properties": { "id": "08f2a107b4426313034cc1dcba7e3889", "name": "Cammarata's pizza", "confidence": 0.99497955735766175, "socials": [ "https://www.facebook.com/1498897800385829" ] }, "geometry": { "type": "Point", "coordinates": [ -74.3140856, 40.791899 ] } },
{ "type": "Feature", "properties": { "id": "08f2a107b4424cae03395a8fd36346cb", "name": "Il Giacalone's Pizzeria & Restaurant", "confidence": 0.77, "socials": null }, "geometry": { "type": "Point", "coordinates": [ -74.3137691, 40.7921478 ] } },
{ "type": "Feature", "properties": { "id": "08f2a104e92ca8c8033f8d0130be30f7", "name": "Jerusalem Restaurant", "confidence": 0.53885630498533721, "socials": [ "https://www.facebook.com/228541033879979" ] }, "geometry": { "type": "Point", "coordinates": [ -74.319773, 40.7950054 ] } },
{ "type": "Feature", "properties": { "id": "08f2a104e92eb0e003a54a3a24ec7882", "name": "Livingston Pizza", "confidence": 0.99497955735766175, "socials": [ "https://www.facebook.com/106031314207846" ] }, "geometry": { "type": "Point", "coordinates": [ -74.3184267, 40.7952654 ] } },
{ "type": "Feature", "properties": { "id": "08f2a104e92e809b03f03f27c41de793", "name": "Pizzeta Enoteca", "confidence": 0.99497955735766175, "socials": [ "https://www.facebook.com/415414291984793" ] }, "geometry": { "type": "Point", "coordinates": [ -74.3181438, 40.795655 ] } },
{ "type": "Feature", "properties": { "id": "08f2a104e92613b203461c8642e29e81", "name": "Anthony's Coal Fired Pizza", "confidence": 0.98296875, "socials": [ "https://www.facebook.com/703653169778778" ] }, "geometry": { "type": "Point", "coordinates": [ -74.31394, 40.7965067 ] } },
{ "type": "Feature", "properties": { "id": "08f2a104e8add78303db1f0e67cdd380", "name": "Frank's Pizza", "confidence": 0.97817198851157294, "socials": [ "https://www.facebook.com/103990737955575" ] }, "geometry": { "type": "Point", "coordinates": [ -74.3281201, 40.8187358 ] } },
{ "type": "Feature", "properties": { "id": "08f2a104e8add16e03a55ab28b7d7fe3", "name": "Frank's Pizza", "confidence": 0.77, "socials": null }, "geometry": { "type": "Point", "coordinates": [ -74.3276489, 40.8187935 ] } },
{ "type": "Feature", "properties": { "id": "08f2a104eda56165039360b893f4855c", "name": "La Pizza", "confidence": 0.97817198851157294, "socials": [ "https://www.facebook.com/277209639496" ] }, "geometry": { "type": "Point", "coordinates": [ -74.2947201, 40.8214557 ] } },
{ "type": "Feature", "properties": { "id": "08f2a104e8cabc3503b4b57017886f34", "name": "Giulietta & Romeo Pizzeria & Restaurant", "confidence": 0.99497955735766175, "socials": [ "https://www.facebook.com/105143439532452" ] }, "geometry": { "type": "Point", "coordinates": [ -74.3415053, 40.8319701 ] } },
{ "type": "Feature", "properties": { "id": "08f2a104e10ebd46034d33e9cf8b73d9", "name": "WOOD STACK Pizza Kitchen", "confidence": 0.97817198851157294, "socials": [ "https://www.facebook.com/612405388893863" ] }, "geometry": { "type": "Point", "coordinates": [ -74.3384621, 40.8584498 ] } },
{ "type": "Feature", "properties": { "id": "08f2a104e1052a6003316b844e015886", "name": "Pizza Hut", "confidence": 0.99497955735766175, "socials": [ "https://www.facebook.com/144619228981021" ] }, "geometry": { "type": "Point", "coordinates": [ -74.3373227, 40.8591249 ] } },
{ "type": "Feature", "properties": { "id": "08f2a104516c3a520323ae6181af818b", "name": "James Matarazzo Jr Broker-Salesperson, John Young Realtors", "confidence": 0.77, "socials": null }, "geometry": { "type": "Point", "coordinates": [ -74.271614074707003, 40.836109161377003 ] } },
{ "type": "Feature", "properties": { "id": "08f2a10453b5a70a0311fdf8b990abe7", "name": "Domino's Pizza", "confidence": 0.99497955735766175, "socials": [ "https://www.facebook.com/189354104561127" ] }, "geometry": { "type": "Point", "coordinates": [ -74.2788089, 40.8412249 ] } },
{ "type": "Feature", "properties": { "id": "08f2a10453a6115503c2d59739fa59ab", "name": "Angeloni's Restaurant & Pizzeria", "confidence": 0.99497955735766175, "socials": [ "https://www.facebook.com/241747629201495" ] }, "geometry": { "type": "Point", "coordinates": [ -74.277249, 40.8399998 ] } },
{ "type": "Feature", "properties": { "id": "08f2a10451690ad603b647e9e9f577c6", "name": "Pizza & Sandwich Barn", "confidence": 0.77, "socials": null }, "geometry": { "type": "Point", "coordinates": [ -74.2758995, 40.8398979 ] } },
{ "type": "Feature", "properties": { "id": "08f2a10453b5aae503f0ccb6be8b9d70", "name": "Tony D's", "confidence": 0.97817198851157294, "socials": [ "https://www.facebook.com/212953255517" ] }, "geometry": { "type": "Point", "coordinates": [ -74.278275, 40.841313 ] } },
{ "type": "Feature", "properties": { "id": "08f2a1045168378403cda10cf545dac6", "name": "Cedar Grill & Pizza", "confidence": 0.99497955735766175, "socials": [ "https://www.facebook.com/337149362003" ] }, "geometry": { "type": "Point", "coordinates": [ -74.2750774, 40.8391457 ] } },
{ "type": "Feature", "properties": { "id": "08f2a1045234805903f9a498443d1833", "name": "Franco's Pizzeria & Ristorante", "confidence": 0.99497955735766175, "socials": [ "https://www.facebook.com/222061884634734" ] }, "geometry": { "type": "Point", "coordinates": [ -74.3005463, 40.853499 ] } },
{ "type": "Feature", "properties": { "id": "08f2a10453cc16d203622fa7aef956a5", "name": "Frank's Trattoria", "confidence": 0.99497955735766175, "socials": [ "https://www.facebook.com/175353802548036" ] }, "geometry": { "type": "Point", "coordinates": [ -74.2962669, 40.8491249 ] } },
{ "type": "Feature", "properties": { "id": "08f2a10453ce10a6035ad09700600c18", "name": "Frank's Trattoria", "confidence": 0.77, "socials": null }, "geometry": { "type": "Point", "coordinates": [ -74.2949511, 40.8500446 ] } },
{ "type": "Feature", "properties": { "id": "08f2a10459ac934c039e4c90fa9f5a8e", "name": "Pizza Hut", "confidence": 0.99497955735766175, "socials": [ "https://www.facebook.com/121552314525702" ] }, "geometry": { "type": "Point", "coordinates": [ -74.2347164, 40.7835269 ] } },
{ "type": "Feature", "properties": { "id": "08f2a10459a70ca903063bcb6be8f488", "name": "Papa John's Pizza", "confidence": 0.99497955735766175, "socials": [ "https://www.facebook.com/198803306805281" ] }, "geometry": { "type": "Point", "coordinates": [ -74.2318572, 40.7866125 ] } },
{ "type": "Feature", "properties": { "id": "08f2a1044a6d5b8b031de9a8e8bd6521", "name": "The Star Tavern", "confidence": 0.97817198851157294, "socials": [ "https://www.facebook.com/306821596100070" ] }, "geometry": { "type": "Point", "coordinates": [ -74.2256021, 40.7833099 ] } },
{ "type": "Feature", "properties": { "id": "08f2a1044a69528403b96cef2f559849", "name": "Mama Maria Pizzeria", "confidence": 0.77, "socials": null }, "geometry": { "type": "Point", "coordinates": [ -74.2279991, 40.7856657 ] } },
{ "type": "Feature", "properties": { "id": "08f2a1044a695388031deb5e2b4266fb", "name": "Mamma Maria", "confidence": 0.99497955735766175, "socials": [ "https://www.facebook.com/849775351796111" ] }, "geometry": { "type": "Point", "coordinates": [ -74.2279304, 40.7857946 ] } },
{ "type": "Feature", "properties": { "id": "08f2a10458030a3603dc86b4acce5770", "name": "Fortissimo Osteria / Pizzeria", "confidence": 0.97817198851157294, "socials": [ "https://www.facebook.com/115444838481527" ] }, "geometry": { "type": "Point", "coordinates": [ -74.2604459, 40.8094399 ] } },
{ "type": "Feature", "properties": { "id": "08f2a1045811902c03a902d93b8b113e", "name": "Domino's Pizza", "confidence": 0.93837369560937189, "socials": [ "https://www.facebook.com/379017835286143" ] }, "geometry": { "type": "Point", "coordinates": [ -74.2593142, 40.8098679 ] } },
{ "type": "Feature", "properties": { "id": "08f2a10458a058da034ce9ea187a2522", "name": "Frank's Pizza", "confidence": 0.97817198851157294, "socials": [ "https://www.facebook.com/1466704003550971" ] }, "geometry": { "type": "Point", "coordinates": [ -74.2485494, 40.8060842 ] } },
{ "type": "Feature", "properties": { "id": "08f2a1044bca22c2035c98a416a40ba3", "name": "Dolce Pizza", "confidence": 0.99497955735766175, "socials": [ "https://www.facebook.com/1391248180932104" ] }, "geometry": { "type": "Point", "coordinates": [ -74.2049164, 40.7813244 ] } },
{ "type": "Feature", "properties": { "id": "08f2a1044acf1cea039182dbe3e72512", "name": "Mosoria", "confidence": 0.47268106734434556, "socials": [ "https://www.facebook.com/103803658470921" ] }, "geometry": { "type": "Point", "coordinates": [ -74.21906, 40.79714 ] } },
{ "type": "Feature", "properties": { "id": "08f2a1044acf06d303d3b7954603837c", "name": "Sofia's Pizzeria", "confidence": 0.99497955735766175, "socials": [ "https://www.facebook.com/102192795862189" ] }, "geometry": { "type": "Point", "coordinates": [ -74.2190026, 40.7972241 ] } },
{ "type": "Feature", "properties": { "id": "08f2a1044b9aed85037c114ccb1de968", "name": "Pizza Hut", "confidence": 0.99497955735766175, "socials": [ "https://www.facebook.com/122825847579047" ] }, "geometry": { "type": "Point", "coordinates": [ -74.1914393, 40.7814226 ] } },
{ "type": "Feature", "properties": { "id": "08f2a104487a490603f15fe6457a989b", "name": "Vito's Pizza", "confidence": 0.77, "socials": null }, "geometry": { "type": "Point", "coordinates": [ -74.1933828, 40.7903902 ] } },
{ "type": "Feature", "properties": { "id": "08f2a104482e268503238811dfc945c0", "name": "Roberto's Pizza Cafe", "confidence": 0.99497955735766175, "socials": [ "https://www.facebook.com/223910758030854" ] }, "geometry": { "type": "Point", "coordinates": [ -74.1836328, 40.7821006 ] } },
{ "type": "Feature", "properties": { "id": "08f2a10448763b6d03bd4b48033e472f", "name": "Calabrese Pizzeria and Restaurant", "confidence": 0.99497955735766175, "socials": [ "https://www.facebook.com/115437818482022" ] }, "geometry": { "type": "Point", "coordinates": [ -74.1872332, 40.7869853 ] } },
{ "type": "Feature", "properties": { "id": "08f2a104484d40f303b366d98c5191dc", "name": "Blue Steel Pizza Company", "confidence": 0.99497955735766175, "socials": [ "https://www.facebook.com/100994678184715" ] }, "geometry": { "type": "Point", "coordinates": [ -74.1987178, 40.7923536 ] } },
{ "type": "Feature", "properties": { "id": "08f2a104484e254103fcb04ecb9b9a9b", "name": "Cousins Pizza & Restaurant", "confidence": 0.99497955735766175, "socials": [ "https://www.facebook.com/309497799127236" ] }, "geometry": { "type": "Point", "coordinates": [ -74.196926, 40.792407 ] } },
{ "type": "Feature", "properties": { "id": "08f2a1044803550903f38a9beaec1ff8", "name": "Turtle's Pizzeria", "confidence": 0.99497955735766175, "socials": [ "https://www.facebook.com/2346653762228007" ] }, "geometry": { "type": "Point", "coordinates": [ -74.1844523, 40.7930899 ] } },
{ "type": "Feature", "properties": { "id": "08f2a1044888166403618d4b0068fe24", "name": "Frank's Pizza & Restaurant", "confidence": 0.77, "socials": null }, "geometry": { "type": "Point", "coordinates": [ -74.1801975, 40.7968828 ] } },
{ "type": "Feature", "properties": { "id": "08f2a1044889070603f20f8e2501fc42", "name": "Victorio's Restaurant", "confidence": 0.77, "socials": null }, "geometry": { "type": "Point", "coordinates": [ -74.182035, 40.797815 ] } },
{ "type": "Feature", "properties": { "id": "08f2a1044e4f494203a8c8d8ba390b55", "name": "Little Pizza Heaven", "confidence": 0.97817198851157294, "socials": [ "https://www.facebook.com/107122257408038" ] }, "geometry": { "type": "Point", "coordinates": [ -74.213473, 40.8107574 ] } },
{ "type": "Feature", "properties": { "id": "08f2a1045d9497b00358c2ef3be88213", "name": "Rock City Pizza Co", "confidence": 0.77, "socials": null }, "geometry": { "type": "Point", "coordinates": [ -74.217172, 40.813318 ] } },
{ "type": "Feature", "properties": { "id": "08f2a1045d9494ed035b986bcaf46ef8", "name": "Teglia Pizza Bar", "confidence": 0.77, "socials": null }, "geometry": { "type": "Point", "coordinates": [ -74.2171784, 40.8133303 ] } },
{ "type": "Feature", "properties": { "id": "08f2a1044e4a3419036c9da764ea9df0", "name": "Ah' Pizz - Montclair", "confidence": 0.93346005154639178, "socials": null }, "geometry": { "type": "Point", "coordinates": [ -74.2143099, 40.8125015 ] } },
{ "type": "Feature", "properties": { "id": "08f2a1044e55d66c03b196c8840c98dc", "name": "Bivio Pizza Napoletana", "confidence": 0.99497955735766175, "socials": [ "https://www.facebook.com/135971333150298" ] }, "geometry": { "type": "Point", "coordinates": [ -74.2075789, 40.8116387 ] } },
{ "type": "Feature", "properties": { "id": "08f2a1045d952ca4030aaae97646d882", "name": "Fiammella Wood Fired Pizza and Italian Restaurant", "confidence": 0.99497955735766175, "socials": [ "https://www.facebook.com/435594510629133" ] }, "geometry": { "type": "Point", "coordinates": [ -74.2197977, 40.8154413 ] } },
{ "type": "Feature", "properties": { "id": "08f2a1045d942384039abdc55a187b70", "name": "Porta Montclair", "confidence": 0.97817198851157294, "socials": [ "https://www.facebook.com/109473858789927" ] }, "geometry": { "type": "Point", "coordinates": [ -74.2183203, 40.8146533 ] } },
{ "type": "Feature", "properties": { "id": "08f2a1045d955c4a036b4834c1168759", "name": "Napoli Trattoria & Pizzeria", "confidence": 0.97817198851157294, "socials": [ "https://www.facebook.com/426638834365324" ] }, "geometry": { "type": "Point", "coordinates": [ -74.2186736, 40.8153304 ] } },
{ "type": "Feature", "properties": { "id": "08f2a1045d955ced0302d19fc3aa76b5", "name": "Villa Victoria Pizzeria", "confidence": 0.77, "socials": null }, "geometry": { "type": "Point", "coordinates": [ -74.2186088, 40.8152981 ] } },
{ "type": "Feature", "properties": { "id": "08f2a1045d9a294d03b6babb09ef3b23", "name": "Belgiovine's Pizza", "confidence": 0.99497955735766175, "socials": [ "https://www.facebook.com/426570617718443" ] }, "geometry": { "type": "Point", "coordinates": [ -74.2232489, 40.8182263 ] } },
{ "type": "Feature", "properties": { "id": "08f2a1044376352603f70101ba2943e8", "name": "Nauna's Bella Casa", "confidence": 0.77, "socials": null }, "geometry": { "type": "Point", "coordinates": [ -74.219383239746094, 40.823249816894503 ] } },
{ "type": "Feature", "properties": { "id": "08f2a1044e505bad03e2577472536fab", "name": "Panzano Pizzeria", "confidence": 0.99497955735766175, "socials": [ "https://www.facebook.com/273266489431002" ] }, "geometry": { "type": "Point", "coordinates": [ -74.2081887, 40.8151656 ] } },
{ "type": "Feature", "properties": { "id": "08f2a1044324159303c336fe918aa796", "name": "Brick and Dough", "confidence": 0.97817198851157294, "socials": [ "https://www.facebook.com/2416985758536384" ] }, "geometry": { "type": "Point", "coordinates": [ -74.2113565, 40.8173763 ] } },
{ "type": "Feature", "properties": { "id": "08f2a1044e32ba2a03978dccaefa11d5", "name": "Angelo's Pizza", "confidence": 0.99497955735766175, "socials": [ "https://www.facebook.com/111675938864293" ] }, "geometry": { "type": "Point", "coordinates": [ -74.1943383, 40.8041721 ] } },
{ "type": "Feature", "properties": { "id": "08f2a1044eaae41b039b4288126d45a4", "name": "Vinnie's Pizzeria and Restaurant", "confidence": 0.99497955735766175, "socials": [ "https://www.facebook.com/111419692226108" ] }, "geometry": { "type": "Point", "coordinates": [ -74.1926372, 40.8076223 ] } },
{ "type": "Feature", "properties": { "id": "08f2a1044eaa4c5303a3bf92c8bf6042", "name": "Parkside Pizza - Casa Turano", "confidence": 0.77, "socials": null }, "geometry": { "type": "Point", "coordinates": [ -74.1922939, 40.8088847 ] } },
{ "type": "Feature", "properties": { "id": "08f2a1044eb99a0203f160f927dd2618", "name": "Parkside Pizzeria", "confidence": 0.47268106734434556, "socials": [ "https://www.facebook.com/235015139878163" ] }, "geometry": { "type": "Point", "coordinates": [ -74.1923633, 40.8090945 ] } },
{ "type": "Feature", "properties": { "id": "08f2a1044eb8a682031017c0a9893ac4", "name": "Casa Turano Parkside Pizzeria", "confidence": 0.97817198851157294, "socials": [ "https://www.facebook.com/117534708265608" ] }, "geometry": { "type": "Point", "coordinates": [ -74.192307, 40.8091051 ] } },
{ "type": "Feature", "properties": { "id": "08f2a1044e8e96a2033d9d8d398b6dee", "name": "Zi Zia Pizzeria and Trattoria", "confidence": 0.9961633011413521, "socials": [ "https://www.facebook.com/723116311044926" ] }, "geometry": { "type": "Point", "coordinates": [ -74.1923308, 40.8121441 ] } },
{ "type": "Feature", "properties": { "id": "08f2a1045cc5040d039802c26c567277", "name": "Trattoria Belle Gente", "confidence": 0.77, "socials": null }, "geometry": { "type": "Point", "coordinates": [ -74.24803452, 40.83290459 ] } },
{ "type": "Feature", "properties": { "id": "08f2a1045cc5045003e553771e37f390", "name": "Bella Gente", "confidence": 0.77, "socials": null }, "geometry": { "type": "Point", "coordinates": [ -74.247894287109403, 40.832889556884801 ] } },
{ "type": "Feature", "properties": { "id": "08f2a1045cc4d09e03c93eaa572c2ee3", "name": "Borino's Pizza", "confidence": 0.99497955735766175, "socials": [ "https://www.facebook.com/1505872626302907" ] }, "geometry": { "type": "Point", "coordinates": [ -74.2453744, 40.8315866 ] } },
{ "type": "Feature", "properties": { "id": "08f2a1045cb094c9037a81eea96692ba", "name": "The Pizza Terminal & Restaurant", "confidence": 0.99497955735766175, "socials": [ "https://www.facebook.com/721759054585177" ] }, "geometry": { "type": "Point", "coordinates": [ -74.2328027, 40.8260235 ] } },
{ "type": "Feature", "properties": { "id": "08f2a1045cb71b3303cc3aa9c6dd9e50", "name": "Famous Ray's Pizza of New York", "confidence": 0.77, "socials": null }, "geometry": { "type": "Point", "coordinates": [ -74.2307259, 40.8258299 ] } },
{ "type": "Feature", "properties": { "id": "08f2a1044353624203c869024c300ae4", "name": "Anthony Francos Pizza", "confidence": 0.99497955735766175, "socials": [ "https://www.facebook.com/413183105361363" ] }, "geometry": { "type": "Point", "coordinates": [ -74.2255764, 40.83445 ] } },
{ "type": "Feature", "properties": { "id": "08f2a10442894080034561c0dd9fa49b", "name": "Giuseppe's", "confidence": 0.99497955735766175, "socials": [ "https://www.facebook.com/230375673690502" ] }, "geometry": { "type": "Point", "coordinates": [ -74.2292876, 40.8523739 ] } },
{ "type": "Feature", "properties": { "id": "08f2a1044212edaa0302612d45d6ff0d", "name": "Esposito's", "confidence": 0.99497955735766175, "socials": [ "https://www.facebook.com/252269541451253" ] }, "geometry": { "type": "Point", "coordinates": [ -74.228778, 40.8492001 ] } },
{ "type": "Feature", "properties": { "id": "08f2a10442123ac9036f64ec7aac38d7", "name": "C and A Espositos Restaurant LLC", "confidence": 0.77, "socials": null }, "geometry": { "type": "Point", "coordinates": [ -74.2287281, 40.8492907 ] } },
{ "type": "Feature", "properties": { "id": "08f2a1044212044c0373dfabc0b8cdab", "name": "Domino's Pizza", "confidence": 0.99497955735766175, "socials": [ "https://www.facebook.com/1317569061686329" ] }, "geometry": { "type": "Point", "coordinates": [ -74.2286923, 40.8495635 ] } },
{ "type": "Feature", "properties": { "id": "08f2a10442d6b53003ac2d78aa3241ad", "name": "Lombardi's Bar and Restaurant", "confidence": 0.97817198851157294, "socials": [ "https://www.facebook.com/146075492152951" ] }, "geometry": { "type": "Point", "coordinates": [ -74.2290866, 40.8536088 ] } },
{ "type": "Feature", "properties": { "id": "08f2a1044384e182033316cb77be3198", "name": "Mr. Dino's", "confidence": 0.77, "socials": null }, "geometry": { "type": "Point", "coordinates": [ -74.205499, 40.830377 ] } },
{ "type": "Feature", "properties": { "id": "08f2a1044384e1b203c612508e487f36", "name": "Mr. Dino's", "confidence": 0.97817198851157294, "socials": [ "https://www.facebook.com/103360565097148" ] }, "geometry": { "type": "Point", "coordinates": [ -74.2054661, 40.83047 ] } },
{ "type": "Feature", "properties": { "id": "08f2a1044064c40c03df6b10ffdd6a84", "name": "Soho Pizza and Grill", "confidence": 0.99497955735766175, "socials": [ "https://www.facebook.com/105768401505733" ] }, "geometry": { "type": "Point", "coordinates": [ -74.2074233, 40.8382752 ] } },
{ "type": "Feature", "properties": { "id": "08f2a1044075e08b0330a6e51377022c", "name": "DaVinci's Brick Oven Pizza", "confidence": 0.99497955735766175, "socials": [ "https://www.facebook.com/135045893230876" ] }, "geometry": { "type": "Point", "coordinates": [ -74.2075925, 40.8411382 ] } },
{ "type": "Feature", "properties": { "id": "08f2a1044101939503c1690f72aeebfd", "name": "Prime Time", "confidence": 0.77, "socials": null }, "geometry": { "type": "Point", "coordinates": [ -74.186967, 40.827733 ] } },
{ "type": "Feature", "properties": { "id": "08f2a104418a85710324fb41654f15d4", "name": "Mario's Famous Pizzeria", "confidence": 0.97817198851157294, "socials": [ "https://www.facebook.com/100887883289412" ] }, "geometry": { "type": "Point", "coordinates": [ -74.1806483, 40.8341433 ] } },
{ "type": "Feature", "properties": { "id": "08f2a10452c08ce60359d09c1179cfc8", "name": "Double Zero Pizza", "confidence": 0.99497955735766175, "socials": [ "https://www.facebook.com/1816169068658058" ] }, "geometry": { "type": "Point", "coordinates": [ -74.309914, 40.8691728 ] } },
{ "type": "Feature", "properties": { "id": "08f2a1045675a0c603ad22e764652b10", "name": "IL Panino Pizza", "confidence": 0.98331870061457416, "socials": [ "https://www.facebook.com/938619529575775" ] }, "geometry": { "type": "Point", "coordinates": [ -74.2994554, 40.8751897 ] } },
{ "type": "Feature", "properties": { "id": "08f2a1045675ad4c03ef2499e38d07f1", "name": "IL Panino Pizza", "confidence": 0.77, "socials": null }, "geometry": { "type": "Point", "coordinates": [ -74.2992815, 40.8751745 ] } },
{ "type": "Feature", "properties": { "id": "08f2a1045610d58303fe25261bc7b876", "name": "Delizia Pizza Kitchen", "confidence": 0.98582594999015549, "socials": [ "https://www.facebook.com/112073428478679" ] }, "geometry": { "type": "Point", "coordinates": [ -74.2908416, 40.8831515 ] } },
{ "type": "Feature", "properties": { "id": "08f2a1045610dcaa0374ec4c89b11826", "name": "Puzo's", "confidence": 0.77, "socials": null }, "geometry": { "type": "Point", "coordinates": [ -74.2906919, 40.8832154 ] } },
{ "type": "Feature", "properties": { "id": "08f2a104546d0d2603421434412e661f", "name": "Dough", "confidence": 0.97817198851157294, "socials": [ "https://www.facebook.com/259771500777023" ] }, "geometry": { "type": "Point", "coordinates": [ -74.2756341, 40.8744945 ] } },
{ "type": "Feature", "properties": { "id": "08f2a104568655060315ba97c489278d", "name": "Hollywood Pizzeria & Restaurant", "confidence": 0.99497955735766175, "socials": [ "https://www.facebook.com/120659134616540" ] }, "geometry": { "type": "Point", "coordinates": [ -74.2813775, 40.8852765 ] } },
{ "type": "Feature", "properties": { "id": "08f2a1045442c47103dd69425072a82f", "name": "Boardwalk Pizza", "confidence": 0.99497955735766175, "socials": [ "https://www.facebook.com/336554083183912" ] }, "geometry": { "type": "Point", "coordinates": [ -74.2724508, 40.8847735 ] } },
{ "type": "Feature", "properties": { "id": "08f2a104545b1034034730e3a982f669", "name": "Pie Oh My Wood Fired", "confidence": 0.99497955735766175, "socials": [ "https://www.facebook.com/556706141077132" ] }, "geometry": { "type": "Point", "coordinates": [ -74.276667, 40.887844 ] } },
{ "type": "Feature", "properties": { "id": "08f2a104545a35b203144aa3608f575a", "name": "O'Sarraceno Pizza", "confidence": 0.77, "socials": null }, "geometry": { "type": "Point", "coordinates": [ -74.276039, 40.887791 ] } },
{ "type": "Feature", "properties": { "id": "08f2a10454c9e6140373a14aab41fff9", "name": "Pizza Hut Express", "confidence": 0.99497955735766175, "socials": [ "https://www.facebook.com/1820694941592451" ] }, "geometry": { "type": "Point", "coordinates": [ -74.2717113, 40.8896847 ] } },
{ "type": "Feature", "properties": { "id": "08f2a104199544c003a1928f6c2d097d", "name": "900 Degrees Woodfired Pizza", "confidence": 0.97817198851157294, "socials": [ "https://www.facebook.com/459071850903390" ] }, "geometry": { "type": "Point", "coordinates": [ -74.3442025, 40.9230736 ] } },
{ "type": "Feature", "properties": { "id": "08f2a1040a582616030e174dff5faa5c", "name": "Columbia Inn", "confidence": 0.77, "socials": null }, "geometry": { "type": "Point", "coordinates": [ -74.339247, 40.922406 ] } },
{ "type": "Feature", "properties": { "id": "08f2a1040851c61003cdb032d9cc3960", "name": "Sibora's", "confidence": 0.99497955735766175, "socials": [ "https://www.facebook.com/841497359262320" ] }, "geometry": { "type": "Point", "coordinates": [ -74.3052191, 40.9231243 ] } },
{ "type": "Feature", "properties": { "id": "08f2a10408570812037423ef38f49b5c", "name": "Frank's Pizza & Italian Restaurant", "confidence": 0.97817198851157294, "socials": [ "https://www.facebook.com/113517938683094" ] }, "geometry": { "type": "Point", "coordinates": [ -74.3018024, 40.9222537 ] } },
{ "type": "Feature", "properties": { "id": "08f2a1040e2ebab6032995134f4762f5", "name": "Anthony Francos Pizza", "confidence": 0.9961633011413521, "socials": [ "https://www.facebook.com/162869380251926" ] }, "geometry": { "type": "Point", "coordinates": [ -74.3092347, 40.9251323 ] } },
{ "type": "Feature", "properties": { "id": "08f2a1040d19e90e03e3d97d93c74f26", "name": "Domino's Pizza", "confidence": 0.97817198851157294, "socials": [ "https://www.facebook.com/374934975941177" ] }, "geometry": { "type": "Point", "coordinates": [ -74.2685606, 40.9218756 ] } },
{ "type": "Feature", "properties": { "id": "08f2a1040ca0e2ca035e1652c559c465", "name": "Pizza One", "confidence": 0.99497955735766175, "socials": [ "https://www.facebook.com/229355184161494" ] }, "geometry": { "type": "Point", "coordinates": [ -74.2701501, 40.9341792 ] } },
{ "type": "Feature", "properties": { "id": "08f2a1040ca742b103287091c32fd078", "name": "Pizza Bene", "confidence": 0.77, "socials": null }, "geometry": { "type": "Point", "coordinates": [ -74.2680669, 40.9339318 ] } },
{ "type": "Feature", "properties": { "id": "08f2a1040ca742b10321504cd7af8787", "name": "Grandma's Pizza", "confidence": 0.77, "socials": null }, "geometry": { "type": "Point", "coordinates": [ -74.2680669, 40.9339318 ] } },
{ "type": "Feature", "properties": { "id": "08f2a1040ca2d4e60380f736de449e2d", "name": "Grandma's Pizza", "confidence": 0.97817198851157294, "socials": [ "https://www.facebook.com/106617711974672" ] }, "geometry": { "type": "Point", "coordinates": [ -74.2683606, 40.9347791 ] } },
{ "type": "Feature", "properties": { "id": "08f2a1040c858b8403f82c156204daf4", "name": "Chuck E. Cheese", "confidence": 0.99497955735766175, "socials": [ "https://www.facebook.com/159760434081323" ] }, "geometry": { "type": "Point", "coordinates": [ -74.2714781, 40.9397354 ] } },
{ "type": "Feature", "properties": { "id": "08f2a1040cb3282b03f894116edff2e3", "name": "Anthony's Coal Fired Pizza", "confidence": 0.99497955735766175, "socials": [ "https://www.facebook.com/785333671613548" ] }, "geometry": { "type": "Point", "coordinates": [ -74.2690954, 40.9390423 ] } },
{ "type": "Feature", "properties": { "id": "08f2a1040136d74203678901645fff9d", "name": "Ameti's Gourmet Pizza", "confidence": 0.99497955735766175, "socials": [ "https://www.facebook.com/194584717291065" ] }, "geometry": { "type": "Point", "coordinates": [ -74.2880095, 40.9474393 ] } },
{ "type": "Feature", "properties": { "id": "08f2a1040cca0c760360b34c3767e98d", "name": "Cosmo Bella Pizza", "confidence": 0.77, "socials": null }, "geometry": { "type": "Point", "coordinates": [ -74.28672033, 40.94616633 ] } },
{ "type": "Feature", "properties": { "id": "08f2a1040c915d330302c3e4f05c99ee", "name": "Bradlees Pizza", "confidence": 0.93837369560937189, "socials": [ "https://www.facebook.com/392576837420908" ] }, "geometry": { "type": "Point", "coordinates": [ -74.2716736, 40.9463204 ] } },
{ "type": "Feature", "properties": { "id": "08f2a1040c93368a03e8b37c4c3e95d6", "name": "Bradlees Pizza", "confidence": 0.77, "socials": null }, "geometry": { "type": "Point", "coordinates": [ -74.2716427, 40.9464531 ] } },
{ "type": "Feature", "properties": { "id": "08f2a10454c60b9403b323cb69cefb1f", "name": "Pizza Hut Express", "confidence": 0.77, "socials": null }, "geometry": { "type": "Point", "coordinates": [ -74.262444136063607, 40.888453677588458 ] } },
{ "type": "Feature", "properties": { "id": "08f2a104548b3134032bc12a9364efed", "name": "Blaze Pizza", "confidence": 0.97817198851157294, "socials": [ "https://www.facebook.com/152700971984862" ] }, "geometry": { "type": "Point", "coordinates": [ -74.2601141, 40.88848 ] } },
{ "type": "Feature", "properties": { "id": "08f2a10454d690c4039afcacc0e7fa0b", "name": "California Pizza Kitchen at Willowbrook", "confidence": 0.77, "socials": null }, "geometry": { "type": "Point", "coordinates": [ -74.259926, 40.889603 ] } },
{ "type": "Feature", "properties": { "id": "08f2a104722da6ca030ad70287de9c5a", "name": "Buongusto Pizza Restaurant & Catering", "confidence": 0.98331870061457416, "socials": [ "https://www.facebook.com/298559023929412" ] }, "geometry": { "type": "Point", "coordinates": [ -74.2508251, 40.8897598 ] } },
{ "type": "Feature", "properties": { "id": "08f2a10454974d8903f9f655115188a4", "name": "Buongusto Pizza Restaurant & Catering", "confidence": 0.77, "socials": null }, "geometry": { "type": "Point", "coordinates": [ -74.2507742, 40.8901276 ] } },
{ "type": "Feature", "properties": { "id": "08f2a104722c22b003a3752c01ccfd80", "name": "Olive Garden Italian Restaurant", "confidence": 0.77, "socials": null }, "geometry": { "type": "Point", "coordinates": [ -74.24955, 40.89057 ] } },
{ "type": "Feature", "properties": { "id": "08f2a10473419adc038bd100357f8ea8", "name": "La Mia Pizzeria", "confidence": 0.77, "socials": null }, "geometry": { "type": "Point", "coordinates": [ -74.245071, 40.88429 ] } },
{ "type": "Feature", "properties": { "id": "08f2a10473419b55037d483da95477c6", "name": "Carelli's Pizza & Italian Restaurant", "confidence": 0.93346005154639178, "socials": null }, "geometry": { "type": "Point", "coordinates": [ -74.245068, 40.884329 ] } },
{ "type": "Feature", "properties": { "id": "08f2a10473419a0203e919fcd0e280b7", "name": "Lorenzo's Restaurant & Pizzeria", "confidence": 0.77, "socials": null }, "geometry": { "type": "Point", "coordinates": [ -74.2450314, 40.8843535 ] } },
{ "type": "Feature", "properties": { "id": "08f2a1047340a19e0369aaca2e4c6649", "name": "Rigatony's", "confidence": 0.77, "socials": null }, "geometry": { "type": "Point", "coordinates": [ -74.244697570800795, 40.884464263916001 ] } },
{ "type": "Feature", "properties": { "id": "08f2a10473415c0403b9515f5b2517b4", "name": "Pasquale's Pizzeria", "confidence": 0.99497955735766175, "socials": [ "https://www.facebook.com/149432205080052" ] }, "geometry": { "type": "Point", "coordinates": [ -74.2454426, 40.8860567 ] } },
{ "type": "Feature", "properties": { "id": "08f2a10473424341034859d8ffceb376", "name": "Sun-Ray Pizzeria", "confidence": 0.97817198851157294, "socials": [ "https://www.facebook.com/1149411008469640" ] }, "geometry": { "type": "Point", "coordinates": [ -74.2428023, 40.8864964 ] } },
{ "type": "Feature", "properties": { "id": "08f2a10473ab179303d0c4d501a68d26", "name": "Bivio Pizza", "confidence": 0.77, "socials": null }, "geometry": { "type": "Point", "coordinates": [ -74.227266457672116, 40.881461654511256 ] } },
{ "type": "Feature", "properties": { "id": "08f2a10473a84446037a863181cf07c7", "name": "Pizza & Sandwich Express", "confidence": 0.99497955735766175, "socials": [ "https://www.facebook.com/130184240387399" ] }, "geometry": { "type": "Point", "coordinates": [ -74.2268607, 40.8812026 ] } },
{ "type": "Feature", "properties": { "id": "08f2a10473a968e103ce3df1273c3a87", "name": "Jojo's Pizza", "confidence": 0.98582594999015549, "socials": [ "https://www.facebook.com/290608087468567" ] }, "geometry": { "type": "Point", "coordinates": [ -74.2286712, 40.8815391 ] } },
{ "type": "Feature", "properties": { "id": "08f2a10473ab397103f3bf8bd9a58951", "name": "Aquila", "confidence": 0.97817198851157294, "socials": [ "https://www.facebook.com/303803843120593" ] }, "geometry": { "type": "Point", "coordinates": [ -74.2272961, 40.8815636 ] } },
{ "type": "Feature", "properties": { "id": "08f2a104549343a0035cf5a7ee4efb7a", "name": "Olive Garden Italian Restaurant", "confidence": 0.77, "socials": null }, "geometry": { "type": "Point", "coordinates": [ -74.253237, 40.891994 ] } },
{ "type": "Feature", "properties": { "id": "08f2a10472a6907603de0506d8246ab5", "name": "Linwood Pizza", "confidence": 0.97817198851157294, "socials": [ "https://www.facebook.com/334944850205912" ] }, "geometry": { "type": "Point", "coordinates": [ -74.2343448, 40.8956551 ] } },
{ "type": "Feature", "properties": { "id": "08f2a10472a6c97503f397afe5e25c4f", "name": "Soprano's Pizzeria", "confidence": 0.99497955735766175, "socials": [ "https://www.facebook.com/2088389351429655" ] }, "geometry": { "type": "Point", "coordinates": [ -74.2341177, 40.8965034 ] } },
{ "type": "Feature", "properties": { "id": "08f2a10473a1c8eb039068e5a6a88586", "name": "Mainline Pizzeria", "confidence": 0.97817198851157294, "socials": [ "https://www.facebook.com/289967394467557" ] }, "geometry": { "type": "Point", "coordinates": [ -74.2235886, 40.8805023 ] } },
{ "type": "Feature", "properties": { "id": "08f2a104702dbb5403cc1769e5afb687", "name": "Anthony Francos Pizza", "confidence": 0.77, "socials": null }, "geometry": { "type": "Point", "coordinates": [ -74.2200724, 40.8903873 ] } },
{ "type": "Feature", "properties": { "id": "08f2a1047159c829031d7bb6770ae3c9", "name": "Pizza Hut", "confidence": 0.97817198851157294, "socials": [ "https://www.facebook.com/146613982025877" ] }, "geometry": { "type": "Point", "coordinates": [ -74.2173382, 40.8886761 ] } },
{ "type": "Feature", "properties": { "id": "08f2a10471468aad03910be4aa6199cd", "name": "Anthony Francos Pizza (Little Falls)", "confidence": 0.77, "socials": null }, "geometry": { "type": "Point", "coordinates": [ -74.21036, 40.883461 ] } },
{ "type": "Feature", "properties": { "id": "08f2a10471468b2003f8d66f2728d925", "name": "Pizza 46", "confidence": 0.71069587628865982, "socials": [ "https://www.facebook.com/148747795162652" ] }, "geometry": { "type": "Point", "coordinates": [ -74.210499, 40.883571 ] } },
{ "type": "Feature", "properties": { "id": "08f2a104752c9c0603121df45f5e71a5", "name": "Fast Pizza and Salad Bar", "confidence": 0.99497955735766175, "socials": [ "https://www.facebook.com/103830090477692" ] }, "geometry": { "type": "Point", "coordinates": [ -74.1881891, 40.8909329 ] } },
{ "type": "Feature", "properties": { "id": "08f2a104752c918003dad4512feea6f6", "name": "Pizzaiuolas Wood Burning Pizza", "confidence": 0.31588785046728973, "socials": [ "https://www.facebook.com/167641126965652" ] }, "geometry": { "type": "Point", "coordinates": [ -74.188216, 40.891024 ] } },
{ "type": "Feature", "properties": { "id": "08f2a1047005ed4603e7b18e753c0ae8", "name": "Pizza Nostra", "confidence": 0.77, "socials": null }, "geometry": { "type": "Point", "coordinates": [ -74.21856, 40.89935 ] } },
{ "type": "Feature", "properties": { "id": "08f2a104700516d0031b6456e6211fb6", "name": "Nonna Marie's Pizza Restaurant", "confidence": 0.77, "socials": null }, "geometry": { "type": "Point", "coordinates": [ -74.2185516, 40.8993994 ] } },
{ "type": "Feature", "properties": { "id": "08f2a1047004649c03044d8117e878fe", "name": "Se7te Woodfire Pizza", "confidence": 0.99497955735766175, "socials": [ "https://www.facebook.com/1654756524763041" ] }, "geometry": { "type": "Point", "coordinates": [ -74.2178005, 40.8999947 ] } },
{ "type": "Feature", "properties": { "id": "08f2a10471d882b603ef8f729af07438", "name": "Pizza City", "confidence": 0.97817198851157294, "socials": [ "https://www.facebook.com/104940532883137" ] }, "geometry": { "type": "Point", "coordinates": [ -74.2080253, 40.8933614 ] } },
{ "type": "Feature", "properties": { "id": "08f2a10471c30658034ccbde416362ab", "name": "Viva La Pizza", "confidence": 0.97817198851157294, "socials": [ "https://www.facebook.com/129181177144710" ] }, "geometry": { "type": "Point", "coordinates": [ -74.2063763, 40.893011 ] } },
{ "type": "Feature", "properties": { "id": "08f2a1047085ad24039a611d9b4b5a8b", "name": "Dominick's Pizza", "confidence": 0.97817198851157294, "socials": [ "https://www.facebook.com/115325088497510" ] }, "geometry": { "type": "Point", "coordinates": [ -74.2106205, 40.9046611 ] } },
{ "type": "Feature", "properties": { "id": "08f2a1047084308803f69ea543033365", "name": "Totowa Pizza", "confidence": 0.97817198851157294, "socials": [ "https://www.facebook.com/456692741760293" ] }, "geometry": { "type": "Point", "coordinates": [ -74.2090702, 40.9047759 ] } },
{ "type": "Feature", "properties": { "id": "08f2a104708ecd0003a81ba211748244", "name": "Casa Mia Pizzeria & Ristorante", "confidence": 0.93837369560937189, "socials": [ "https://www.facebook.com/100169801612417" ] }, "geometry": { "type": "Point", "coordinates": [ -74.211117, 40.9051915 ] } },
{ "type": "Feature", "properties": { "id": "08f2a104708e1203034a6cc62bc58fa4", "name": "Casa Mia Pizzeria & Ristorante", "confidence": 0.77, "socials": null }, "geometry": { "type": "Point", "coordinates": [ -74.2111916, 40.9052847 ] } },
{ "type": "Feature", "properties": { "id": "08f2a104742ee0c30310c8b744d05259", "name": "Venezia Pizzeria & Restaurant", "confidence": 0.77, "socials": null }, "geometry": { "type": "Point", "coordinates": [ -74.2034913, 40.9105257 ] } },
{ "type": "Feature", "properties": { "id": "08f2a10475cdb8900324ed87e349f4e7", "name": "Domino's Pizza", "confidence": 0.99497955735766175, "socials": [ "https://www.facebook.com/513627825353031" ] }, "geometry": { "type": "Point", "coordinates": [ -74.1950484, 40.907151 ] } },
{ "type": "Feature", "properties": { "id": "08f2a1047502969d035a392888a7168b", "name": "PizzaHQ", "confidence": 0.9961633011413521, "socials": [ "https://www.facebook.com/103396688299758" ] }, "geometry": { "type": "Point", "coordinates": [ -74.1878572, 40.9022433 ] } },
{ "type": "Feature", "properties": { "id": "08f2a104296628b503fc9a3a264812b7", "name": "Neil's Pizzeria & Restaurant", "confidence": 0.9961633011413521, "socials": [ "https://www.facebook.com/433927686709804" ] }, "geometry": { "type": "Point", "coordinates": [ -74.2265947, 40.9317018 ] } },
{ "type": "Feature", "properties": { "id": "08f2a1042b099974039d8d62ae6e0ee7", "name": "Gencarelli's Wayne", "confidence": 0.98582594999015549, "socials": [ "https://www.facebook.com/328083400679990" ] }, "geometry": { "type": "Point", "coordinates": [ -74.2559761, 40.9371186 ] } },
{ "type": "Feature", "properties": { "id": "08f2a1042bd35616038b1ca038bdd611", "name": "Wayne Ale House & Pizza", "confidence": 0.9961633011413521, "socials": [ "https://www.facebook.com/122423434117378" ] }, "geometry": { "type": "Point", "coordinates": [ -74.2514254, 40.9500456 ] } },
{ "type": "Feature", "properties": { "id": "08f2a10428a262800380fce9b227b155", "name": "Pie Guys Pizza", "confidence": 0.77, "socials": null }, "geometry": { "type": "Point", "coordinates": [ -74.2248592, 40.9558806 ] } },
{ "type": "Feature", "properties": { "id": "08f2a10428a242c603d882295cc21b65", "name": "Aldo's Cucina", "confidence": 0.93346005154639178, "socials": null }, "geometry": { "type": "Point", "coordinates": [ -74.2244898, 40.9559693 ] } },
{ "type": "Feature", "properties": { "id": "08f2a10474b48c850393b46f4a3e1f98", "name": "Sabiha Sweets & Restaurant", "confidence": 0.71069587628865982, "socials": [ "https://www.facebook.com/1157376147732738" ] }, "geometry": { "type": "Point", "coordinates": [ -74.18977, 40.91796 ] } },
{ "type": "Feature", "properties": { "id": "08f2a10474b6a87003db05ea79441025", "name": "Ralph Piccolo's Pizza", "confidence": 0.99497955735766175, "socials": [ "https://www.facebook.com/543603559017695" ] }, "geometry": { "type": "Point", "coordinates": [ -74.1888946, 40.9187007 ] } },
{ "type": "Feature", "properties": { "id": "08f2a1055a371c8d03664e1fe4dffcc4", "name": "Haledon Pizza", "confidence": 0.97817198851157294, "socials": [ "https://www.facebook.com/636966643032409" ] }, "geometry": { "type": "Point", "coordinates": [ -74.1842261, 40.933253 ] } },
{ "type": "Feature", "properties": { "id": "08f2a1055a59c35603d4724cf8a79604", "name": "Biagio's Pizza & Pasta", "confidence": 0.77, "socials": null }, "geometry": { "type": "Point", "coordinates": [ -74.2047766, 40.9445232 ] } },
{ "type": "Feature", "properties": { "id": "08f2a1042996c85803bdf73a665b72cf", "name": "The #cheatmealheadquarters", "confidence": 0.47268106734434556, "socials": [ "https://www.facebook.com/288797798492136" ] }, "geometry": { "type": "Point", "coordinates": [ -74.2062992, 40.9450028 ] } },
{ "type": "Feature", "properties": { "id": "08f2a1055a580ca4038f81ab530d050b", "name": "Brother Bruno's Pizza, Deli and Bagels", "confidence": 0.9961633011413521, "socials": [ "https://www.facebook.com/126659602692" ] }, "geometry": { "type": "Point", "coordinates": [ -74.2042671, 40.945199 ] } },
{ "type": "Feature", "properties": { "id": "08f2a1055a15e309030de0f2bd52909e", "name": "Nona's Pizzeria & Restaurant", "confidence": 0.71069587628865982, "socials": [ "https://www.facebook.com/131917728367135" ] }, "geometry": { "type": "Point", "coordinates": [ -74.1879455, 40.9396719 ] } },
{ "type": "Feature", "properties": { "id": "08f2a1055a32487003c85e77ee21d8ba", "name": "Buonocore's Brick Oven Pizza", "confidence": 0.99497955735766175, "socials": [ "https://www.facebook.com/103298264420102" ] }, "geometry": { "type": "Point", "coordinates": [ -74.1847247, 40.9362106 ] } },
{ "type": "Feature", "properties": { "id": "08f2a1055aa15593033f7a3841ba0fa3", "name": "Dantes Pizza and Restaurant", "confidence": 0.97817198851157294, "socials": [ "https://www.facebook.com/312504838845632" ] }, "geometry": { "type": "Point", "coordinates": [ -74.1814618, 40.9382537 ] } },
{ "type": "Feature", "properties": { "id": "08f2a1055e6832300360121f3121ac11", "name": "Puzo's", "confidence": 0.99497955735766175, "socials": [ "https://www.facebook.com/320611878693743" ] }, "geometry": { "type": "Point", "coordinates": [ -74.189504, 40.9528942 ] } },
{ "type": "Feature", "properties": { "id": "08f2a1055e72bd5b03f9f10968a5999b", "name": "Domino's Pizza", "confidence": 0.99497955735766175, "socials": [ "https://www.facebook.com/373622259404735" ] }, "geometry": { "type": "Point", "coordinates": [ -74.1816592, 40.955723 ] } },
{ "type": "Feature", "properties": { "id": "08f2a1048191614b03ad7157f7e849df", "name": "Tony's Famous Pizzeria", "confidence": 0.99497955735766175, "socials": [ "https://www.facebook.com/105574498586578" ] }, "geometry": { "type": "Point", "coordinates": [ -74.4987738, 40.9580104 ] } },
{ "type": "Feature", "properties": { "id": "08f2a1041580878203bc50c1b950cc3b", "name": "Domino's Pizza", "confidence": 0.99497955735766175, "socials": [ "https://www.facebook.com/424527434381924" ] }, "geometry": { "type": "Point", "coordinates": [ -74.3504267, 40.9961876 ] } },
{ "type": "Feature", "properties": { "id": "08f2a1040606098c03299e241a44bb44", "name": "Pizza Hut Express", "confidence": 0.98296875, "socials": [ "https://www.facebook.com/297610067328364" ] }, "geometry": { "type": "Point", "coordinates": [ -74.3253843, 40.9899196 ] } },
{ "type": "Feature", "properties": { "id": "08f2a104056f27550317e69fbe013811", "name": "Pizza Man Trattoria Italiano", "confidence": 0.9961633011413521, "socials": [ "https://www.facebook.com/262457913807564" ] }, "geometry": { "type": "Point", "coordinates": [ -74.2942814, 40.9673396 ] } },
{ "type": "Feature", "properties": { "id": "08f2a1040568204a033dbb13e8ad86b9", "name": "Carnival Spot Pizza", "confidence": 0.77, "socials": null }, "geometry": { "type": "Point", "coordinates": [ -74.295995, 40.968775 ] } },
{ "type": "Feature", "properties": { "id": "08f2a104052a38c103f71fc963703a92", "name": "V & J Pizza", "confidence": 0.97817198851157294, "socials": [ "https://www.facebook.com/120365234647258" ] }, "geometry": { "type": "Point", "coordinates": [ -74.2835417, 40.9670287 ] } },
{ "type": "Feature", "properties": { "id": "08f2a1040574688c03a8f6f05f4b7a93", "name": "Stefano's Pizzeria", "confidence": 0.99497955735766175, "socials": [ "https://www.facebook.com/503659936443372" ] }, "geometry": { "type": "Point", "coordinates": [ -74.2870451, 40.9696698 ] } },
{ "type": "Feature", "properties": { "id": "08f2a10405728ae203496a1385324d95", "name": "Hoboken's Pizzeria", "confidence": 0.98582594999015549, "socials": [ "https://www.facebook.com/109131808163740" ] }, "geometry": { "type": "Point", "coordinates": [ -74.2873275, 40.9713273 ] } },
{ "type": "Feature", "properties": { "id": "08f2a1040092ac18038c7fb752958c3a", "name": "Stefano's Restaurant", "confidence": 0.77, "socials": null }, "geometry": { "type": "Point", "coordinates": [ -74.30161894, 40.98171741 ] } },
{ "type": "Feature", "properties": { "id": "08f2a10404782a550369dc44e67fbd7d", "name": "Pizza Boys", "confidence": 0.35051546391752575, "socials": [ "https://www.facebook.com/455751064282155" ] }, "geometry": { "type": "Point", "coordinates": [ -74.3096527, 40.9895699 ] } },
{ "type": "Feature", "properties": { "id": "08f2a10404ce0016038d39bbdeefa8a3", "name": "Coney Island Pizza", "confidence": 0.97817198851157294, "socials": [ "https://www.facebook.com/222721904449771" ] }, "geometry": { "type": "Point", "coordinates": [ -74.302053, 40.9985744 ] } },
{ "type": "Feature", "properties": { "id": "08f2a1042365945a03dc927e13e94c87", "name": "Primo Pizza", "confidence": 0.99497955735766175, "socials": [ "https://www.facebook.com/157849444416864" ] }, "geometry": { "type": "Point", "coordinates": [ -74.2758, 40.9842287 ] } },
{ "type": "Feature", "properties": { "id": "08f2a104234f320a038ba91187b135d3", "name": "King & Sons Pizzeria", "confidence": 0.77, "socials": null }, "geometry": { "type": "Point", "coordinates": [ -74.2820736, 40.9937139 ] } },
{ "type": "Feature", "properties": { "id": "08f2a10428cd85a9037ad86a5c59e6aa", "name": "Anthony Franco's Pizza", "confidence": 0.99497955735766175, "socials": [ "https://www.facebook.com/179739055408901" ] }, "geometry": { "type": "Point", "coordinates": [ -74.2429119, 40.9617146 ] } },
{ "type": "Feature", "properties": { "id": "08f2a104281a826903f5dccad1378c79", "name": "Viaggio", "confidence": 0.77, "socials": null }, "geometry": { "type": "Point", "coordinates": [ -74.23741, 40.959355 ] } },
{ "type": "Feature", "properties": { "id": "08f2a10428118c46034d3ef03653e6ab", "name": "Vinni's Pizzarama", "confidence": 0.99497955735766175, "socials": [ "https://www.facebook.com/1481123345496193" ] }, "geometry": { "type": "Point", "coordinates": [ -74.236106, 40.959467 ] } },
{ "type": "Feature", "properties": { "id": "08f2a1055e735a310379fd0e032a242e", "name": "La Collina Italian Specialty Pizza & Salumeria", "confidence": 0.77, "socials": null }, "geometry": { "type": "Point", "coordinates": [ -74.1825514, 40.9573506 ] } },
{ "type": "Feature", "properties": { "id": "08f2a105533b0d23036438f866fc5221", "name": "Spinachio Pizza", "confidence": 0.99497955735766175, "socials": [ "https://www.facebook.com/105225561059771" ] }, "geometry": { "type": "Point", "coordinates": [ -74.192892, 40.9735023 ] } },
{ "type": "Feature", "properties": { "id": "08f2a104499a06ad03d5c27c9cabbd1f", "name": "Pizza Town Pizzeria", "confidence": 0.77, "socials": null }, "geometry": { "type": "Point", "coordinates": [ -74.1618009, 40.7826953 ] } },
{ "type": "Feature", "properties": { "id": "08f2a104499a06ad039522e0949bd0f0", "name": "PizzaTown Pizzeria and Restaurant", "confidence": 0.71069587628865982, "socials": [ "https://www.facebook.com/1095283303925131" ] }, "geometry": { "type": "Point", "coordinates": [ -74.161777, 40.782667 ] } },
{ "type": "Feature", "properties": { "id": "08f2a104488ae80303b3bdb168f3f09e", "name": "Frank's Pizza & Restaurant", "confidence": 0.97817198851157294, "socials": [ "https://www.facebook.com/115436111812787" ] }, "geometry": { "type": "Point", "coordinates": [ -74.1790738, 40.7974926 ] } },
{ "type": "Feature", "properties": { "id": "08f2a1044c21e65103c78dd8a0cb6c24", "name": "3 Guys Pizzeria", "confidence": 0.99497955735766175, "socials": [ "https://www.facebook.com/115027308176915" ] }, "geometry": { "type": "Point", "coordinates": [ -74.1696018, 40.8024631 ] } },
{ "type": "Feature", "properties": { "id": "08f2a1044c21ad2e0388053ad067f872", "name": "Three guys pizza", "confidence": 0.71069587628865982, "socials": [ "https://www.facebook.com/165805916730" ] }, "geometry": { "type": "Point", "coordinates": [ -74.1696018, 40.8024631 ] } },
{ "type": "Feature", "properties": { "id": "08f2a1044d3892a6031cce273cedabf5", "name": "Belleville Pizza", "confidence": 0.99497955735766175, "socials": [ "https://www.facebook.com/1741584432748461" ] }, "geometry": { "type": "Point", "coordinates": [ -74.1533714, 40.7860711 ] } },
{ "type": "Feature", "properties": { "id": "08f2a1044d38d46a03f7c8db84fe9df8", "name": "La Sicilia", "confidence": 0.99497955735766175, "socials": [ "https://www.facebook.com/525008367563391" ] }, "geometry": { "type": "Point", "coordinates": [ -74.1533343, 40.7864101 ] } },
{ "type": "Feature", "properties": { "id": "08f2a1044da88b0403550e9ff9a841dc", "name": "Pizza Village Cafe", "confidence": 0.99497955735766175, "socials": [ "https://www.facebook.com/111180437200134" ] }, "geometry": { "type": "Point", "coordinates": [ -74.1471499, 40.7892135 ] } },
{ "type": "Feature", "properties": { "id": "08f2a10732d5a2b20327c49d46babf00", "name": "Papa John's Pizza", "confidence": 0.99497955735766175, "socials": [ "https://www.facebook.com/156430414415703" ] }, "geometry": { "type": "Point", "coordinates": [ -74.1388139, 40.7817956 ] } },
{ "type": "Feature", "properties": { "id": "08f2a10732d5942d03987e8303e02156", "name": "Pizza Land", "confidence": 0.99497955735766175, "socials": [ "https://www.facebook.com/120184584659556" ] }, "geometry": { "type": "Point", "coordinates": [ -74.1380235, 40.7816035 ] } },
{ "type": "Feature", "properties": { "id": "08f2a1044dac5706037a9e5191c31a17", "name": "Nonna Lisa Pizza", "confidence": 0.99497955735766175, "socials": [ "https://www.facebook.com/1097560883672082" ] }, "geometry": { "type": "Point", "coordinates": [ -74.1450065, 40.7876243 ] } },
{ "type": "Feature", "properties": { "id": "08f2a1044d8f438603c15eaef5ed6ae4", "name": "Alberto's Restaurant & Pizzeria", "confidence": 0.99497955735766175, "socials": [ "https://www.facebook.com/184914821544896" ] }, "geometry": { "type": "Point", "coordinates": [ -74.1483591, 40.7971009 ] } },
{ "type": "Feature", "properties": { "id": "08f2a1044dd51553032a5ee3e0bed88c", "name": "Algieri's Pizza", "confidence": 0.99497955735766175, "socials": [ "https://www.facebook.com/384754088262104" ] }, "geometry": { "type": "Point", "coordinates": [ -74.1542323, 40.8008678 ] } },
{ "type": "Feature", "properties": { "id": "08f2a1044d8b6d8e038e9cc24b5e1b62", "name": "Tubaz Italian", "confidence": 0.77, "socials": null }, "geometry": { "type": "Point", "coordinates": [ -74.1512401, 40.7999432 ] } },
{ "type": "Feature", "properties": { "id": "08f2a1044d8b6d9503e45b525c9521d8", "name": "Pizza House", "confidence": 0.77, "socials": null }, "geometry": { "type": "Point", "coordinates": [ -74.1512516, 40.7999658 ] } },
{ "type": "Feature", "properties": { "id": "08f2a1044d8ad9560304feced3f8ba5e", "name": "Domino's", "confidence": 0.99497955735766175, "socials": [ "https://www.facebook.com/102550375809342" ] }, "geometry": { "type": "Point", "coordinates": [ -74.1480752, 40.7984569 ] } },
{ "type": "Feature", "properties": { "id": "08f2a1044d81680d03e79baa19781c9d", "name": "Gino's Pizzeria", "confidence": 0.99497955735766175, "socials": [ "https://www.facebook.com/374953539241926" ] }, "geometry": { "type": "Point", "coordinates": [ -74.1477272, 40.7991224 ] } },
{ "type": "Feature", "properties": { "id": "08f2a1044c14b94a0353ab065453e20e", "name": "Domino's Pizza", "confidence": 0.99497955735766175, "socials": [ "https://www.facebook.com/182546515244475" ] }, "geometry": { "type": "Point", "coordinates": [ -74.1663437, 40.8087846 ] } },
{ "type": "Feature", "properties": { "id": "08f2a1044c8c3209036eb7c5c276cc2f", "name": "Michaels Pastaria", "confidence": 0.77, "socials": null }, "geometry": { "type": "Point", "coordinates": [ -74.16420758, 40.81316776 ] } },
{ "type": "Feature", "properties": { "id": "08f2a1044c8c338d03e27851e2754844", "name": "Nicky Boys Pizza Joint", "confidence": 0.77, "socials": null }, "geometry": { "type": "Point", "coordinates": [ -74.1642505, 40.8132246 ] } },
{ "type": "Feature", "properties": { "id": "08f2a1044cd4227303a794d011a46438", "name": "Mamma Mias Pizza", "confidence": 0.99497955735766175, "socials": [ "https://www.facebook.com/108405494392306" ] }, "geometry": { "type": "Point", "coordinates": [ -74.1689523, 40.8186799 ] } },
{ "type": "Feature", "properties": { "id": "08f2a1044c8e018a0386ca1e6574bba1", "name": "Bell Paese Deli Pizzeria and Trattoria", "confidence": 0.97817198851157294, "socials": [ "https://www.facebook.com/114065701958142" ] }, "geometry": { "type": "Point", "coordinates": [ -74.1628412, 40.8145645 ] } },
{ "type": "Feature", "properties": { "id": "08f2a1044c80b66d0314939521b491a0", "name": "Gencarelli Brothers", "confidence": 0.77, "socials": null }, "geometry": { "type": "Point", "coordinates": [ -74.1619763, 40.8147706 ] } },
{ "type": "Feature", "properties": { "id": "08f2a1044c80b2d00372a2d39a367d08", "name": "Amore Pizza", "confidence": 0.99497955735766175, "socials": [ "https://www.facebook.com/1017931658249744" ] }, "geometry": { "type": "Point", "coordinates": [ -74.1619169, 40.814803 ] } },
{ "type": "Feature", "properties": { "id": "08f2a1046a28ed6503eb7e707864f644", "name": "Rocky's Pizzeria and Restaurant", "confidence": 0.97553503184713375, "socials": [ "https://www.facebook.com/518316558208802" ] }, "geometry": { "type": "Point", "coordinates": [ -74.1578867, 40.8213064 ] } },
{ "type": "Feature", "properties": { "id": "08f2a1046a28e99a0384183c2be10542", "name": "Rocky's Restaurant & Pizzeria", "confidence": 0.71069587628865982, "socials": [ "https://www.facebook.com/474723055892225" ] }, "geometry": { "type": "Point", "coordinates": [ -74.1578867, 40.8213064 ] } },
{ "type": "Feature", "properties": { "id": "08f2a1046b4589510325677bf7109485", "name": "Ferrulli's Pizza", "confidence": 0.98113699906803353, "socials": [ "https://www.facebook.com/242543495933618" ] }, "geometry": { "type": "Point", "coordinates": [ -74.1498317, 40.8107995 ] } },
{ "type": "Feature", "properties": { "id": "08f2a1046b6604a003fd01436f91fa25", "name": "Pizza Hut", "confidence": 0.99497955735766175, "socials": [ "https://www.facebook.com/117993284893010" ] }, "geometry": { "type": "Point", "coordinates": [ -74.1455179, 40.8044686 ] } },
{ "type": "Feature", "properties": { "id": "08f2a1046b756252030cdbccb1f7bc13", "name": "Ritacco Brothers Brick Oven", "confidence": 0.97817198851157294, "socials": [ "https://www.facebook.com/846624535472534" ] }, "geometry": { "type": "Point", "coordinates": [ -74.1462695, 40.806842 ] } },
{ "type": "Feature", "properties": { "id": "08f2a1046a20b651033561866041ba31", "name": "Ralph's Pizzeria", "confidence": 0.77, "socials": null }, "geometry": { "type": "Point", "coordinates": [ -74.1537, 40.8203 ] } },
{ "type": "Feature", "properties": { "id": "08f2a1046a31039503a0a42c201b5295", "name": "Ralph's Pizzeria", "confidence": 0.99497955735766175, "socials": [ "https://www.facebook.com/154323391355728" ] }, "geometry": { "type": "Point", "coordinates": [ -74.1532479, 40.8249812 ] } },
{ "type": "Feature", "properties": { "id": "08f2a1073671ea5503a0014ec1334d8b", "name": "Ferazzoli's Italian Kitchen", "confidence": 0.99497955735766175, "socials": [ "https://www.facebook.com/666147083731303" ] }, "geometry": { "type": "Point", "coordinates": [ -74.1320854, 40.7904753 ] } },
{ "type": "Feature", "properties": { "id": "08f2a10736c71990039e68cc104db8c0", "name": "Jo Jo's Pizza and Pasta Kitchen", "confidence": 0.97817198851157294, "socials": [ "https://www.facebook.com/170110733709625" ] }, "geometry": { "type": "Point", "coordinates": [ -74.1247872, 40.7999231 ] } },
{ "type": "Feature", "properties": { "id": "08f2a10736c71915030da4d81d5de27a", "name": "Jo Jo's Pizza & Pasta Kitchen", "confidence": 0.77, "socials": null }, "geometry": { "type": "Point", "coordinates": [ -74.1246208, 40.79991 ] } },
{ "type": "Feature", "properties": { "id": "08f2a10736d71135034b775189c6d073", "name": "A1 Pizza", "confidence": 0.99497955735766175, "socials": [ "https://www.facebook.com/134996339867516" ] }, "geometry": { "type": "Point", "coordinates": [ -74.1226972, 40.8025576 ] } },
{ "type": "Feature", "properties": { "id": "08f2a1046bac6d3103c0878ab775c454", "name": "Turano's Pizza Pasta Grill", "confidence": 0.77, "socials": null }, "geometry": { "type": "Point", "coordinates": [ -74.1318641, 40.8073255 ] } },
{ "type": "Feature", "properties": { "id": "08f2a1046ba1c76803f459eccfcfe63b", "name": "Villa Italia", "confidence": 0.99497955735766175, "socials": [ "https://www.facebook.com/175898425780195" ] }, "geometry": { "type": "Point", "coordinates": [ -74.1303806, 40.8088146 ] } },
{ "type": "Feature", "properties": { "id": "08f2a104694d36f603f06348b3620e8d", "name": "Chris's Pizzeria & Family Restaurant", "confidence": 0.77, "socials": null }, "geometry": { "type": "Point", "coordinates": [ -74.1252577, 40.8120668 ] } },
{ "type": "Feature", "properties": { "id": "08f2a104696c672103186e58f81e4f7e", "name": "Lyndhurst Pizza", "confidence": 0.99497955735766175, "socials": [ "https://www.facebook.com/632622990213397" ] }, "geometry": { "type": "Point", "coordinates": [ -74.1212476, 40.8047535 ] } },
{ "type": "Feature", "properties": { "id": "08f2a104696c63b4039d309fa34b77d3", "name": "Giavanna's Pizzeria", "confidence": 0.77, "socials": null }, "geometry": { "type": "Point", "coordinates": [ -74.12104, 40.80468 ] } },
{ "type": "Feature", "properties": { "id": "08f2a1046971b4520386678dfcf8ddf8", "name": "Foschini's Brick Oven Kitchen", "confidence": 0.99497955735766175, "socials": [ "https://www.facebook.com/191088534236196" ] }, "geometry": { "type": "Point", "coordinates": [ -74.1184199, 40.8086438 ] } },
{ "type": "Feature", "properties": { "id": "08f2a104694ee4490372b1e63aed323a", "name": "Mr. Bruno's Pizzeria & Restaurant of Lyndhurst", "confidence": 0.99497955735766175, "socials": [ "https://www.facebook.com/269619769742698" ] }, "geometry": { "type": "Point", "coordinates": [ -74.12243, 40.8123689 ] } },
{ "type": "Feature", "properties": { "id": "08f2a1046945c180031d70d7666fa6a7", "name": "Gencarellis Of Lyndhurst", "confidence": 0.99497955735766175, "socials": [ "https://www.facebook.com/1688636681408131" ] }, "geometry": { "type": "Point", "coordinates": [ -74.1198461, 40.8120931 ] } },
{ "type": "Feature", "properties": { "id": "08f2a104694630e0039ad522583013db", "name": "Gencarellis of Lyndhurst", "confidence": 0.77, "socials": null }, "geometry": { "type": "Point", "coordinates": [ -74.11803, 40.812736 ] } },
{ "type": "Feature", "properties": { "id": "08f2a10469091c060316b2cd277f24c9", "name": "Pizza Lino", "confidence": 0.99497955735766175, "socials": [ "https://www.facebook.com/777406312381314" ] }, "geometry": { "type": "Point", "coordinates": [ -74.1158842, 40.8126132 ] } },
{ "type": "Feature", "properties": { "id": "08f2a104694a242b03e4fd3de5217e93", "name": "Josie's Pizzeria Catering & Restaurant", "confidence": 0.99497955735766175, "socials": [ "https://www.facebook.com/111609695543736" ] }, "geometry": { "type": "Point", "coordinates": [ -74.1251176, 40.8156564 ] } },
{ "type": "Feature", "properties": { "id": "08f2a1046861dccb0324eeb7355bd843", "name": "Pizza Hut Express", "confidence": 0.99497955735766175, "socials": [ "https://www.facebook.com/1910234815883774" ] }, "geometry": { "type": "Point", "coordinates": [ -74.1351976, 40.8245987 ] } },
{ "type": "Feature", "properties": { "id": "08f2a1046958039b03551b968de0a1b3", "name": "La Scala pizzeria", "confidence": 0.29137199434229144, "socials": [ "https://www.facebook.com/248964785227276" ] }, "geometry": { "type": "Point", "coordinates": [ -74.123548, 40.817484 ] } },
{ "type": "Feature", "properties": { "id": "08f2a1046a08c7360367d4ecfa462415", "name": "Loue's Place Pizza & Pasta", "confidence": 0.99497955735766175, "socials": [ "https://www.facebook.com/182952101854544" ] }, "geometry": { "type": "Point", "coordinates": [ -74.1598339, 40.8290002 ] } },
{ "type": "Feature", "properties": { "id": "08f2a10445a0052003a50f5c0ab5bebf", "name": "Angelo's Pizzeria", "confidence": 0.99497955735766175, "socials": [ "https://www.facebook.com/924749744248112" ] }, "geometry": { "type": "Point", "coordinates": [ -74.1611925, 40.845744 ] } },
{ "type": "Feature", "properties": { "id": "08f2a1046a06da6603cd6cec96c20ec4", "name": "Napoli Trattoria & Pizzeria", "confidence": 0.93346005154639178, "socials": null }, "geometry": { "type": "Point", "coordinates": [ -74.15140388, 40.8268003 ] } },
{ "type": "Feature", "properties": { "id": "08f2a1046a81d6e3035141d6ac4ea5e2", "name": "UNO Pizzeria & Grill", "confidence": 0.77, "socials": null }, "geometry": { "type": "Point", "coordinates": [ -74.14854, 40.83445 ] } },
{ "type": "Feature", "properties": { "id": "08f2a1046aa02dae03e384d9dd550c67", "name": "Nonno's Pizzeria Deli & Catering", "confidence": 0.97817198851157294, "socials": [ "https://www.facebook.com/115007331483678" ] }, "geometry": { "type": "Point", "coordinates": [ -74.1459633, 40.8277033 ] } },
{ "type": "Feature", "properties": { "id": "08f2a1046a87029403ee08a955416cf7", "name": "Route 3 Pizza", "confidence": 0.98296875, "socials": [ "https://www.facebook.com/283963175016541" ] }, "geometry": { "type": "Point", "coordinates": [ -74.1460796, 40.8337183 ] } },
{ "type": "Feature", "properties": { "id": "08f2a1046a872b7503c9db5ee2fc9092", "name": "Lucci's Pizza", "confidence": 0.98331870061457416, "socials": [ "https://www.facebook.com/292693287263059" ] }, "geometry": { "type": "Point", "coordinates": [ -74.1461579, 40.8338826 ] } },
{ "type": "Feature", "properties": { "id": "08f2a104684f3288032a843f2dce66a5", "name": "Uno Pizzeria & Grill", "confidence": 0.9961633011413521, "socials": [ "https://www.facebook.com/115112361877653" ] }, "geometry": { "type": "Point", "coordinates": [ -74.1396127, 40.8308064 ] } },
{ "type": "Feature", "properties": { "id": "08f2a1046ad766c80341b152ec52f1b0", "name": "Anthony's Coal Fired Pizza and Wings", "confidence": 0.99497955735766175, "socials": [ "https://www.facebook.com/259808770726335" ] }, "geometry": { "type": "Point", "coordinates": [ -74.1552328, 40.8391187 ] } },
{ "type": "Feature", "properties": { "id": "08f2a10445ca46c903d93a8fda709f60", "name": "Ameti's Pizza", "confidence": 0.99497955735766175, "socials": [ "https://www.facebook.com/1457788757798857" ] }, "geometry": { "type": "Point", "coordinates": [ -74.1772517, 40.8566113 ] } },
{ "type": "Feature", "properties": { "id": "08f2a10445c5079e0374331fa64ee574", "name": "Clifton Village Pizza", "confidence": 0.97817198851157294, "socials": [ "https://www.facebook.com/866023906917800" ] }, "geometry": { "type": "Point", "coordinates": [ -74.1739429, 40.8533656 ] } },
{ "type": "Feature", "properties": { "id": "08f2a1046301903403207c635a322086", "name": "Villa Roma Pizzeria & Deli", "confidence": 0.99497955735766175, "socials": [ "https://www.facebook.com/154945194994237" ] }, "geometry": { "type": "Point", "coordinates": [ -74.1585369, 40.8657712 ] } },
{ "type": "Feature", "properties": { "id": "08f2a1046e5a6c59033da082ff07599f", "name": "Curioni's Pizza", "confidence": 0.35051546391752575, "socials": [ "https://www.facebook.com/120529544630093" ] }, "geometry": { "type": "Point", "coordinates": [ -74.154134, 40.854952 ] } },
{ "type": "Feature", "properties": { "id": "08f2a1046ec0d13603a2311e53f5f889", "name": "Domino's Pizza", "confidence": 0.99497955735766175, "socials": [ "https://www.facebook.com/264854356989716" ] }, "geometry": { "type": "Point", "coordinates": [ -74.1435753, 40.8555739 ] } },
{ "type": "Feature", "properties": { "id": "08f2a1046330a90e0373590cc6a72d0d", "name": "Tony's Pizza Pasta Grill", "confidence": 0.99497955735766175, "socials": [ "https://www.facebook.com/106913674070564" ] }, "geometry": { "type": "Point", "coordinates": [ -74.1530933, 40.8608417 ] } },
{ "type": "Feature", "properties": { "id": "08f2a104633a4362033643bf2637c81f", "name": "Pizza Hut", "confidence": 0.99497955735766175, "socials": [ "https://www.facebook.com/120633494618719" ] }, "geometry": { "type": "Point", "coordinates": [ -74.1558891, 40.8625802 ] } },
{ "type": "Feature", "properties": { "id": "08f2a10463344d9d030893ca784227bd", "name": "Mario's Restaurant", "confidence": 0.9961633011413521, "socials": [ "https://www.facebook.com/155487984525348" ] }, "geometry": { "type": "Point", "coordinates": [ -74.1507713, 40.8598008 ] } },
{ "type": "Feature", "properties": { "id": "08f2a10463b0a25b032e87845a6606bb", "name": "Clifton Pizza & Grill", "confidence": 0.77, "socials": null }, "geometry": { "type": "Point", "coordinates": [ -74.145022, 40.865853 ] } },
{ "type": "Feature", "properties": { "id": "08f2a10468081a06030155d0fac73b12", "name": "Uno Pizzeria & Grill", "confidence": 0.77, "socials": null }, "geometry": { "type": "Point", "coordinates": [ -74.129868, 40.830167 ] } },
{ "type": "Feature", "properties": { "id": "08f2a1046eb5c61c0319eb28fafb21a7", "name": "Romeo's Pizza", "confidence": 0.93837369560937189, "socials": [ "https://www.facebook.com/120398004639327" ] }, "geometry": { "type": "Point", "coordinates": [ -74.1278293, 40.8460145 ] } },
{ "type": "Feature", "properties": { "id": "08f2a1046eb44541034f01d58bba45e5", "name": "Jerusalem Pizza Falafel", "confidence": 0.97817198851157294, "socials": [ "https://www.facebook.com/166122613402566" ] }, "geometry": { "type": "Point", "coordinates": [ -74.1265695, 40.846971 ] } },
{ "type": "Feature", "properties": { "id": "08f2a10468942cec034d5f6bc56cc8a4", "name": "Domino's Pizza", "confidence": 0.99497955735766175, "socials": [ "https://www.facebook.com/172573242919437" ] }, "geometry": { "type": "Point", "coordinates": [ -74.1141331, 40.8365152 ] } },
{ "type": "Feature", "properties": { "id": "08f2a1046894670d032d7739f2b5742f", "name": "Mama Rosa Pizza and Pasta", "confidence": 0.99497955735766175, "socials": [ "https://www.facebook.com/249411718526896" ] }, "geometry": { "type": "Point", "coordinates": [ -74.113954, 40.8365887 ] } },
{ "type": "Feature", "properties": { "id": "08f2a1046c0ca99e03c83fcc3c33f985", "name": "Mr Pizza", "confidence": 0.99497955735766175, "socials": [ "https://www.facebook.com/473968402703375" ] }, "geometry": { "type": "Point", "coordinates": [ -74.1140413, 40.8459809 ] } },
{ "type": "Feature", "properties": { "id": "08f2a1046d69c300031156977125ce3b", "name": "Chris' Pizza & Family Restaurant", "confidence": 0.77, "socials": null }, "geometry": { "type": "Point", "coordinates": [ -74.1096124, 40.8254846 ] } },
{ "type": "Feature", "properties": { "id": "08f2a1046d632a020342c28bca9c3b64", "name": "Song E Napule", "confidence": 0.92595108695652173, "socials": [ "https://www.facebook.com/103027278867702" ] }, "geometry": { "type": "Point", "coordinates": [ -74.1052006, 40.8270335 ] } },
{ "type": "Feature", "properties": { "id": "08f2a1046894382d038323b155164138", "name": "Ferazzoli's Italian Kitchen", "confidence": 0.99497955735766175, "socials": [ "https://www.facebook.com/421985944640461" ] }, "geometry": { "type": "Point", "coordinates": [ -74.1135226, 40.8361219 ] } },
{ "type": "Feature", "properties": { "id": "08f2a1046d70e06b03dd15cc9b582762", "name": "Da Mario Pizzeria", "confidence": 0.97817198851157294, "socials": [ "https://www.facebook.com/307412312621040" ] }, "geometry": { "type": "Point", "coordinates": [ -74.1023817, 40.8279649 ] } },
{ "type": "Feature", "properties": { "id": "08f2a1046d00859a039d92024b4c7a17", "name": "Gideon's Pizza", "confidence": 0.47268106734434556, "socials": [ "https://www.facebook.com/797938403563259" ] }, "geometry": { "type": "Point", "coordinates": [ -74.095745, 40.830579 ] } },
{ "type": "Feature", "properties": { "id": "08f2a1046d036683032529f4a46b0289", "name": "Gusto WoodFired Pizza Kitchen", "confidence": 0.97817198851157294, "socials": [ "https://www.facebook.com/252387864623236" ] }, "geometry": { "type": "Point", "coordinates": [ -74.0970694, 40.832912 ] } },
{ "type": "Feature", "properties": { "id": "08f2a1046d1ab703031dc9d43c844606", "name": "Ralph's Pizzeria", "confidence": 0.99497955735766175, "socials": [ "https://www.facebook.com/113717178659955" ] }, "geometry": { "type": "Point", "coordinates": [ -74.0971957, 40.8333878 ] } },
{ "type": "Feature", "properties": { "id": "08f2a1046d1a909b03c15b7707f9b468", "name": "Papa John's Pizza", "confidence": 0.99497955735766175, "socials": [ "https://www.facebook.com/115270481884874" ] }, "geometry": { "type": "Point", "coordinates": [ -74.0967068, 40.8333898 ] } },
{ "type": "Feature", "properties": { "id": "08f2a1046d14375503b2862f1db1600f", "name": "Mr. Bruno's Pizza & Beyond", "confidence": 0.35051546391752575, "socials": [ "https://www.facebook.com/307760116049588" ] }, "geometry": { "type": "Point", "coordinates": [ -74.092192, 40.831434 ] } },
{ "type": "Feature", "properties": { "id": "08f2a1046c37538e0375078efa50512b", "name": "Marina's Pizzeria", "confidence": 0.29137199434229144, "socials": [ "https://www.facebook.com/1465572380402103" ] }, "geometry": { "type": "Point", "coordinates": [ -74.104878, 40.842894 ] } },
{ "type": "Feature", "properties": { "id": "08f2a1046dd83a5c0302a043c69d541a", "name": "Nonna Rosa Pizzeria", "confidence": 0.31588785046728973, "socials": [ "https://www.facebook.com/103395801749703" ] }, "geometry": { "type": "Point", "coordinates": [ -74.1009036, 40.8415027 ] } },
{ "type": "Feature", "properties": { "id": "08f2a1046c0a1ab50375c314defb936b", "name": "Mangia Mangia", "confidence": 0.77, "socials": null }, "geometry": { "type": "Point", "coordinates": [ -74.114535, 40.8498976 ] } },
{ "type": "Feature", "properties": { "id": "08f2a104612126140380ba7aa3932123", "name": "Roman's Pizzeria Restaurant", "confidence": 0.97817198851157294, "socials": [ "https://www.facebook.com/353849128787" ] }, "geometry": { "type": "Point", "coordinates": [ -74.1275562, 40.8601409 ] } },
{ "type": "Feature", "properties": { "id": "08f2a104610c907403b43ee9b468ab25", "name": "Tony's Pizzeria", "confidence": 0.98296875, "socials": [ "https://www.facebook.com/116585765033185" ] }, "geometry": { "type": "Point", "coordinates": [ -74.1288946, 40.863489 ] } },
{ "type": "Feature", "properties": { "id": "08f2a104610d617103777a84fdf2b443", "name": "Little Caesars Pizza", "confidence": 0.99497955735766175, "socials": [ "https://www.facebook.com/613875915435652" ] }, "geometry": { "type": "Point", "coordinates": [ -74.1314271, 40.8657603 ] } },
{ "type": "Feature", "properties": { "id": "08f2a10461548551038ff3647801112d", "name": "Domino's Pizza", "confidence": 0.99497955735766175, "socials": [ "https://www.facebook.com/638012002893626" ] }, "geometry": { "type": "Point", "coordinates": [ -74.133696, 40.8691165 ] } },
{ "type": "Feature", "properties": { "id": "08f2a104610eb0d20396b5f654578c83", "name": "Pizza Stew", "confidence": 0.99497955735766175, "socials": [ "https://www.facebook.com/105154797539382" ] }, "geometry": { "type": "Point", "coordinates": [ -74.1284718, 40.8641833 ] } },
{ "type": "Feature", "properties": { "id": "08f2a104610e9ca2032e986d3d53c6ee", "name": "Pizza Hut", "confidence": 0.99497955735766175, "socials": [ "https://www.facebook.com/115826158438280" ] }, "geometry": { "type": "Point", "coordinates": [ -74.128046, 40.8644742 ] } },
{ "type": "Feature", "properties": { "id": "08f2a104612217740362f4348766c9d1", "name": "Casa Italiano, Pizzeria & Restaurante", "confidence": 0.77, "socials": null }, "geometry": { "type": "Point", "coordinates": [ -74.1237786, 40.8601869 ] } },
{ "type": "Feature", "properties": { "id": "08f2a10461a414e5034f914be8bfe266", "name": "Rosas Pizzeria", "confidence": 0.47268106734434556, "socials": [ "https://www.facebook.com/1424623501139814" ] }, "geometry": { "type": "Point", "coordinates": [ -74.1144999, 40.8624317 ] } },
{ "type": "Feature", "properties": { "id": "08f2a10461061c8603e48664ddd482bb", "name": "Monroe Pizzeria", "confidence": 0.92595108695652173, "socials": [ "https://www.facebook.com/104944029549147" ] }, "geometry": { "type": "Point", "coordinates": [ -74.1240736, 40.8657699 ] } },
{ "type": "Feature", "properties": { "id": "08f2a1046116b74d03f3658706105aa8", "name": "Pizza Time Happy Time", "confidence": 0.99497955735766175, "socials": [ "https://www.facebook.com/106404724530795" ] }, "geometry": { "type": "Point", "coordinates": [ -74.1222416, 40.86697 ] } },
{ "type": "Feature", "properties": { "id": "08f2a10461a0568103f5150a46061d5f", "name": "Gallito's Pizzeria & Bakery", "confidence": 0.77, "socials": null }, "geometry": { "type": "Point", "coordinates": [ -74.1164946, 40.8652728 ] } },
{ "type": "Feature", "properties": { "id": "08f2a1046cc6a799037f56a498d9bee1", "name": "Melisa's Pizza", "confidence": 0.77, "socials": null }, "geometry": { "type": "Point", "coordinates": [ -74.1114247, 40.8544807 ] } },
{ "type": "Feature", "properties": { "id": "08f2a1046cc6a4190326fe2ac0e9acaa", "name": "Giovanni's Pizza and Pasta", "confidence": 0.99497955735766175, "socials": [ "https://www.facebook.com/106057024134154" ] }, "geometry": { "type": "Point", "coordinates": [ -74.111258, 40.854539 ] } },
{ "type": "Feature", "properties": { "id": "08f2a1046c89a95003bdfdcf1512c754", "name": "Presto's Pizza", "confidence": 0.98582594999015549, "socials": [ "https://www.facebook.com/109071695574840" ] }, "geometry": { "type": "Point", "coordinates": [ -74.1094171, 40.8543587 ] } },
{ "type": "Feature", "properties": { "id": "08f2a1046c901d1103ab123c421992ab", "name": "Angelo's Pizza and Pasta", "confidence": 0.9961633011413521, "socials": [ "https://www.facebook.com/1808613542747932" ] }, "geometry": { "type": "Point", "coordinates": [ -74.101274, 40.8579467 ] } },
{ "type": "Feature", "properties": { "id": "08f2a100926886d3030dbdc7abb4c047", "name": "Ricoy Pizzeria And Restaurant", "confidence": 0.9961633011413521, "socials": [ "https://www.facebook.com/217044995164677" ] }, "geometry": { "type": "Point", "coordinates": [ -74.1103153, 40.8616034 ] } },
{ "type": "Feature", "properties": { "id": "08f2a100926202ea0340342bb6471322", "name": "Rose's Pizza", "confidence": 0.93837369560937189, "socials": [ "https://www.facebook.com/547520745107926" ] }, "geometry": { "type": "Point", "coordinates": [ -74.1048111, 40.8635963 ] } },
{ "type": "Feature", "properties": { "id": "08f2a10092298caa0344137b8345f939", "name": "Jumbos Pizza and subs", "confidence": 0.53885630498533721, "socials": [ "https://www.facebook.com/734347809944217" ] }, "geometry": { "type": "Point", "coordinates": [ -74.100795, 40.859928 ] } },
{ "type": "Feature", "properties": { "id": "08f2a10092298ca303ffdf251ed7fa37", "name": "Bella Ciao Pizza Restaurant", "confidence": 0.77, "socials": null }, "geometry": { "type": "Point", "coordinates": [ -74.1008027, 40.8599408 ] } },
{ "type": "Feature", "properties": { "id": "08f2a100920aa5330396383e873d701a", "name": "Sicily Pizzeria Trattoria", "confidence": 0.77, "socials": null }, "geometry": { "type": "Point", "coordinates": [ -74.1012157, 40.868207 ] } },
{ "type": "Feature", "properties": { "id": "08f2a1009b322148030f6df7b84fe71d", "name": "Chicos Pizza and Restaurant", "confidence": 0.97817198851157294, "socials": [ "https://www.facebook.com/128899620306814" ] }, "geometry": { "type": "Point", "coordinates": [ -74.0594596, 40.7909538 ] } },
{ "type": "Feature", "properties": { "id": "08f2a1009b322a90032a63bd1ed5d81f", "name": "La Mia Cucina", "confidence": 0.89393695014662755, "socials": null }, "geometry": { "type": "Point", "coordinates": [ -74.0594101, 40.7909798 ] } },
{ "type": "Feature", "properties": { "id": "08f2a1009bad4cd003f55af4207999ec", "name": "Plaza Pizza", "confidence": 0.97817198851157294, "socials": [ "https://www.facebook.com/1685725328363783" ] }, "geometry": { "type": "Point", "coordinates": [ -74.0572279, 40.7911239 ] } },
{ "type": "Feature", "properties": { "id": "08f2a1009bb4bd70039df9f4db1f4fb4", "name": "Domino's Pizza", "confidence": 0.99497955735766175, "socials": [ "https://www.facebook.com/407110223465692" ] }, "geometry": { "type": "Point", "coordinates": [ -74.0495525, 40.7916405 ] } },
{ "type": "Feature", "properties": { "id": "08f2a1009b1acc6b03d85fa6299f44d5", "name": "Bella Italian Cuisine and Gourmet Food Court", "confidence": 0.77, "socials": null }, "geometry": { "type": "Point", "coordinates": [ -74.0650231, 40.7980982 ] } },
{ "type": "Feature", "properties": { "id": "08f2a1009b8f1a9a033fa7eb53d2ff7a", "name": "Pizza Bite", "confidence": 0.98113699906803353, "socials": [ "https://www.facebook.com/101701099627319" ] }, "geometry": { "type": "Point", "coordinates": [ -74.0583403, 40.7989188 ] } },
{ "type": "Feature", "properties": { "id": "08f2a1009b8f1cd9032e59abf4fcbd74", "name": "IL Forno Brick Oven Pizza", "confidence": 0.77, "socials": null }, "geometry": { "type": "Point", "coordinates": [ -74.0584612, 40.799028 ] } },
{ "type": "Feature", "properties": { "id": "08f2a1009b86343203b81df975ea5b0f", "name": "Pizza Palooza", "confidence": 0.35051546391752575, "socials": [ "https://www.facebook.com/2186965581557172" ] }, "geometry": { "type": "Point", "coordinates": [ -74.0533777, 40.7987832 ] } },
{ "type": "Feature", "properties": { "id": "08f2a1009aac45910331c6f938e9d291", "name": "Best Pizza", "confidence": 0.92595108695652173, "socials": [ "https://www.facebook.com/101146352120592" ] }, "geometry": { "type": "Point", "coordinates": [ -74.0699726, 40.8088567 ] } },
{ "type": "Feature", "properties": { "id": "08f2a1009aa5360c03462a65e8e3b0ba", "name": "Bravo Pizza (K)", "confidence": 0.77, "socials": null }, "geometry": { "type": "Point", "coordinates": [ -74.06931059, 40.8083466 ] } },
{ "type": "Feature", "properties": { "id": "08f2a1009a94d9610385df6cfc8792b7", "name": "503 Bagels & Pizza", "confidence": 0.97817198851157294, "socials": [ "https://www.facebook.com/487757651760276" ] }, "geometry": { "type": "Point", "coordinates": [ -74.0663305, 40.8181053 ] } },
{ "type": "Feature", "properties": { "id": "08f2a1072696b8a0039ca6927dd9ab08", "name": "Nonna Maria Pizzeria Restaurant", "confidence": 0.97817198851157294, "socials": [ "https://www.facebook.com/107370067856911" ] }, "geometry": { "type": "Point", "coordinates": [ -74.0350444, 40.78233 ] } },
{ "type": "Feature", "properties": { "id": "08f2a1072696b8a0036a2f9e0bca0d89", "name": "Nonna Maria Brick Oven Pizza", "confidence": 0.77, "socials": null }, "geometry": { "type": "Point", "coordinates": [ -74.0349237, 40.7823288 ] } },
{ "type": "Feature", "properties": { "id": "08f2a10724595c1e03afd8ee0d8e4491", "name": "Frank's Pizzeria", "confidence": 0.99497955735766175, "socials": [ "https://www.facebook.com/104342136309257" ] }, "geometry": { "type": "Point", "coordinates": [ -74.0331202, 40.7835677 ] } },
{ "type": "Feature", "properties": { "id": "08f2a1072419414403e0b151d842484a", "name": "JOE'S PIZZA UNION City", "confidence": 0.99497955735766175, "socials": [ "https://www.facebook.com/2095778163990021" ] }, "geometry": { "type": "Point", "coordinates": [ -74.0222521, 40.7813778 ] } },
{ "type": "Feature", "properties": { "id": "08f2a10724c7296803bcfbe659abe7df", "name": "Bella Pizza Restaurant", "confidence": 0.77, "socials": null }, "geometry": { "type": "Point", "coordinates": [ -74.019844055175795, 40.7846069335938 ] } },
{ "type": "Feature", "properties": { "id": "08f2a1008a6a920203fbc36c43fb2e4b", "name": "Sal's Pizzeria", "confidence": 0.77, "socials": null }, "geometry": { "type": "Point", "coordinates": [ -74.015447, 40.790513 ] } },
{ "type": "Feature", "properties": { "id": "08f2a1008a6a9a46034ae4f06689896b", "name": "Sal's Pizza Bar", "confidence": 0.97817198851157294, "socials": [ "https://www.facebook.com/205800882848831" ] }, "geometry": { "type": "Point", "coordinates": [ -74.0152413, 40.7904647 ] } },
{ "type": "Feature", "properties": { "id": "08f2a1072481b2d303f6fe5b267c5dee", "name": "West New York Pizza", "confidence": 0.77, "socials": null }, "geometry": { "type": "Point", "coordinates": [ -74.0121212, 40.7822346 ] } },
{ "type": "Feature", "properties": { "id": "08f2a107248b519b03273ac8c7e0cc8a", "name": "La Tinajita Pizzeria Cubana", "confidence": 0.99497955735766175, "socials": [ "https://www.facebook.com/158519670864787" ] }, "geometry": { "type": "Point", "coordinates": [ -74.0146394, 40.7846789 ] } },
{ "type": "Feature", "properties": { "id": "08f2a107249aebac03630954032153ca", "name": "Cella Luna Pizzeria", "confidence": 0.99497955735766175, "socials": [ "https://www.facebook.com/102208589821711" ] }, "geometry": { "type": "Point", "coordinates": [ -74.0113237, 40.7863481 ] } },
{ "type": "Feature", "properties": { "id": "08f2a1072491dd0603463313310e1653", "name": "Original Presto's", "confidence": 0.99497955735766175, "socials": [ "https://www.facebook.com/1031540940219039" ] }, "geometry": { "type": "Point", "coordinates": [ -74.0092227, 40.7856913 ] } },
{ "type": "Feature", "properties": { "id": "08f2a1008a2813a603256d225c6f4562", "name": "Burana Pizzeria Cubana", "confidence": 0.97817198851157294, "socials": [ "https://www.facebook.com/113109982076321" ] }, "geometry": { "type": "Point", "coordinates": [ -74.0063064, 40.7886189 ] } },
{ "type": "Feature", "properties": { "id": "08f2a1008a284848031b1e3fa76d81f1", "name": "New Pizza On The Block", "confidence": 0.99497955735766175, "socials": [ "https://www.facebook.com/111493502223257" ] }, "geometry": { "type": "Point", "coordinates": [ -74.0059325, 40.789413 ] } },
{ "type": "Feature", "properties": { "id": "08f2a10099b4308c03043ae104c30937", "name": "Perfect Pizza", "confidence": 0.97817198851157294, "socials": [ "https://www.facebook.com/278672051622" ] }, "geometry": { "type": "Point", "coordinates": [ -74.019845, 40.7934934 ] } },
{ "type": "Feature", "properties": { "id": "08f2a1008a71e0c9034207a2782bf80e", "name": "Papa John's Pizza", "confidence": 0.99497955735766175, "socials": [ "https://www.facebook.com/130886950316885" ] }, "geometry": { "type": "Point", "coordinates": [ -74.0124636, 40.7936594 ] } },
{ "type": "Feature", "properties": { "id": "08f2a1008a733833038cbb631442414b", "name": "Father and Son Pizzeria", "confidence": 0.97817198851157294, "socials": [ "https://www.facebook.com/1837093363195008" ] }, "geometry": { "type": "Point", "coordinates": [ -74.0115708, 40.7950945 ] } },
{ "type": "Feature", "properties": { "id": "08f2a1008a734495039ea44340e5a366", "name": "El Farolito", "confidence": 0.97817198851157294, "socials": [ "https://www.facebook.com/250997515249539" ] }, "geometry": { "type": "Point", "coordinates": [ -74.0113254, 40.7957556 ] } },
{ "type": "Feature", "properties": { "id": "08f2a1008a46daac03349b7b87705c61", "name": "Pizza Hut", "confidence": 0.99497955735766175, "socials": [ "https://www.facebook.com/163605883667541" ] }, "geometry": { "type": "Point", "coordinates": [ -74.0110227, 40.7963163 ] } },
{ "type": "Feature", "properties": { "id": "08f2a1008a52469903d67dfe69c40a43", "name": "Nick's Pizza", "confidence": 0.98582594999015549, "socials": [ "https://www.facebook.com/103512144601274" ] }, "geometry": { "type": "Point", "coordinates": [ -74.0121914, 40.803067 ] } },
{ "type": "Feature", "properties": { "id": "08f2a1008a193a7003d5054c63b8d4c1", "name": "Gandolfo", "confidence": 0.97817198851157294, "socials": [ "https://www.facebook.com/111737712196464" ] }, "geometry": { "type": "Point", "coordinates": [ -74.0084671, 40.7994465 ] } },
{ "type": "Feature", "properties": { "id": "08f2a1008a19586403f188cb45eeee4d", "name": "Domino's Pizza", "confidence": 0.99497955735766175, "socials": [ "https://www.facebook.com/496749437062552" ] }, "geometry": { "type": "Point", "coordinates": [ -74.007755, 40.8000655 ] } },
{ "type": "Feature", "properties": { "id": "08f2a1009d220a18034012bff89f9e10", "name": "Chuck E. Cheese", "confidence": 0.99497955735766175, "socials": [ "https://www.facebook.com/141537909246482" ] }, "geometry": { "type": "Point", "coordinates": [ -74.0168152, 40.8078398 ] } },
{ "type": "Feature", "properties": { "id": "08f2a1008ad8c4c60388a76b2ec54ea2", "name": "Sole Pizza", "confidence": 0.99497955735766175, "socials": [ "https://www.facebook.com/261216887345902" ] }, "geometry": { "type": "Point", "coordinates": [ -74.0091501, 40.8067797 ] } },
{ "type": "Feature", "properties": { "id": "08f2a1008ada002503275463689d0f5e", "name": "Roma Pizzeria", "confidence": 0.97817198851157294, "socials": [ "https://www.facebook.com/482562921776851" ] }, "geometry": { "type": "Point", "coordinates": [ -74.0081857, 40.8082699 ] } },
{ "type": "Feature", "properties": { "id": "08f2a1009d95dcd80300fc6cde33516f", "name": "Valentino Pizza Kitchen", "confidence": 0.77, "socials": null }, "geometry": { "type": "Point", "coordinates": [ -74.008501, 40.820057 ] } },
{ "type": "Feature", "properties": { "id": "08f2a1046db9e14d032c3fa73b7df40f", "name": "&pizza", "confidence": 0.99497955735766175, "socials": [ "https://www.facebook.com/102704499028999" ] }, "geometry": { "type": "Point", "coordinates": [ -74.0890859, 40.831381 ] } },
{ "type": "Feature", "properties": { "id": "08f2a1046d8e4d89033fb8d54383008e", "name": "Italian Kitchen", "confidence": 0.77, "socials": null }, "geometry": { "type": "Point", "coordinates": [ -74.0884134, 40.8357222 ] } },
{ "type": "Feature", "properties": { "id": "08f2a1046d884361031d057f4ea20e7e", "name": "Master Pizza Carlstadt NJ", "confidence": 0.98331870061457416, "socials": [ "https://www.facebook.com/228274824266383" ] }, "geometry": { "type": "Point", "coordinates": [ -74.0916801, 40.8372172 ] } },
{ "type": "Feature", "properties": { "id": "08f2a100932d85a00389475433682f90", "name": "Amalfi Pizzeria", "confidence": 0.77, "socials": null }, "geometry": { "type": "Point", "coordinates": [ -74.082909, 40.839218 ] } },
{ "type": "Feature", "properties": { "id": "08f2a10093056b210350d4ffd2b3907e", "name": "Pizza Mia & Trattoria", "confidence": 0.77, "socials": null }, "geometry": { "type": "Point", "coordinates": [ -74.0812239, 40.8485998 ] } },
{ "type": "Feature", "properties": { "id": "08f2a100930a3d0c030cb09826c5de5b", "name": "Emilia Romagna Pizza and Ristorante", "confidence": 0.99497955735766175, "socials": [ "https://www.facebook.com/652790101586299" ] }, "geometry": { "type": "Point", "coordinates": [ -74.0852958, 40.8508263 ] } },
{ "type": "Feature", "properties": { "id": "08f2a1009318b402032d17b5794face3", "name": "Domino's Pizza", "confidence": 0.99497955735766175, "socials": [ "https://www.facebook.com/328573483939366" ] }, "geometry": { "type": "Point", "coordinates": [ -74.0844894, 40.851622 ] } },
{ "type": "Feature", "properties": { "id": "08f2a10092b092e103ee4ef1513c88cb", "name": "CJ's Pizza and Good Eats", "confidence": 0.99497955735766175, "socials": [ "https://www.facebook.com/100230398679240" ] }, "geometry": { "type": "Point", "coordinates": [ -74.0840437, 40.8672756 ] } },
{ "type": "Feature", "properties": { "id": "08f2a100906d531103e5ffd0db9c2d81", "name": "Bella Pizza", "confidence": 0.9961633011413521, "socials": [ "https://www.facebook.com/256664147538481" ] }, "geometry": { "type": "Point", "coordinates": [ -74.0789063, 40.8613757 ] } },
{ "type": "Feature", "properties": { "id": "08f2a100906f178b039d5da1d71acd40", "name": "Lovey's Ristorante & Pizzeria", "confidence": 0.77, "socials": null }, "geometry": { "type": "Point", "coordinates": [ -74.0785243, 40.8619817 ] } },
{ "type": "Feature", "properties": { "id": "08f2a1009062609603c0e114c8552e04", "name": "Hasbrouck Heights Pizza", "confidence": 0.99497955735766175, "socials": [ "https://www.facebook.com/100794146632253" ] }, "geometry": { "type": "Point", "coordinates": [ -74.0752184, 40.8650106 ] } },
{ "type": "Feature", "properties": { "id": "08f2a100900ac6a3035ca5678bf0b293", "name": "Corleone's Pizzeria", "confidence": 0.99497955735766175, "socials": [ "https://www.facebook.com/521637404846184" ] }, "geometry": { "type": "Point", "coordinates": [ -74.0705087, 40.869045 ] } },
{ "type": "Feature", "properties": { "id": "08f2a1009035d4300312aec79c66ec5a", "name": "Blaze Pizza", "confidence": 0.99497955735766175, "socials": [ "https://www.facebook.com/126245088031818" ] }, "geometry": { "type": "Point", "coordinates": [ -74.0615925, 40.8608987 ] } },
{ "type": "Feature", "properties": { "id": "08f2a1009124481503fc5b1452df097d", "name": "Piazza Di Pizza", "confidence": 0.99497955735766175, "socials": [ "https://www.facebook.com/105748864176038" ] }, "geometry": { "type": "Point", "coordinates": [ -74.0466809, 40.8413271 ] } },
{ "type": "Feature", "properties": { "id": "08f2a10091a400830321cbd179fecd7a", "name": "Torino Pizzeria Restaurant", "confidence": 0.98296875, "socials": [ "https://www.facebook.com/152940304748639" ] }, "geometry": { "type": "Point", "coordinates": [ -74.0389906, 40.8464243 ] } },
{ "type": "Feature", "properties": { "id": "08f2a10091a6544103055d1fbc9a469d", "name": "Zio's Pizza", "confidence": 0.77, "socials": null }, "geometry": { "type": "Point", "coordinates": [ -74.037205, 40.847154 ] } },
{ "type": "Feature", "properties": { "id": "08f2a10083089c7003227c91766c4bba", "name": "Circle Pizza", "confidence": 0.77, "socials": null }, "geometry": { "type": "Point", "coordinates": [ -74.009808, 40.83254 ] } },
{ "type": "Feature", "properties": { "id": "08f2a100830882f0030a87e8e4e60010", "name": "Ridgefield Food Court", "confidence": 0.53885630498533721, "socials": [ "https://www.facebook.com/421617321228451" ] }, "geometry": { "type": "Point", "coordinates": [ -74.009747, 40.832581 ] } },
{ "type": "Feature", "properties": { "id": "08f2a100830858d4034f925de83922a4", "name": "A Taste of Italy", "confidence": 0.77, "socials": null }, "geometry": { "type": "Point", "coordinates": [ -74.0097445, 40.8339875 ] } },
{ "type": "Feature", "properties": { "id": "08f2a10083084a480366a78e954eddc8", "name": "Pizza Party Time", "confidence": 0.98296875, "socials": [ "https://www.facebook.com/179181475489125" ] }, "geometry": { "type": "Point", "coordinates": [ -74.009764, 40.8341445 ] } },
{ "type": "Feature", "properties": { "id": "08f2a10091b95616033907bc76db6ae1", "name": "CJ's Pizza Box", "confidence": 0.99497955735766175, "socials": [ "https://www.facebook.com/108193159222522" ] }, "geometry": { "type": "Point", "coordinates": [ -74.0445308, 40.8516847 ] } },
{ "type": "Feature", "properties": { "id": "08f2a10091ba20a003ec3cbcf471e387", "name": "Mr Bruno's Pizzeria", "confidence": 0.99497955735766175, "socials": [ "https://www.facebook.com/666540056790155" ] }, "geometry": { "type": "Point", "coordinates": [ -74.0430352, 40.8523309 ] } },
{ "type": "Feature", "properties": { "id": "08f2a100918c3965033fea32a154c6ee", "name": "PizziCotto", "confidence": 0.77, "socials": null }, "geometry": { "type": "Point", "coordinates": [ -74.0455724, 40.8538576 ] } },
{ "type": "Feature", "properties": { "id": "08f2a100827a2c0b03da9451399aefe0", "name": "Neil's Pizzeria", "confidence": 0.99497955735766175, "socials": [ "https://www.facebook.com/120040654678230" ] }, "geometry": { "type": "Point", "coordinates": [ -74.0320122, 40.8501445 ] } },
{ "type": "Feature", "properties": { "id": "08f2a1008277600003f54b50ffbbe0bc", "name": "Little Italy Pizzeria and Restaurant", "confidence": 0.9961633011413521, "socials": [ "https://www.facebook.com/284191721454945" ] }, "geometry": { "type": "Point", "coordinates": [ -74.0267489, 40.8482471 ] } },
{ "type": "Feature", "properties": { "id": "08f2a100953abb580331e14ec8c18377", "name": "Taste of Tuscany", "confidence": 0.77, "socials": null }, "geometry": { "type": "Point", "coordinates": [ -74.0359106, 40.8641462 ] } },
{ "type": "Feature", "properties": { "id": "08f2a10082194c8d03f91924cde5b033", "name": "Domino's Pizza", "confidence": 0.97817198851157294, "socials": [ "https://www.facebook.com/182002202419430" ] }, "geometry": { "type": "Point", "coordinates": [ -74.025581, 40.8556987 ] } },
{ "type": "Feature", "properties": { "id": "08f2a10082ce8cb603df5e79f57befc4", "name": "Dante's Pizza & Restaurant", "confidence": 0.99497955735766175, "socials": [ "https://www.facebook.com/270660026889575" ] }, "geometry": { "type": "Point", "coordinates": [ -74.0251816, 40.8571854 ] } },
{ "type": "Feature", "properties": { "id": "08f2a10082cec42503b70d8e1a78eaa5", "name": "Wahizza", "confidence": 0.77, "socials": null }, "geometry": { "type": "Point", "coordinates": [ -74.024717, 40.857422 ] } },
{ "type": "Feature", "properties": { "id": "08f2a104449199ac034ba09dd6488f73", "name": "Bruno's Pizza & Restaurant", "confidence": 0.99497955735766175, "socials": [ "https://www.facebook.com/228966687154031" ] }, "geometry": { "type": "Point", "coordinates": [ -74.1779562, 40.8732124 ] } },
{ "type": "Feature", "properties": { "id": "08f2a104606d0c1c038c19cfab19aec0", "name": "Slice City", "confidence": 0.77, "socials": null }, "geometry": { "type": "Point", "coordinates": [ -74.1555122, 40.8779845 ] } },
{ "type": "Feature", "properties": { "id": "08f2a104606d0ceb031103144e137f05", "name": "Wahizza", "confidence": 0.77, "socials": null }, "geometry": { "type": "Point", "coordinates": [ -74.155475, 40.877996 ] } },
{ "type": "Feature", "properties": { "id": "08f2a1046060a26503c3edf9f1d24be6", "name": "Tony's Pronto Pizza", "confidence": 0.77, "socials": null }, "geometry": { "type": "Point", "coordinates": [ -74.151947021484403, 40.878936767578097 ] } },
{ "type": "Feature", "properties": { "id": "08f2a1046060a36403a69870f9604029", "name": "Carla Mia Pizzeria", "confidence": 0.9961633011413521, "socials": [ "https://www.facebook.com/2057925887657584" ] }, "geometry": { "type": "Point", "coordinates": [ -74.1519453, 40.8790923 ] } },
{ "type": "Feature", "properties": { "id": "08f2a104639748da03de6cca6a4f4867", "name": "4 Sons Pizza & Grill", "confidence": 0.93346005154639178, "socials": null }, "geometry": { "type": "Point", "coordinates": [ -74.1451464, 40.8741754 ] } },
{ "type": "Feature", "properties": { "id": "08f2a10463974c0d035b45ff8875b2d7", "name": "Fratelli's Pizza & Pasta", "confidence": 0.99497955735766175, "socials": [ "https://www.facebook.com/100243552583602" ] }, "geometry": { "type": "Point", "coordinates": [ -74.1451403, 40.8742433 ] } },
{ "type": "Feature", "properties": { "id": "08f2a10460248131030d13d5b661c3de", "name": "San Remo Pizzeria & Restaurant", "confidence": 0.99497955735766175, "socials": [ "https://www.facebook.com/121704127840242" ] }, "geometry": { "type": "Point", "coordinates": [ -74.1384351, 40.8742421 ] } },
{ "type": "Feature", "properties": { "id": "08f2a1046038b6e10391505baccbb489", "name": "Gallery Bistro", "confidence": 0.77, "socials": null }, "geometry": { "type": "Point", "coordinates": [ -74.143367, 40.8788514 ] } },
{ "type": "Feature", "properties": { "id": "08f2a1046025295a033483c255c1f84a", "name": "Neil's Pizzeria", "confidence": 0.99497955735766175, "socials": [ "https://www.facebook.com/113903015307305" ] }, "geometry": { "type": "Point", "coordinates": [ -74.1407158, 40.8758405 ] } },
{ "type": "Feature", "properties": { "id": "08f2a104603436430343757172703fb0", "name": "Papa John's Pizza", "confidence": 0.99497955735766175, "socials": [ "https://www.facebook.com/168486749867422" ] }, "geometry": { "type": "Point", "coordinates": [ -74.137128, 40.8774857 ] } },
{ "type": "Feature", "properties": { "id": "08f2a10460571aa303f38d1c3f8bbb49", "name": "Alaeddin's Pizza", "confidence": 0.97817198851157294, "socials": [ "https://www.facebook.com/110296501155347" ] }, "geometry": { "type": "Point", "coordinates": [ -74.1499179, 40.8889691 ] } },
{ "type": "Feature", "properties": { "id": "08f2a10460391d8d03cfe9d8a0b0d6f9", "name": "Master Pizza", "confidence": 0.99497955735766175, "socials": [ "https://www.facebook.com/1708551699420496" ] }, "geometry": { "type": "Point", "coordinates": [ -74.1445625, 40.8806191 ] } },
{ "type": "Feature", "properties": { "id": "08f2a1046014d40603f74e0bd36c0be1", "name": "Villa Pizza", "confidence": 0.99497955735766175, "socials": [ "https://www.facebook.com/207051275984363" ] }, "geometry": { "type": "Point", "coordinates": [ -74.1382336, 40.884939 ] } },
{ "type": "Feature", "properties": { "id": "08f2a10460ceca100399443eaeb83353", "name": "Wizeguys pizza and ristorante", "confidence": 0.71069587628865982, "socials": [ "https://www.facebook.com/190997607683320" ] }, "geometry": { "type": "Point", "coordinates": [ -74.1459518, 40.8910566 ] } },
{ "type": "Feature", "properties": { "id": "08f2a10460cecb510355dd8dc2c63acd", "name": "Wize Guys Brick Oven Pizzeria & Restaurant", "confidence": 0.99497955735766175, "socials": [ "https://www.facebook.com/111063568070265" ] }, "geometry": { "type": "Point", "coordinates": [ -74.1458975, 40.8910422 ] } },
{ "type": "Feature", "properties": { "id": "08f2a1046628419d03cabcb59cc4697c", "name": "Piccolo's Pizza & Liquors", "confidence": 0.77, "socials": null }, "geometry": { "type": "Point", "coordinates": [ -74.160847, 40.896334 ] } },
{ "type": "Feature", "properties": { "id": "08f2a104667455190389a16bac2449e5", "name": "Mohammed Abushaar", "confidence": 0.77, "socials": null }, "geometry": { "type": "Point", "coordinates": [ -74.1627802, 40.8982136 ] } },
{ "type": "Feature", "properties": { "id": "08f2a1046676a53203399ed2173c6176", "name": "Sam's Pizza", "confidence": 0.99497955735766175, "socials": [ "https://www.facebook.com/109882490790888" ] }, "geometry": { "type": "Point", "coordinates": [ -74.1626847, 40.8982308 ] } },
{ "type": "Feature", "properties": { "id": "08f2a1055b2c4c0003269e8720386b6a", "name": "Big Papi's Pizza & Island Grill", "confidence": 0.47268106734434556, "socials": [ "https://www.facebook.com/756392724420126" ] }, "geometry": { "type": "Point", "coordinates": [ -74.174399, 40.911965 ] } },
{ "type": "Feature", "properties": { "id": "08f2a1055b2e276803275195028f9d67", "name": "Prima Pizzeria", "confidence": 0.97817198851157294, "socials": [ "https://www.facebook.com/175874506524864" ] }, "geometry": { "type": "Point", "coordinates": [ -74.1740354, 40.9120843 ] } },
{ "type": "Feature", "properties": { "id": "08f2a1046644c4a003a1e2b8f98a4e50", "name": "Century Pizzeria", "confidence": 0.89363057324840767, "socials": [ "https://www.facebook.com/108459607597435" ] }, "geometry": { "type": "Point", "coordinates": [ -74.1674258, 40.9030275 ] } },
{ "type": "Feature", "properties": { "id": "08f2a104661a1db5037035f7a02dc6e5", "name": "Domino's Pizza", "confidence": 0.99497955735766175, "socials": [ "https://www.facebook.com/100771078374065" ] }, "geometry": { "type": "Point", "coordinates": [ -74.1601918, 40.9071835 ] } },
{ "type": "Feature", "properties": { "id": "08f2a10460c6086103db98578d824b2c", "name": "Lefty's Pizzeria", "confidence": 0.98331870061457416, "socials": [ "https://www.facebook.com/559870910763673" ] }, "geometry": { "type": "Point", "coordinates": [ -74.1423359, 40.8920599 ] } },
{ "type": "Feature", "properties": { "id": "08f2a10460da10230368ccdc2e4a0701", "name": "Jersey Sub & Pizza", "confidence": 0.77, "socials": null }, "geometry": { "type": "Point", "coordinates": [ -74.1466779, 40.8967021 ] } },
{ "type": "Feature", "properties": { "id": "08f2a1046684a22b032d55c3ddd56b3a", "name": "Marcello's Pizzeria", "confidence": 0.71069587628865982, "socials": [ "https://www.facebook.com/114166425274787" ] }, "geometry": { "type": "Point", "coordinates": [ -74.148828, 40.905501 ] } },
{ "type": "Feature", "properties": { "id": "08f2a10466b758d2036034d5e8f1859d", "name": "Marcello's Pizza", "confidence": 0.77, "socials": null }, "geometry": { "type": "Point", "coordinates": [ -74.1438097, 40.9028969 ] } },
{ "type": "Feature", "properties": { "id": "08f2a1046180e69c034a22c3d97a18ea", "name": "Pizza Studio", "confidence": 0.98331870061457416, "socials": [ "https://www.facebook.com/234886903043864" ] }, "geometry": { "type": "Point", "coordinates": [ -74.120136, 40.8731278 ] } },
{ "type": "Feature", "properties": { "id": "08f2a104656cb62903d947e0fc8a14e6", "name": "Botany Village Pizzeria", "confidence": 0.99497955735766175, "socials": [ "https://www.facebook.com/265429960627593" ] }, "geometry": { "type": "Point", "coordinates": [ -74.1239715, 40.876745 ] } },
{ "type": "Feature", "properties": { "id": "08f2a1046198c9b103289f9930204b9b", "name": "Little Caesars Pizza", "confidence": 0.41176470588235292, "socials": [ "https://www.facebook.com/274781915930098" ] }, "geometry": { "type": "Point", "coordinates": [ -74.120815, 40.875277 ] } },
{ "type": "Feature", "properties": { "id": "08f2a10465781d64034b1a4ecd4b4161", "name": "Osteria Pizzeria Ristorante", "confidence": 0.77, "socials": null }, "geometry": { "type": "Point", "coordinates": [ -74.1236748, 40.883526 ] } },
{ "type": "Feature", "properties": { "id": "08f2a10465758c440317854ea059b1e0", "name": "A&S Pizza Restaurant", "confidence": 0.99497955735766175, "socials": [ "https://www.facebook.com/114107685093380" ] }, "geometry": { "type": "Point", "coordinates": [ -74.1187102, 40.8805711 ] } },
{ "type": "Feature", "properties": { "id": "08f2a1046575898103c9c0a3abb5f23f", "name": "Pizza Club", "confidence": 0.77, "socials": null }, "geometry": { "type": "Point", "coordinates": [ -74.1185822, 40.8806132 ] } },
{ "type": "Feature", "properties": { "id": "08f2a1046574c6f5035ff79d64af3123", "name": "Santoni's Pizzeria and Restaurant", "confidence": 0.97817198851157294, "socials": [ "https://www.facebook.com/116286771726815" ] }, "geometry": { "type": "Point", "coordinates": [ -74.117108, 40.880401 ] } },
{ "type": "Feature", "properties": { "id": "08f2a10465090aee03e294d6c284ac00", "name": "Mamma Mia's Pizzeria ", "confidence": 0.99497955735766175, "socials": [ "https://www.facebook.com/220741941123212" ] }, "geometry": { "type": "Point", "coordinates": [ -74.1191152, 40.886829 ] } },
{ "type": "Feature", "properties": { "id": "08f2a100925ab4ce03305c252434ecf5", "name": "Cruz pizziera", "confidence": 0.53885630498533721, "socials": [ "https://www.facebook.com/582567212420243" ] }, "geometry": { "type": "Point", "coordinates": [ -74.10976, 40.87275 ] } },
{ "type": "Feature", "properties": { "id": "08f2a1009255336c037cef9107e06bc1", "name": "Garfield Pizza Chicken & Ribs", "confidence": 0.77, "socials": null }, "geometry": { "type": "Point", "coordinates": [ -74.105877801775932, 40.87081276230424 ] } },
{ "type": "Feature", "properties": { "id": "08f2a1009254ed140321a361140af877", "name": "Aileen's Cafe and Pizzeria", "confidence": 0.99497955735766175, "socials": [ "https://www.facebook.com/110842741688019" ] }, "geometry": { "type": "Point", "coordinates": [ -74.1042822, 40.8704957 ] } },
{ "type": "Feature", "properties": { "id": "08f2a10092504169030617e4ca54dbfa", "name": "La Sicilia", "confidence": 0.89393695014662755, "socials": null }, "geometry": { "type": "Point", "coordinates": [ -74.106049, 40.873986 ] } },
{ "type": "Feature", "properties": { "id": "08f2a10092504ab403028b6c01ebc1ca", "name": "Garfield Brick Oven Pizza", "confidence": 0.31588785046728973, "socials": [ "https://www.facebook.com/328453037238535" ] }, "geometry": { "type": "Point", "coordinates": [ -74.106043, 40.873976 ] } },
{ "type": "Feature", "properties": { "id": "08f2a10092c9e8d0032343bb4e7c03bc", "name": "Pazza Luna Restaurant & Pizzeria", "confidence": 0.99497955735766175, "socials": [ "https://www.facebook.com/324021694373463" ] }, "geometry": { "type": "Point", "coordinates": [ -74.105919, 40.8759497 ] } },
{ "type": "Feature", "properties": { "id": "08f2a10092c438c103f54ab8c3795ea5", "name": "Village Grill", "confidence": 0.53885630498533721, "socials": [ "https://www.facebook.com/103148787937205" ] }, "geometry": { "type": "Point", "coordinates": [ -74.098049, 40.873514 ] } },
{ "type": "Feature", "properties": { "id": "08f2a10092ca50ed039f0212e35509d0", "name": "Pizza Mania", "confidence": 0.97817198851157294, "socials": [ "https://www.facebook.com/267860569991620" ] }, "geometry": { "type": "Point", "coordinates": [ -74.1027416, 40.8770845 ] } },
{ "type": "Feature", "properties": { "id": "08f2a10092d4ec730324593f34120f65", "name": "Nino's Restaurant and Pizzeria", "confidence": 0.99497955735766175, "socials": [ "https://www.facebook.com/100352975039030" ] }, "geometry": { "type": "Point", "coordinates": [ -74.0958042, 40.8760761 ] } },
{ "type": "Feature", "properties": { "id": "08f2a10465065818039d944e4943dc33", "name": "The Firehouse Family Restaurant & Bar", "confidence": 0.77, "socials": null }, "geometry": { "type": "Point", "coordinates": [ -74.1092453, 40.8849806 ] } },
{ "type": "Feature", "properties": { "id": "08f2a1046511bcde03b38fd17639d23b", "name": "La Bella Pizza", "confidence": 0.98582594999015549, "socials": [ "https://www.facebook.com/103890958361303" ] }, "geometry": { "type": "Point", "coordinates": [ -74.1130618, 40.8883689 ] } },
{ "type": "Feature", "properties": { "id": "08f2a100965a9d06034f95c9e532173d", "name": "The Full Stomach", "confidence": 0.53885630498533721, "socials": [ "https://www.facebook.com/123034461572912" ] }, "geometry": { "type": "Point", "coordinates": [ -74.096814, 40.889988 ] } },
{ "type": "Feature", "properties": { "id": "08f2a10464269aa303fca681b9ab1d2c", "name": "Pizza Town USA", "confidence": 0.97817198851157294, "socials": [ "https://www.facebook.com/907040749313022" ] }, "geometry": { "type": "Point", "coordinates": [ -74.1224523, 40.8934256 ] } },
{ "type": "Feature", "properties": { "id": "08f2a10465c186040394012f25d211d0", "name": "Pizza Town USA", "confidence": 0.77, "socials": null }, "geometry": { "type": "Point", "coordinates": [ -74.1172963, 40.893641 ] } },
{ "type": "Feature", "properties": { "id": "08f2a10464ac6530036ad77fdea8c8bb", "name": "Squared", "confidence": 0.97817198851157294, "socials": [ "https://www.facebook.com/101581798682064" ] }, "geometry": { "type": "Point", "coordinates": [ -74.1209279, 40.9003224 ] } },
{ "type": "Feature", "properties": { "id": "08f2a10464af3add038f2c637140724d", "name": "Francesca Pizza & Pasta - Elmwood Park", "confidence": 0.77, "socials": null }, "geometry": { "type": "Point", "coordinates": [ -74.1209235, 40.9003265 ] } },
{ "type": "Feature", "properties": { "id": "08f2a10464a41b5c03cfa14ca6ac8413", "name": "Leone's New York Pizzeria", "confidence": 0.77, "socials": null }, "geometry": { "type": "Point", "coordinates": [ -74.1153734, 40.8992751 ] } },
{ "type": "Feature", "properties": { "id": "08f2a1046580c2d00377ee4cf32136d6", "name": "The Hearth Tavern", "confidence": 0.77, "socials": null }, "geometry": { "type": "Point", "coordinates": [ -74.1044734, 40.8912418 ] } },
{ "type": "Feature", "properties": { "id": "08f2a10465d2481b033e7f9a9893c1f7", "name": "Domino's Pizza", "confidence": 0.99497955735766175, "socials": [ "https://www.facebook.com/461232127605467" ] }, "geometry": { "type": "Point", "coordinates": [ -74.1127633, 40.8986298 ] } },
{ "type": "Feature", "properties": { "id": "08f2a1054b68c483032555f08639cd0e", "name": "Vito's Pizzeria and Restaurant", "confidence": 0.99497955735766175, "socials": [ "https://www.facebook.com/658887427539323" ] }, "geometry": { "type": "Point", "coordinates": [ -74.1115586, 40.8992299 ] } },
{ "type": "Feature", "properties": { "id": "08f2a1009659e0a403a9208a7abb0954", "name": "La Bella Pizza", "confidence": 0.77, "socials": null }, "geometry": { "type": "Point", "coordinates": [ -74.0981, 40.89203 ] } },
{ "type": "Feature", "properties": { "id": "08f2a1009643602b039e42874d61229f", "name": "Brother's Pizza", "confidence": 0.93346005154639178, "socials": null }, "geometry": { "type": "Point", "coordinates": [ -74.0949006, 40.8913515 ] } },
{ "type": "Feature", "properties": { "id": "08f2a1054b29e9710309e405b27338e8", "name": "Pizza Hut", "confidence": 0.99497955735766175, "socials": [ "https://www.facebook.com/111702438866435" ] }, "geometry": { "type": "Point", "coordinates": [ -74.1023733, 40.8974336 ] } },
{ "type": "Feature", "properties": { "id": "08f2a1054b2ae7040354340ba2e43032", "name": "Donna's Pizza", "confidence": 0.99497955735766175, "socials": [ "https://www.facebook.com/108863521405223" ] }, "geometry": { "type": "Point", "coordinates": [ -74.1003225, 40.8979773 ] } },
{ "type": "Feature", "properties": { "id": "08f2a1054b2abd0603080bce6f3118ae", "name": "Mr Bruno's Pizza", "confidence": 0.99497955735766175, "socials": [ "https://www.facebook.com/103809374817464" ] }, "geometry": { "type": "Point", "coordinates": [ -74.0997439, 40.8972299 ] } },
{ "type": "Feature", "properties": { "id": "08f2a1054b2ad28b0316e078cb431789", "name": "Papa John's Pizza", "confidence": 0.99497955735766175, "socials": [ "https://www.facebook.com/686555974836714" ] }, "geometry": { "type": "Point", "coordinates": [ -74.0989578, 40.8971344 ] } },
{ "type": "Feature", "properties": { "id": "08f2a1054b21e5540333231c423608c1", "name": "Mario's Pizza and Pasta", "confidence": 0.99497955735766175, "socials": [ "https://www.facebook.com/211829318975167" ] }, "geometry": { "type": "Point", "coordinates": [ -74.0983799, 40.8973126 ] } },
{ "type": "Feature", "properties": { "id": "08f2a1054b20027103cfd5896efab2d8", "name": "The Plank Pizza Co. Beer Parlor", "confidence": 0.97817198851157294, "socials": [ "https://www.facebook.com/120628098278943" ] }, "geometry": { "type": "Point", "coordinates": [ -74.0965625, 40.8974913 ] } },
{ "type": "Feature", "properties": { "id": "08f2a1054b8e068e035343682ccc5e39", "name": "Grumpy's Pizza Company", "confidence": 0.99497955735766175, "socials": [ "https://www.facebook.com/107931185063237" ] }, "geometry": { "type": "Point", "coordinates": [ -74.0919709, 40.9090325 ] } },
{ "type": "Feature", "properties": { "id": "08f2a1054b8e06ab0367d14b45ff480a", "name": "Enzo's Pizza & Grill", "confidence": 0.77, "socials": null }, "geometry": { "type": "Point", "coordinates": [ -74.0919353, 40.9090857 ] } },
{ "type": "Feature", "properties": { "id": "08f2a1054b8e06e103ca98ce77327ee6", "name": "Buon Giorno Pizzeria Restaurant", "confidence": 0.77, "socials": null }, "geometry": { "type": "Point", "coordinates": [ -74.091876, 40.909057 ] } },
{ "type": "Feature", "properties": { "id": "08f2a1055b2022450376d3a3716ba766", "name": "331 Main Pizzeria", "confidence": 0.99497955735766175, "socials": [ "https://www.facebook.com/693965870644496" ] }, "geometry": { "type": "Point", "coordinates": [ -74.1732002, 40.9138687 ] } },
{ "type": "Feature", "properties": { "id": "08f2a1055b2022450336a2173c618480", "name": "MAIN PIZZERIA", "confidence": 0.77, "socials": null }, "geometry": { "type": "Point", "coordinates": [ -74.1731113, 40.9138941 ] } },
{ "type": "Feature", "properties": { "id": "08f2a1055b23133003d4df262c1ee478", "name": "Cruz Center City Pizza", "confidence": 0.98582594999015549, "socials": [ "https://www.facebook.com/525915637584585" ] }, "geometry": { "type": "Point", "coordinates": [ -74.1723112, 40.9147986 ] } },
{ "type": "Feature", "properties": { "id": "08f2a1055b2342110356fa1a8835b3dc", "name": "Domino's Pizza", "confidence": 0.99497955735766175, "socials": [ "https://www.facebook.com/177334372433343" ] }, "geometry": { "type": "Point", "coordinates": [ -74.1726882, 40.9154018 ] } },
{ "type": "Feature", "properties": { "id": "08f2a1055b3a96e40320eaeb07ef3045", "name": "Pizza City", "confidence": 0.98113699906803353, "socials": [ "https://www.facebook.com/1559984244112611" ] }, "geometry": { "type": "Point", "coordinates": [ -74.1732245, 40.9158554 ] } },
{ "type": "Feature", "properties": { "id": "08f2a1055b31c0d5032e66fad0ec14f9", "name": "Pizza Hut Express", "confidence": 0.97553503184713375, "socials": [ "https://www.facebook.com/100870269958226" ] }, "geometry": { "type": "Point", "coordinates": [ -74.1714971, 40.9164665 ] } },
{ "type": "Feature", "properties": { "id": "08f2a1055b3a06e503227a8aba1a4005", "name": "Ellison Pizza and Deli", "confidence": 0.97817198851157294, "socials": [ "https://www.facebook.com/416273381728220" ] }, "geometry": { "type": "Point", "coordinates": [ -74.1738452, 40.917383 ] } },
{ "type": "Feature", "properties": { "id": "08f2a1055b3a5aaa032fc596f495c8c5", "name": "Giovanni's Pizza", "confidence": 0.97817198851157294, "socials": [ "https://www.facebook.com/115433381807875" ] }, "geometry": { "type": "Point", "coordinates": [ -74.1729008, 40.9174282 ] } },
{ "type": "Feature", "properties": { "id": "08f2a1055b0a500b03d4bc950be046ec", "name": "Little Ceasars", "confidence": 0.99497955735766175, "socials": [ "https://www.facebook.com/471912879534312" ] }, "geometry": { "type": "Point", "coordinates": [ -74.1779356, 40.9226788 ] } },
{ "type": "Feature", "properties": { "id": "08f2a1055b04ed26036e085245e67128", "name": "Broadway Pizza", "confidence": 0.97817198851157294, "socials": [ "https://www.facebook.com/111614142210142" ] }, "geometry": { "type": "Point", "coordinates": [ -74.1728786, 40.918928 ] } },
{ "type": "Feature", "properties": { "id": "08f2a1055b0439b2034e77460109c7b1", "name": "Brooklyn Pizza", "confidence": 0.91798695246971107, "socials": [ "https://www.facebook.com/108318537964225" ] }, "geometry": { "type": "Point", "coordinates": [ -74.1730258, 40.9192229 ] } },
{ "type": "Feature", "properties": { "id": "08f2a1055b043d24035dca80e5ef2f09", "name": "Momo's Fish Chicken Pizza", "confidence": 0.47268106734434556, "socials": [ "https://www.facebook.com/2076719445914333" ] }, "geometry": { "type": "Point", "coordinates": [ -74.1730255, 40.9192255 ] } },
{ "type": "Feature", "properties": { "id": "08f2a1055b06824003c22223cd01a6c7", "name": "Joe's Pizzeria", "confidence": 0.99497955735766175, "socials": [ "https://www.facebook.com/120763334605094" ] }, "geometry": { "type": "Point", "coordinates": [ -74.1711871, 40.9189164 ] } },
{ "type": "Feature", "properties": { "id": "08f2a1055baf560c03b7d8ef61689164", "name": "Papa John's Pizza", "confidence": 0.99497955735766175, "socials": [ "https://www.facebook.com/197728723585029" ] }, "geometry": { "type": "Point", "coordinates": [ -74.1662751, 40.9180797 ] } },
{ "type": "Feature", "properties": { "id": "08f2a1055ba292d303f2fb31efdc21da", "name": "Little Caesars", "confidence": 0.41176470588235292, "socials": [ "https://www.facebook.com/510655452378934" ] }, "geometry": { "type": "Point", "coordinates": [ -74.16241, 40.91874 ] } },
{ "type": "Feature", "properties": { "id": "08f2a105596334b003fe95ddb4daee35", "name": "Arturo's Pizzeria & Restaurant", "confidence": 0.99497955735766175, "socials": [ "https://www.facebook.com/385040678526002" ] }, "geometry": { "type": "Point", "coordinates": [ -74.1544887, 40.9183321 ] } },
{ "type": "Feature", "properties": { "id": "08f2a105592e4d6b03eb8ba76c742db4", "name": "Frank and Joe's Pizza", "confidence": 0.97817198851157294, "socials": [ "https://www.facebook.com/1403882576519320" ] }, "geometry": { "type": "Point", "coordinates": [ -74.143053, 40.9135395 ] } },
{ "type": "Feature", "properties": { "id": "08f2a105592e48b603d64ff845b69552", "name": "33rd Pizza", "confidence": 0.92595108695652173, "socials": [ "https://www.facebook.com/284617771410385" ] }, "geometry": { "type": "Point", "coordinates": [ -74.1430516, 40.9135918 ] } },
{ "type": "Feature", "properties": { "id": "08f2a1055957396b038195aaf7b77939", "name": "Pizza Stop", "confidence": 0.99497955735766175, "socials": [ "https://www.facebook.com/122093793536019817" ] }, "geometry": { "type": "Point", "coordinates": [ -74.1518853, 40.926143 ] } },
{ "type": "Feature", "properties": { "id": "08f2a10559c91d08036bf8bd409b05b8", "name": "Patsy's Tavern and Restaurant", "confidence": 0.97817198851157294, "socials": [ "https://www.facebook.com/112117845471209" ] }, "geometry": { "type": "Point", "coordinates": [ -74.1530268, 40.9308354 ] } },
{ "type": "Feature", "properties": { "id": "08f2a1055830ba0d031aea1bc5d54fa3", "name": "Rico's Pizzeria", "confidence": 0.21337126600284495, "socials": [ "https://www.facebook.com/1543553219225012" ] }, "geometry": { "type": "Point", "coordinates": [ -74.156075, 40.934217 ] } },
{ "type": "Feature", "properties": { "id": "08f2a10559ca8b6103461afe63692f70", "name": "Taormina", "confidence": 0.93837369560937189, "socials": [ "https://www.facebook.com/240638329336625" ] }, "geometry": { "type": "Point", "coordinates": [ -74.1500076, 40.9302566 ] } },
{ "type": "Feature", "properties": { "id": "08f2a10558015c5203cb18e90f31992b", "name": "Jersey Boys Pizza", "confidence": 0.99497955735766175, "socials": [ "https://www.facebook.com/107337484323085" ] }, "geometry": { "type": "Point", "coordinates": [ -74.1617599, 40.9414294 ] } },
{ "type": "Feature", "properties": { "id": "08f2a10558a11b450363c7598b0b5f21", "name": "Tony's Pizza", "confidence": 0.97817198851157294, "socials": [ "https://www.facebook.com/115542301809084" ] }, "geometry": { "type": "Point", "coordinates": [ -74.1509477, 40.938422 ] } },
{ "type": "Feature", "properties": { "id": "08f2a10558a11ba503d7465621121c76", "name": "Tony's Pizza", "confidence": 0.77, "socials": null }, "geometry": { "type": "Point", "coordinates": [ -74.1510397, 40.9386096 ] } },
{ "type": "Feature", "properties": { "id": "08f2a10558b0ebad037cc372248158ae", "name": "Silk City Pizza", "confidence": 0.77, "socials": null }, "geometry": { "type": "Point", "coordinates": [ -74.1477369, 40.9405704 ] } },
{ "type": "Feature", "properties": { "id": "08f2a1055898284b03a876f6844e5d3f", "name": "Hawthorne's Best Pizza", "confidence": 0.93346005154639178, "socials": null }, "geometry": { "type": "Point", "coordinates": [ -74.154893, 40.9491195 ] } },
{ "type": "Feature", "properties": { "id": "08f2a1055896a08e03b10515675e4762", "name": "Veris Pizza & Restaurant", "confidence": 0.77, "socials": null }, "geometry": { "type": "Point", "coordinates": [ -74.1473699, 40.9462535 ] } },
{ "type": "Feature", "properties": { "id": "08f2a1055c66446e0388cfcd600b8129", "name": "Enza's Ristorante", "confidence": 0.97817198851157294, "socials": [ "https://www.facebook.com/114136925285114" ] }, "geometry": { "type": "Point", "coordinates": [ -74.1514054, 40.9530594 ] } },
{ "type": "Feature", "properties": { "id": "08f2a1054a78b1a203f8c9ebaa17a6e6", "name": "Stefano's Pizza", "confidence": 0.99497955735766175, "socials": [ "https://www.facebook.com/116108875077314" ] }, "geometry": { "type": "Point", "coordinates": [ -74.1255423, 40.9192388 ] } },
{ "type": "Feature", "properties": { "id": "08f2a1054a636483039d9f2446d13b16", "name": "Singas Famous Pizza", "confidence": 0.99497955735766175, "socials": [ "https://www.facebook.com/1927701324199060" ] }, "geometry": { "type": "Point", "coordinates": [ -74.1243532, 40.9195994 ] } },
{ "type": "Feature", "properties": { "id": "08f2a1055992d35e031b69223a81ca47", "name": "Ray's Pizza", "confidence": 0.97817198851157294, "socials": [ "https://www.facebook.com/443190799185697" ] }, "geometry": { "type": "Point", "coordinates": [ -74.1323689, 40.9307612 ] } },
{ "type": "Feature", "properties": { "id": "08f2a105599663360323063b03b7bb49", "name": "Zevy's Pizza", "confidence": 0.99497955735766175, "socials": [ "https://www.facebook.com/102931577916173" ] }, "geometry": { "type": "Point", "coordinates": [ -74.1313777, 40.9296222 ] } },
{ "type": "Feature", "properties": { "id": "08f2a1055d283589039db838a7ddf2b7", "name": "Spot - Neighborhood Pizzeria and Grill", "confidence": 0.77, "socials": null }, "geometry": { "type": "Point", "coordinates": [ -74.1331698, 40.93349 ] } },
{ "type": "Feature", "properties": { "id": "08f2a1055d28aa19035efb1d36e9fd38", "name": "Benjy's Kosher Pizza", "confidence": 0.99497955735766175, "socials": [ "https://www.facebook.com/1157716380984424" ] }, "geometry": { "type": "Point", "coordinates": [ -74.1325724, 40.9326028 ] } },
{ "type": "Feature", "properties": { "id": "08f2a1054ac5662203ee5190e2723e54", "name": "Two Guys Pizza & Grill", "confidence": 0.97817198851157294, "socials": [ "https://www.facebook.com/280927550447" ] }, "geometry": { "type": "Point", "coordinates": [ -74.1173087, 40.929708 ] } },
{ "type": "Feature", "properties": { "id": "08f2a1054a35170a0376a5555020ffeb", "name": "Gaby's Pizza and Grill", "confidence": 0.99497955735766175, "socials": [ "https://www.facebook.com/2070690703256409" ] }, "geometry": { "type": "Point", "coordinates": [ -74.1096137, 40.9158618 ] } },
{ "type": "Feature", "properties": { "id": "08f2a1054a158b5003fad32290ae3748", "name": "Valentino's Pizza & Pasta", "confidence": 0.99497955735766175, "socials": [ "https://www.facebook.com/102553122926193" ] }, "geometry": { "type": "Point", "coordinates": [ -74.1099542, 40.923301 ] } },
{ "type": "Feature", "properties": { "id": "08f2a1054a16d5960353da8edb469444", "name": "Domino's Pizza", "confidence": 0.99497955735766175, "socials": [ "https://www.facebook.com/578942638813073" ] }, "geometry": { "type": "Point", "coordinates": [ -74.1088439, 40.9235386 ] } },
{ "type": "Feature", "properties": { "id": "08f2a1054a16d91b03172a8aa56e51ef", "name": "Biby's Empanadas and Pizza", "confidence": 0.92595108695652173, "socials": [ "https://www.facebook.com/335787423844355" ] }, "geometry": { "type": "Point", "coordinates": [ -74.1083769, 40.9236512 ] } },
{ "type": "Feature", "properties": { "id": "08f2a1054ab91120031094dfbbf5d512", "name": "Biby's Empanadas & Pizza", "confidence": 0.77, "socials": null }, "geometry": { "type": "Point", "coordinates": [ -74.1075871, 40.9239825 ] } },
{ "type": "Feature", "properties": { "id": "08f2a1055d76a2ee033ae2161d2fa01a", "name": "John’s pizza restaurant", "confidence": 0.35051546391752575, "socials": [ "https://www.facebook.com/106989298641216" ] }, "geometry": { "type": "Point", "coordinates": [ -74.13392, 40.93583 ] } },
{ "type": "Feature", "properties": { "id": "08f2a1055daa9a4c0309eecdf754207f", "name": "El Grecco Pizza", "confidence": 0.77, "socials": null }, "geometry": { "type": "Point", "coordinates": [ -74.1221149, 40.9385248 ] } },
{ "type": "Feature", "properties": { "id": "08f2a1055da2a456032ec438d798b7fd", "name": "Biagio's Pasta & Pizza", "confidence": 0.97817198851157294, "socials": [ "https://www.facebook.com/113534792014026" ] }, "geometry": { "type": "Point", "coordinates": [ -74.1192775, 40.9391411 ] } },
{ "type": "Feature", "properties": { "id": "08f2a1055da2a60e037faf301b63c10e", "name": "Biagio's Pizza & Pasta", "confidence": 0.77, "socials": null }, "geometry": { "type": "Point", "coordinates": [ -74.119213, 40.9390303 ] } },
{ "type": "Feature", "properties": { "id": "08f2a1054e04a79603b65588ff2d1bf6", "name": "Ness Pizza House", "confidence": 0.97817198851157294, "socials": [ "https://www.facebook.com/205896722780032" ] }, "geometry": { "type": "Point", "coordinates": [ -74.0989307, 40.9389499 ] } },
{ "type": "Feature", "properties": { "id": "08f2a1054ecb1006034d0d4a79945462", "name": "Turvinos", "confidence": 0.71069587628865982, "socials": [ "https://www.facebook.com/116190918408371" ] }, "geometry": { "type": "Point", "coordinates": [ -74.1075978, 40.9511869 ] } },
{ "type": "Feature", "properties": { "id": "08f2a1009284221a03c602d399178d8a", "name": "Pizza Zone", "confidence": 0.99497955735766175, "socials": [ "https://www.facebook.com/236996573320400" ] }, "geometry": { "type": "Point", "coordinates": [ -74.0876212, 40.8712127 ] } },
{ "type": "Feature", "properties": { "id": "08f2a1009295246203f1f54a8c4802a8", "name": "Scardino's Pizzeria and Restaurant", "confidence": 0.99497955735766175, "socials": [ "https://www.facebook.com/202706396548082" ] }, "geometry": { "type": "Point", "coordinates": [ -74.0868089, 40.8734805 ] } },
{ "type": "Feature", "properties": { "id": "08f2a1009295a9a10332a4d65f86a228", "name": "Pizzi...Cotto By Alessio", "confidence": 0.98331870061457416, "socials": [ "https://www.facebook.com/105049491448638" ] }, "geometry": { "type": "Point", "coordinates": [ -74.0866862, 40.8735799 ] } },
{ "type": "Feature", "properties": { "id": "08f2a100962da53203b5bb5c89c18953", "name": "Napoli Pizza", "confidence": 0.97817198851157294, "socials": [ "https://www.facebook.com/772625436132695" ] }, "geometry": { "type": "Point", "coordinates": [ -74.0850739, 40.876339 ] } },
{ "type": "Feature", "properties": { "id": "08f2a100962cb27203e81d7852c50266", "name": "Curioni's Pizza", "confidence": 0.97817198851157294, "socials": [ "https://www.facebook.com/170829696284447" ] }, "geometry": { "type": "Point", "coordinates": [ -74.0827882, 40.8752826 ] } },
{ "type": "Feature", "properties": { "id": "08f2a1009672c1a103489e09dd4e081e", "name": "Lodi Pizza Restaurant", "confidence": 0.97817198851157294, "socials": [ "https://www.facebook.com/179019528779411" ] }, "geometry": { "type": "Point", "coordinates": [ -74.0881436, 40.8847949 ] } },
{ "type": "Feature", "properties": { "id": "08f2a1009672cd18032f552c0dc24ff8", "name": "Lodi Pizza Restaurant", "confidence": 0.77, "socials": null }, "geometry": { "type": "Point", "coordinates": [ -74.08795891, 40.8849205 ] } },
{ "type": "Feature", "properties": { "id": "08f2a1009600bb8503bb2b77da120458", "name": "Stand Up Pies", "confidence": 0.99497955735766175, "socials": [ "https://www.facebook.com/197574330882182" ] }, "geometry": { "type": "Point", "coordinates": [ -74.0834067, 40.8860459 ] } },
{ "type": "Feature", "properties": { "id": "08f2a10096b5a3b503546ab71f9336f1", "name": "Ellio's", "confidence": 0.87645687645687642, "socials": [ "https://www.facebook.com/111676275552082" ] }, "geometry": { "type": "Point", "coordinates": [ -74.0699272, 40.8841751 ] } },
{ "type": "Feature", "properties": { "id": "08f2a10090d5c060033cdf851a6c482a", "name": "Wize Guys Pizzeria & Restaurant", "confidence": 0.99497955735766175, "socials": [ "https://www.facebook.com/197017656991024" ] }, "geometry": { "type": "Point", "coordinates": [ -74.0667975, 40.8769712 ] } },
{ "type": "Feature", "properties": { "id": "08f2a100944ea4a603107c4636106bee", "name": "Pizza Pros", "confidence": 0.77, "socials": null }, "geometry": { "type": "Point", "coordinates": [ -74.0656316, 40.8876795 ] } },
{ "type": "Feature", "properties": { "id": "08f2a10094059cce03e1011c443a0f9c", "name": "Giovanni's Pizza", "confidence": 0.98582594999015549, "socials": [ "https://www.facebook.com/111613002211324" ] }, "geometry": { "type": "Point", "coordinates": [ -74.0522111, 40.8847008 ] } },
{ "type": "Feature", "properties": { "id": "08f2a1009401355d034c2616850fbfd7", "name": "The Picco Tavern", "confidence": 0.77, "socials": null }, "geometry": { "type": "Point", "coordinates": [ -74.0553984, 40.8883071 ] } },
{ "type": "Feature", "properties": { "id": "08f2a1009698acd603174078629b857f", "name": "Essex Street Pizza", "confidence": 0.77, "socials": null }, "geometry": { "type": "Point", "coordinates": [ -74.0777213, 40.8945937 ] } },
{ "type": "Feature", "properties": { "id": "08f2a10096988246033cfeb52ebf8bce", "name": "Essex Pizzeria", "confidence": 0.77, "socials": null }, "geometry": { "type": "Point", "coordinates": [ -74.0776124, 40.8947942 ] } },
{ "type": "Feature", "properties": { "id": "08f2a100968328e603c272018f4c890e", "name": "Bucco's Ristorante", "confidence": 0.77, "socials": null }, "geometry": { "type": "Point", "coordinates": [ -74.07589799, 40.89421303 ] } },
{ "type": "Feature", "properties": { "id": "08f2a10549cc935b03b2d3d1629f3d51", "name": "Maestro Pizza", "confidence": 0.97817198851157294, "socials": [ "https://www.facebook.com/106031084797240" ] }, "geometry": { "type": "Point", "coordinates": [ -74.072933, 40.909942 ] } },
{ "type": "Feature", "properties": { "id": "08f2a10549194c8e0328277096033592", "name": "Torino Pizza", "confidence": 0.77, "socials": null }, "geometry": { "type": "Point", "coordinates": [ -74.072838, 40.909885 ] } },
{ "type": "Feature", "properties": { "id": "08f2a10549cc84a903f7d72c19dcdfda", "name": "Domino's Pizza", "confidence": 0.99497955735766175, "socials": [ "https://www.facebook.com/147974048728275" ] }, "geometry": { "type": "Point", "coordinates": [ -74.0735589, 40.9106199 ] } },
{ "type": "Feature", "properties": { "id": "08f2a10094dac90b03310023d2cc16fd", "name": "Papa John's Pizza", "confidence": 0.99497955735766175, "socials": [ "https://www.facebook.com/140595999339527" ] }, "geometry": { "type": "Point", "coordinates": [ -74.056056, 40.8989979 ] } },
{ "type": "Feature", "properties": { "id": "08f2a1054914e4d103509ecef2a2a1ea", "name": "Mario's Pizza", "confidence": 0.99497955735766175, "socials": [ "https://www.facebook.com/123065244116023" ] }, "geometry": { "type": "Point", "coordinates": [ -74.0650847, 40.9058889 ] } },
{ "type": "Feature", "properties": { "id": "08f2a10549ab30c403bb53710dd673e6", "name": "Angelo's Pizzeria", "confidence": 0.77, "socials": null }, "geometry": { "type": "Point", "coordinates": [ -74.0633226, 40.904661 ] } },
{ "type": "Feature", "properties": { "id": "08f2a10549a85406032c0e288d9f8e3b", "name": "Amici's Restaurant", "confidence": 0.97817198851157294, "socials": [ "https://www.facebook.com/103834264926408" ] }, "geometry": { "type": "Point", "coordinates": [ -74.062219, 40.9040711 ] } },
{ "type": "Feature", "properties": { "id": "08f2a1009556dd8903f8c028977c4aa3", "name": "Joseph Pizzeria and Restaurant", "confidence": 0.99497955735766175, "socials": [ "https://www.facebook.com/108529207374919" ] }, "geometry": { "type": "Point", "coordinates": [ -74.0419622, 40.8726024 ] } },
{ "type": "Feature", "properties": { "id": "08f2a1009426c48603cc143bb4652f4e", "name": "Pizza Hut", "confidence": 0.99497955735766175, "socials": [ "https://www.facebook.com/121596027851068" ] }, "geometry": { "type": "Point", "coordinates": [ -74.0473352, 40.878007 ] } },
{ "type": "Feature", "properties": { "id": "08f2a10095162c05030f9254f559818f", "name": "Master Pizza", "confidence": 0.99497955735766175, "socials": [ "https://www.facebook.com/383529232239506" ] }, "geometry": { "type": "Point", "coordinates": [ -74.0330339, 40.8712005 ] } },
{ "type": "Feature", "properties": { "id": "08f2a100959ad4ae0394a0754021c314", "name": "Morales Pizzeria Restaurant", "confidence": 0.77, "socials": null }, "geometry": { "type": "Point", "coordinates": [ -74.0294844, 40.8782215 ] } },
{ "type": "Feature", "properties": { "id": "08f2a10095d967490330fa4d3a51304b", "name": "Evoli Pizzeria And Bistro", "confidence": 0.99497955735766175, "socials": [ "https://www.facebook.com/105787401145185" ] }, "geometry": { "type": "Point", "coordinates": [ -74.0442286, 40.8813476 ] } },
{ "type": "Feature", "properties": { "id": "08f2a10095d910ac039c932ca6d4a45e", "name": "ASAP Pizza", "confidence": 0.77, "socials": null }, "geometry": { "type": "Point", "coordinates": [ -74.043647, 40.880646 ] } },
{ "type": "Feature", "properties": { "id": "08f2a10094a2b8060343d4dc7fd72c2d", "name": "Crown Fried Chicken & Pizza", "confidence": 0.77, "socials": null }, "geometry": { "type": "Point", "coordinates": [ -74.0419882, 40.8855981 ] } },
{ "type": "Feature", "properties": { "id": "08f2a10094b0169a034d9d03d835b358", "name": "Mark's Pizza & Restaurant", "confidence": 0.77, "socials": null }, "geometry": { "type": "Point", "coordinates": [ -74.04052, 40.88818 ] } },
{ "type": "Feature", "properties": { "id": "08f2a10094b0456a03e3b151c029c977", "name": "Domino's Pizza", "confidence": 0.99497955735766175, "socials": [ "https://www.facebook.com/404607229659119" ] }, "geometry": { "type": "Point", "coordinates": [ -74.0403005, 40.8890379 ] } },
{ "type": "Feature", "properties": { "id": "08f2a10095b62cd9032c478cc5efe761", "name": "Angelo's Pizza", "confidence": 0.99497955735766175, "socials": [ "https://www.facebook.com/250662314980218" ] }, "geometry": { "type": "Point", "coordinates": [ -74.0223061, 40.8693453 ] } },
{ "type": "Feature", "properties": { "id": "08f2a100864a8033037a7c9cc2d42d77", "name": "Papa's Pizzeria", "confidence": 0.97817198851157294, "socials": [ "https://www.facebook.com/117141351637275" ] }, "geometry": { "type": "Point", "coordinates": [ -74.0213166, 40.8729932 ] } },
{ "type": "Feature", "properties": { "id": "08f2a100959732c803dc0836baae0971", "name": "Morales Deli Pizza and Latin Food", "confidence": 0.99497955735766175, "socials": [ "https://www.facebook.com/545895045565670" ] }, "geometry": { "type": "Point", "coordinates": [ -74.025473, 40.8762919 ] } },
{ "type": "Feature", "properties": { "id": "08f2a100865808a3038f8745d601cc36", "name": "Papa John's Pizza", "confidence": 0.99497955735766175, "socials": [ "https://www.facebook.com/200521669976241" ] }, "geometry": { "type": "Point", "coordinates": [ -74.0206457, 40.8760912 ] } },
{ "type": "Feature", "properties": { "id": "08f2a100b301447203384f3c1b141829", "name": "Victor's Pizzeria & Italian Restaurant", "confidence": 0.99497955735766175, "socials": [ "https://www.facebook.com/880885075271464" ] }, "geometry": { "type": "Point", "coordinates": [ -74.024761, 40.8899366 ] } },
{ "type": "Feature", "properties": { "id": "08f2a100b302dd4a033092383d667494", "name": "Roberto's Pizzeria", "confidence": 0.9961633011413521, "socials": [ "https://www.facebook.com/107883172075582" ] }, "geometry": { "type": "Point", "coordinates": [ -74.021265, 40.8889356 ] } },
{ "type": "Feature", "properties": { "id": "08f2a100b302ca6d03791692496af0b2", "name": "Coliseum Pizzeria", "confidence": 0.77, "socials": null }, "geometry": { "type": "Point", "coordinates": [ -74.0212448, 40.8890896 ] } },
{ "type": "Feature", "properties": { "id": "08f2a1009482a92103d099d7c3f24075", "name": "Henry's Pizzeria & Restaurant", "confidence": 0.77, "socials": null }, "geometry": { "type": "Point", "coordinates": [ -74.043873, 40.893677 ] } },
{ "type": "Feature", "properties": { "id": "08f2a1009482a9a203bd6343ea9585d7", "name": "Fratelli's Pizzeria", "confidence": 0.77, "socials": null }, "geometry": { "type": "Point", "coordinates": [ -74.043943, 40.8937477 ] } },
{ "type": "Feature", "properties": { "id": "08f2a100948266c2038e091c27cb670b", "name": "Angelina's Pizzeria & Restaurant", "confidence": 0.99497955735766175, "socials": [ "https://www.facebook.com/125489994180910" ] }, "geometry": { "type": "Point", "coordinates": [ -74.0443307, 40.8948289 ] } },
{ "type": "Feature", "properties": { "id": "08f2a100b22ac34b0337771257718d33", "name": "Pizza Hut Express", "confidence": 0.77, "socials": null }, "geometry": { "type": "Point", "coordinates": [ -74.039005, 40.899127 ] } },
{ "type": "Feature", "properties": { "id": "08f2a100b22b68ec031d2d1f70d5d378", "name": "Late Nite Hackensack Pizza & Steak", "confidence": 0.99497955735766175, "socials": [ "https://www.facebook.com/104109578402012" ] }, "geometry": { "type": "Point", "coordinates": [ -74.0414122, 40.9008535 ] } },
{ "type": "Feature", "properties": { "id": "08f2a100b3404a0203fe36c99e07d3a8", "name": "Car Road Towing LLC", "confidence": 0.35051546391752575, "socials": [ "https://www.facebook.com/462551844218719" ] }, "geometry": { "type": "Point", "coordinates": [ -74.03373, 40.89184 ] } },
{ "type": "Feature", "properties": { "id": "08f2a100b2235a1d035ea16697130717", "name": "Brooklyn's Brick Oven Pizzeria", "confidence": 0.97817198851157294, "socials": [ "https://www.facebook.com/120335057983398" ] }, "geometry": { "type": "Point", "coordinates": [ -74.0361566, 40.9004334 ] } },
{ "type": "Feature", "properties": { "id": "08f2a100b20d9098030be82958f86602", "name": "Prestos Pizza", "confidence": 0.99497955735766175, "socials": [ "https://www.facebook.com/1474556066094711" ] }, "geometry": { "type": "Point", "coordinates": [ -74.0422476, 40.9034193 ] } },
{ "type": "Feature", "properties": { "id": "08f2a100b20f37b603f1b7a632247d5d", "name": "Pizza Knight", "confidence": 0.77, "socials": null }, "geometry": { "type": "Point", "coordinates": [ -74.0420611, 40.9052638 ] } },
{ "type": "Feature", "properties": { "id": "08f2a100b20f2d4103a02f8150834c54", "name": "House Of Pizza", "confidence": 0.77, "socials": null }, "geometry": { "type": "Point", "coordinates": [ -74.042109, 40.905819 ] } },
{ "type": "Feature", "properties": { "id": "08f2a100b20f2866033f319e9d0fd785", "name": "New House of Pizza", "confidence": 0.77, "socials": null }, "geometry": { "type": "Point", "coordinates": [ -74.0419234, 40.9057448 ] } },
{ "type": "Feature", "properties": { "id": "08f2a100b2bb28b4033518e548d3607a", "name": "Napoli Mania Pizza", "confidence": 0.99497955735766175, "socials": [ "https://www.facebook.com/210449782351488" ] }, "geometry": { "type": "Point", "coordinates": [ -74.0315085, 40.9088564 ] } },
{ "type": "Feature", "properties": { "id": "08f2a100b28edad503109fdd1518c463", "name": "Napoli Mania Pizza", "confidence": 0.77, "socials": null }, "geometry": { "type": "Point", "coordinates": [ -74.0305082, 40.9096693 ] } },
{ "type": "Feature", "properties": { "id": "08f2a100b030066603e089d829f6c219", "name": "EJ's Place", "confidence": 0.97817198851157294, "socials": [ "https://www.facebook.com/697195453671556" ] }, "geometry": { "type": "Point", "coordinates": [ -74.0045901, 40.9027 ] } },
{ "type": "Feature", "properties": { "id": "08f2a1054838822a038133ea0ba3794c", "name": "Woodstone Pizza Bar & Grill", "confidence": 0.99497955735766175, "socials": [ "https://www.facebook.com/137522009666597" ] }, "geometry": { "type": "Point", "coordinates": [ -74.0844302, 40.9179462 ] } },
{ "type": "Feature", "properties": { "id": "08f2a1054824c961035b338dc9eea796", "name": "Milan Pizza", "confidence": 0.99497955735766175, "socials": [ "https://www.facebook.com/402484846778218" ] }, "geometry": { "type": "Point", "coordinates": [ -74.0796269, 40.9135579 ] } },
{ "type": "Feature", "properties": { "id": "08f2a10548aca34803249404046478af", "name": "Villa Italian Kitchen Plaza Blvd Paramus", "confidence": 0.77, "socials": null }, "geometry": { "type": "Point", "coordinates": [ -74.0762757, 40.9181658 ] } },
{ "type": "Feature", "properties": { "id": "08f2a1054836a9a603e92337f346e54b", "name": "California Pizza Kitchen", "confidence": 0.99497955735766175, "socials": [ "https://www.facebook.com/199570580173953" ] }, "geometry": { "type": "Point", "coordinates": [ -74.0773028, 40.9187224 ] } },
{ "type": "Feature", "properties": { "id": "08f2a1054993372203a157e780d4b8d2", "name": "Villa Fresh Italian Kitchen", "confidence": 0.99497955735766175, "socials": [ "https://www.facebook.com/111237615614601" ] }, "geometry": { "type": "Point", "coordinates": [ -74.0596725, 40.9152645 ] } },
{ "type": "Feature", "properties": { "id": "08f2a1054993066303c11130a296648d", "name": "Villa Italian Kitchen Paramus", "confidence": 0.77, "socials": null }, "geometry": { "type": "Point", "coordinates": [ -74.05924, 40.9156379 ] } },
{ "type": "Feature", "properties": { "id": "08f2a1054d64e36203a88a234d13b21c", "name": "Pizza Hut Express", "confidence": 0.98113699906803353, "socials": [ "https://www.facebook.com/1393182840762742" ] }, "geometry": { "type": "Point", "coordinates": [ -74.0609975, 40.9160444 ] } },
{ "type": "Feature", "properties": { "id": "08f2a1054d61260e0360c832dd84b0b5", "name": "Blaze Pizza", "confidence": 0.99497955735766175, "socials": [ "https://www.facebook.com/349399535512470" ] }, "geometry": { "type": "Point", "coordinates": [ -74.0657309, 40.9199665 ] } },
{ "type": "Feature", "properties": { "id": "08f2a10548b6c0480351d85051edf560", "name": "La Bella Roma Pizzeria", "confidence": 0.99497955735766175, "socials": [ "https://www.facebook.com/103786846411269" ] }, "geometry": { "type": "Point", "coordinates": [ -74.0678946, 40.9223311 ] } },
{ "type": "Feature", "properties": { "id": "08f2a1054c0e2c58037d1e9587cb83bb", "name": "Ethan's Pizza", "confidence": 0.77, "socials": null }, "geometry": { "type": "Point", "coordinates": [ -74.0721914, 40.941644 ] } },
{ "type": "Feature", "properties": { "id": "08f2a1054c0e282e03cf533da1e152e0", "name": "Pizza", "confidence": 0.71069587628865982, "socials": [ "https://www.facebook.com/102610601428737" ] }, "geometry": { "type": "Point", "coordinates": [ -74.07197, 40.9416674 ] } },
{ "type": "Feature", "properties": { "id": "08f2a1054c11b080034a3effdadd0c9b", "name": "Carini's House of Iron", "confidence": 0.91103789126853374, "socials": [ "https://www.facebook.com/100250253658236" ] }, "geometry": { "type": "Point", "coordinates": [ -74.0700669, 40.9451077 ] } },
{ "type": "Feature", "properties": { "id": "08f2a1054cc36bab03b14dde8acdcdfd", "name": "Nonna's Pizza & Ristorante", "confidence": 0.81907539118065431, "socials": null }, "geometry": { "type": "Point", "coordinates": [ -74.07366, 40.952856 ] } },
{ "type": "Feature", "properties": { "id": "08f2a1054dd8452d03f5f4c15fa72581", "name": "Pizza Court", "confidence": 0.47268106734434556, "socials": [ "https://www.facebook.com/298459160573150" ] }, "geometry": { "type": "Point", "coordinates": [ -74.05949, 40.93633 ] } },
{ "type": "Feature", "properties": { "id": "08f2a1056b40d498032e332b5d028487", "name": "Ralphy's Pizza Restaurant", "confidence": 0.99497955735766175, "socials": [ "https://www.facebook.com/195869414182825" ] }, "geometry": { "type": "Point", "coordinates": [ -74.0507291, 40.9455591 ] } },
{ "type": "Feature", "properties": { "id": "08f2a1056a680cc403ae18d664ae0daa", "name": "Ray's #1 Pizza", "confidence": 0.77, "socials": null }, "geometry": { "type": "Point", "coordinates": [ -74.0691853, 40.9569034 ] } },
{ "type": "Feature", "properties": { "id": "08f2a100b2c93b5a031a11de8da65f6c", "name": "Chuck E. Cheese", "confidence": 0.99497955735766175, "socials": [ "https://www.facebook.com/395989853940732" ] }, "geometry": { "type": "Point", "coordinates": [ -74.0478357, 40.9149199 ] } },
{ "type": "Feature", "properties": { "id": "08f2a100b67a092c03424353b24f736e", "name": "Joseph's Pizzeria", "confidence": 0.97817198851157294, "socials": [ "https://www.facebook.com/108630324227810" ] }, "geometry": { "type": "Point", "coordinates": [ -74.0342261, 40.9242153 ] } },
{ "type": "Feature", "properties": { "id": "08f2a100b655248503f84947c2cc49c0", "name": "Sanducci's Pizza Kitchen", "confidence": 0.89363057324840767, "socials": [ "https://www.facebook.com/274787932721822" ] }, "geometry": { "type": "Point", "coordinates": [ -74.0338783, 40.9290324 ] } },
{ "type": "Feature", "properties": { "id": "08f2a100b6016462035f95c080cbb265", "name": "Roman Pizza and Restaurant", "confidence": 0.99497955735766175, "socials": [ "https://www.facebook.com/1813279865626563" ] }, "geometry": { "type": "Point", "coordinates": [ -74.0268626, 40.9269029 ] } },
{ "type": "Feature", "properties": { "id": "08f2a100b6d912aa0310f4c3875dd023", "name": "River Edge Pizza Kitchen", "confidence": 0.97817198851157294, "socials": [ "https://www.facebook.com/529954957025816" ] }, "geometry": { "type": "Point", "coordinates": [ -74.0309093, 40.9364755 ] } },
{ "type": "Feature", "properties": { "id": "08f2a1056b85650503b05e0bb219651c", "name": "Calabria Pizza", "confidence": 0.99497955735766175, "socials": [ "https://www.facebook.com/343485022527943" ] }, "geometry": { "type": "Point", "coordinates": [ -74.0320719, 40.9483278 ] } },
{ "type": "Feature", "properties": { "id": "08f2a1056b932434038e0d20bc710361", "name": "Bella Italia Pizzeria", "confidence": 0.98296875, "socials": [ "https://www.facebook.com/156482650881423" ] }, "geometry": { "type": "Point", "coordinates": [ -74.0315353, 40.9537465 ] } },
{ "type": "Feature", "properties": { "id": "08f2a1056b93243403a6607f269c479a", "name": "Pronto Pizza", "confidence": 0.77, "socials": null }, "geometry": { "type": "Point", "coordinates": [ -74.0314205, 40.9537427 ] } },
{ "type": "Feature", "properties": { "id": "08f2a105696a4008032b3bdc209de397", "name": "Soprano's Pizzeria", "confidence": 0.77, "socials": null }, "geometry": { "type": "Point", "coordinates": [ -74.0217634, 40.9406447 ] } },
{ "type": "Feature", "properties": { "id": "08f2a105696a40080390597df855e426", "name": "Sopranos Pizzeria and Restaurant", "confidence": 0.97817198851157294, "socials": [ "https://www.facebook.com/121591317854856" ] }, "geometry": { "type": "Point", "coordinates": [ -74.02174, 40.9406009 ] } },
{ "type": "Feature", "properties": { "id": "08f2a105690968360311484e359bd526", "name": "Big Jim's Pizzeria", "confidence": 0.99497955735766175, "socials": [ "https://www.facebook.com/139509232768694" ] }, "geometry": { "type": "Point", "coordinates": [ -74.0166015, 40.9457378 ] } },
{ "type": "Feature", "properties": { "id": "08f2a1008a3a3446039461c54214971f", "name": "Antonio's Pizzeria", "confidence": 0.93346005154639178, "socials": null }, "geometry": { "type": "Point", "coordinates": [ -74.003889, 40.79219 ] } },
{ "type": "Feature", "properties": { "id": "08f2a1008a02b7140301eaa6965d3f07", "name": "Palermo", "confidence": 0.99497955735766175, "socials": [ "https://www.facebook.com/193754673973185" ] }, "geometry": { "type": "Point", "coordinates": [ -74.0035233, 40.796206 ] } },
{ "type": "Feature", "properties": { "id": "08f2a1008a1561a6033de04aee9c8108", "name": "Aumm Aumm", "confidence": 0.97817198851157294, "socials": [ "https://www.facebook.com/923016467717072" ] }, "geometry": { "type": "Point", "coordinates": [ -74.0023142, 40.7978523 ] } },
{ "type": "Feature", "properties": { "id": "08f2a1008e61351803d2ac21a9d6ce9c", "name": "Angelo's Pizzeria and Restaurant", "confidence": 0.9961633011413521, "socials": [ "https://www.facebook.com/134035616766870" ] }, "geometry": { "type": "Point", "coordinates": [ -74.0009005, 40.8103828 ] } },
{ "type": "Feature", "properties": { "id": "08f2a1008e4e224303b65e7598d2f532", "name": "Garden Pizza", "confidence": 0.99497955735766175, "socials": [ "https://www.facebook.com/273008442755287" ] }, "geometry": { "type": "Point", "coordinates": [ -74.0026024, 40.8161577 ] } },
{ "type": "Feature", "properties": { "id": "08f2a100839820990301a4edb84a3553", "name": "K Pizza", "confidence": 0.97817198851157294, "socials": [ "https://www.facebook.com/227381214029761" ] }, "geometry": { "type": "Point", "coordinates": [ -74.0007092, 40.8421742 ] } },
{ "type": "Feature", "properties": { "id": "08f2a1055c4211800342dc466bc15838", "name": "Tastee Pizza", "confidence": 0.97817198851157294, "socials": [ "https://www.facebook.com/101101112680339" ] }, "geometry": { "type": "Point", "coordinates": [ -74.1561224, 40.9627416 ] } },
{ "type": "Feature", "properties": { "id": "08f2a1055cca635303cbf04c5f6ae7fe", "name": "Franco's Pizzeria", "confidence": 0.77, "socials": null }, "geometry": { "type": "Point", "coordinates": [ -74.152442932128906, 40.968685150146499 ] } },
{ "type": "Feature", "properties": { "id": "08f2a1055cd99861038c38223b8cd522", "name": "Franco Pizza", "confidence": 0.87871664548919948, "socials": null }, "geometry": { "type": "Point", "coordinates": [ -74.1520088, 40.9692974 ] } },
{ "type": "Feature", "properties": { "id": "08f2a10551ca275103478142f93cbc0a", "name": "Wyckoff Pizza", "confidence": 0.97817198851157294, "socials": [ "https://www.facebook.com/779634768783357" ] }, "geometry": { "type": "Point", "coordinates": [ -74.1687407, 40.9864207 ] } },
{ "type": "Feature", "properties": { "id": "08f2a1054252c04e03229b9faeb8710d", "name": "Pizzaiolo By Brothers", "confidence": 0.77, "socials": null }, "geometry": { "type": "Point", "coordinates": [ -74.139319, 40.9839213 ] } },
{ "type": "Feature", "properties": { "id": "08f2a10542cd674203ea77c6ad2d63e8", "name": "Pizzaiolo By Brothers", "confidence": 0.77, "socials": null }, "geometry": { "type": "Point", "coordinates": [ -74.1392715, 40.9844468 ] } },
{ "type": "Feature", "properties": { "id": "08f2a1054252596003842e5c670a395e", "name": "Pizzaiolo by Brothers", "confidence": 0.98331870061457416, "socials": [ "https://www.facebook.com/39322176979" ] }, "geometry": { "type": "Point", "coordinates": [ -74.139121, 40.9848799 ] } },
{ "type": "Feature", "properties": { "id": "08f2a1055556165903bf6b8f47545614", "name": "JP's Gourmet", "confidence": 0.99497955735766175, "socials": [ "https://www.facebook.com/109197398103026" ] }, "geometry": { "type": "Point", "coordinates": [ -74.1534501, 40.9996612 ] } },
{ "type": "Feature", "properties": { "id": "08f2a105555612ab03f3f1418bb7d2bf", "name": "Domino's Pizza", "confidence": 0.99497955735766175, "socials": [ "https://www.facebook.com/1728623464042371" ] }, "geometry": { "type": "Point", "coordinates": [ -74.152859, 40.9998445 ] } },
{ "type": "Feature", "properties": { "id": "08f2a105550b5259038cfdb56bf29e22", "name": "Rosario's Trattoria", "confidence": 0.77, "socials": null }, "geometry": { "type": "Point", "coordinates": [ -74.1521865, 40.9977865 ] } },
{ "type": "Feature", "properties": { "id": "08f2a1054349d91503fb67f5324f2bae", "name": "John's Boy Pizzeria", "confidence": 0.97817198851157294, "socials": [ "https://www.facebook.com/182171111845144" ] }, "geometry": { "type": "Point", "coordinates": [ -74.1320888, 40.9624845 ] } },
{ "type": "Feature", "properties": { "id": "08f2a105434ab706032cfd590b3e8217", "name": "Francesca Brick Oven Pizza & Pasta", "confidence": 0.99497955735766175, "socials": [ "https://www.facebook.com/196397460403158" ] }, "geometry": { "type": "Point", "coordinates": [ -74.1306044, 40.9623309 ] } },
{ "type": "Feature", "properties": { "id": "08f2a10542b8e50e036ced3df15f7bc3", "name": "Santoni's Pizzeria and Restaurant", "confidence": 0.97817198851157294, "socials": [ "https://www.facebook.com/373775522729185" ] }, "geometry": { "type": "Point", "coordinates": [ -74.1239375, 40.9784859 ] } },
{ "type": "Feature", "properties": { "id": "08f2a105407b210a03c034412e660217", "name": "Renato's Pizza", "confidence": 0.97817198851157294, "socials": [ "https://www.facebook.com/115871311768093" ] }, "geometry": { "type": "Point", "coordinates": [ -74.1137819, 40.97791 ] } },
{ "type": "Feature", "properties": { "id": "08f2a10542b306d20315b0724731adc0", "name": "S. Egidio Pizze Salumi Espresso", "confidence": 0.97817198851157294, "socials": [ "https://www.facebook.com/501855806610869" ] }, "geometry": { "type": "Point", "coordinates": [ -74.1202032, 40.9802267 ] } },
{ "type": "Feature", "properties": { "id": "08f2a10542b2539e0302d08b265db1fc", "name": "Brooklyn's Brick Oven Pizzeria", "confidence": 0.97817198851157294, "socials": [ "https://www.facebook.com/116733985017686" ] }, "geometry": { "type": "Point", "coordinates": [ -74.1178139, 40.9799616 ] } },
{ "type": "Feature", "properties": { "id": "08f2a10542b25996039f91fa9d974681", "name": "Best of Everything Deli", "confidence": 0.97817198851157294, "socials": [ "https://www.facebook.com/296487813782414" ] }, "geometry": { "type": "Point", "coordinates": [ -74.1177243, 40.9802202 ] } },
{ "type": "Feature", "properties": { "id": "08f2a1054040a763030f24349fe5d72b", "name": "La Bella Pizza", "confidence": 0.99497955735766175, "socials": [ "https://www.facebook.com/450166271755937" ] }, "geometry": { "type": "Point", "coordinates": [ -74.1134136, 40.9807721 ] } },
{ "type": "Feature", "properties": { "id": "08f2a10541a7459e030a079eaf74aa89", "name": "Anthony Francos", "confidence": 0.97817198851157294, "socials": [ "https://www.facebook.com/136235919803424" ] }, "geometry": { "type": "Point", "coordinates": [ -74.0736261, 40.9584251 ] } },
{ "type": "Feature", "properties": { "id": "08f2a10541971a2303dfef3c6b3dc501", "name": "Famous Pizza Paramus", "confidence": 0.99497955735766175, "socials": [ "https://www.facebook.com/111834861001847" ] }, "geometry": { "type": "Point", "coordinates": [ -74.0736697, 40.9678929 ] } },
{ "type": "Feature", "properties": { "id": "08f2a10541971b1903a45cbb80ba1214", "name": "Scardino Pizzeria", "confidence": 0.77, "socials": null }, "geometry": { "type": "Point", "coordinates": [ -74.073617, 40.968001 ] } },
{ "type": "Feature", "properties": { "id": "08f2a10541971b7103b76c825cfed523", "name": "King Pizza", "confidence": 0.71069587628865982, "socials": [ "https://www.facebook.com/517323365274043" ] }, "geometry": { "type": "Point", "coordinates": [ -74.073551, 40.967987 ] } },
{ "type": "Feature", "properties": { "id": "08f2a1056a00b940038ce5a03c58a39b", "name": "Savino's Pizza", "confidence": 0.99497955735766175, "socials": [ "https://www.facebook.com/260494304123956" ] }, "geometry": { "type": "Point", "coordinates": [ -74.0561424, 40.9609633 ] } },
{ "type": "Feature", "properties": { "id": "08f2a1054582acac036adcccef3c6f03", "name": "Original Pizza", "confidence": 0.99497955735766175, "socials": [ "https://www.facebook.com/450561688366011" ] }, "geometry": { "type": "Point", "coordinates": [ -74.0631337, 40.9859205 ] } },
{ "type": "Feature", "properties": { "id": "08f2a1056c69cca80340483ec84bb3fd", "name": "Francos Pizzeria and Restaurant", "confidence": 0.99497955735766175, "socials": [ "https://www.facebook.com/508000059255401" ] }, "geometry": { "type": "Point", "coordinates": [ -74.025757, 40.976307 ] } },
{ "type": "Feature", "properties": { "id": "08f2a105617826f5030a8c3f68a3edb9", "name": "Broadway Pizzeria", "confidence": 0.99497955735766175, "socials": [ "https://www.facebook.com/122905771081901" ] }, "geometry": { "type": "Point", "coordinates": [ -74.0395723, 40.9973796 ] } },
{ "type": "Feature", "properties": { "id": "08f2a1056e9a4d8b03c86e8f095d0fa8", "name": "Lisa's Pizza", "confidence": 0.99497955735766175, "socials": [ "https://www.facebook.com/223085081155362" ] }, "geometry": { "type": "Point", "coordinates": [ -74.0345356, 40.9908245 ] } },
{ "type": "Feature", "properties": { "id": "08f2a10561293495031ffc32c45846a2", "name": "Tony D's Pizza", "confidence": 0.97817198851157294, "socials": [ "https://www.facebook.com/111747338855606" ] }, "geometry": { "type": "Point", "coordinates": [ -74.0319378, 40.9923067 ] } },
{ "type": "Feature", "properties": { "id": "08f2a105612967ae0366188595ef0cd8", "name": "Luciano's Pizzeria & Baked Goods", "confidence": 0.97817198851157294, "socials": [ "https://www.facebook.com/301748099685910" ] }, "geometry": { "type": "Point", "coordinates": [ -74.031954, 40.9929077 ] } },
{ "type": "Feature", "properties": { "id": "08f2a10561295a6003374ae6b6fb2ddd", "name": "Pompilio's Pizzeria & Restaurant", "confidence": 0.99497955735766175, "socials": [ "https://www.facebook.com/117798871580623" ] }, "geometry": { "type": "Point", "coordinates": [ -74.0303459, 40.9926344 ] } },
{ "type": "Feature", "properties": { "id": "08f2a1056c4a54500367ebeb7c3c5f33", "name": "Domino's Pizza", "confidence": 0.99497955735766175, "socials": [ "https://www.facebook.com/135910963280376" ] }, "geometry": { "type": "Point", "coordinates": [ -74.0254033, 40.9853288 ] } },
{ "type": "Feature", "properties": { "id": "08f2a1019261e59d033e9de646de396e", "name": "Oak Tree Pizza & Pasta", "confidence": 0.77, "socials": null }, "geometry": { "type": "Point", "coordinates": [ -74.0079551, 40.9952936 ] } },
{ "type": "Feature", "properties": { "id": "08f2a1019260b8ab03334526369081fb", "name": "Cousin's Pizza", "confidence": 0.99497955735766175, "socials": [ "https://www.facebook.com/136229879793027" ] }, "geometry": { "type": "Point", "coordinates": [ -74.0058612, 40.9942521 ] } },
{ "type": "Feature", "properties": { "id": "08f2a1019260eb2003e395f3764aa299", "name": "Francesca's Pizzeria", "confidence": 0.77, "socials": null }, "geometry": { "type": "Point", "coordinates": [ -74.005835, 40.994894 ] } }
]
}
